date,description,counterparty,debit,credit,balance,account,category
2024-01-01,Water bill,Punjab Chemgicals,16218,0,-20592402,Bank,Utilities
2024-01-01,IBC small tank invoice,TCSd Courier,0,231155,1258052,Cash,Sales - IBC Tanks
2024-01-01,Reconditioned barrel sale,Metro Traders,0,141632,-19725677,Bank,Sales - Refurbished Drums
2024-01-01,Transport expense,Punjab Chemicals,39511,0,-19121775,Cash,Freight & Conveyance
2024-01-01,Purchase IBC small tanks,Al-Baraka Bank,672577,0,7344345,Cash,Purchases - IBC Tanks
2024-01-01,Paint and coating drums,M Ehtisham,20475,0,-18290749,Bank,Refurbishing Costs
2024-01-01,Purchase steel drums,Bank Al Falah,339757,0,-20640028,Cash,Purchases - Steel Drums
2024-01-01,Godown rent,HTG Petro,29126,0,-8501169,Cash,Rent
2024-01-01,Office rent,Pakistan Drums Co,51457,0,1997899,Cash,Rent
2024-01-01,Sundry hcharges,Local Supplier,9011,0,-19266490,Cash,Miscellaneous
2024-01-01,Online transfepr fee,TCS Courier,2705,0,-753521,Cash,Bank Charges
2024-01-01,Delivery charges,pakistan drums co,28725,0,5266207,Bank,Freight & Conveyance
2024-01-01,Steel drums disgpatched,Walk-in Customer,0,86688,-10234606,Cash,Sales - Steel Drums
2024-01-01,Cheqvue book charges,Pakistan Drums Co,4923,0,5062973,Bank,Bank Charges
2024-01-01,Customer payment plastic drums,HTG Petro,0,179998,418214,Cash,Sales - Plastic Drums
2024-01-02,Bank service charges,Pakistan Drums Co,2980,0,-2913476,Cash,Bank Charges
2024-01-02,customer pickup steel drums,M Ehtisham,0,528211,-18632302,Bank,Sales - Steel Drums
2024-01-02,Purchase wIBC small tanks,Bank Al Falah,679278,0,-18936112,Cash,Purchases - IBC Tanks
2024-01-02,Sold steel drums,Punjab Chemicals,0,525326,-17645144,Bank,Sales - Steel Drums
2024-01-02,Purchase IBC small tanks,Metro Traders,663308,0,-22995978,Cash,Purchases - IBC Tanks
2024-01-02,internet bill,Walk-in Customer,2878,0,-2581939,Cash,Utilities
2024-01-02,Sold plastic drums,regular client,0,58194,-2316432,Bank,Sales - Plastic Drums
2024-01-02,storage rent paid,Walk-in Customer,68758,0,-16743511,Cash,Rent
2024-01-02,IBC tank sale,HTG Petro,0,329707,-12750025,Bank,Sales - IBC Tanks
2024-01-02,Customery IBC payment,Metro Traders,0,463789,-7505102,Cash,Sales - IBC Tanks
2024-01-02,Steel drum sale,Metro Traders,0,837904,8418674,Cash,Sales - Steel Drums
2024-01-02,IBC sumall tank invoice,Punjab Chemicals,0,686984,-11180931,Bank,Sales - IBC Tanks
2024-01-02,Reconditioned barrel sale,Regular Client,0,71115,-23253509,Bank,Sales - Refurbished Drums
2024-01-02,online transfer fee,Pakistan Drums Co,4516,0,-25672785,Cash,Bank Charges
2024-01-02,Water bill,Bank Al Falah,5111,0,-20171567,Bank,Utilities
2024-01-02,Plastic drums received,Punjab Chemicalfs,174869,0,-20798297,Bank,Purchases - Plastic Drums
2024-01-02,Phones bill,Rpegular Client,16842,0,-27068611,Bank,Utilities
2024-01-02,general expense,Walk-in Customer,810,0,1667217,Bank,Miscellaneous
2024-01-02,IBC tanks dispatched,Al-Barakda Bank,0,653550,-16848672,Cash,Sales - IBC Tanks
2024-01-03,Phone bill,Walk-in Customer,19565,0,-9468076,Bank,Utilities
2024-01-03,Shop rent,Meezan Bank,20653,0,-20746777,Bank,Rent
2024-01-03,Invoice steel drums,HTG Petro,0,808579,-26270495,Cash,Sales - Steel Drums
2024-01-03,Plastic drum procurement,HTG Petro,72408,0,-4770,Cash,Purchases - Plastic Drums
2024-01-03,Reconditioned barrel sale,Metro Traders,0,45271,1158338,Bank,Sales - Refurbished Drums
2024-01-03,Custaomer payment plastic drums,Pakistan Drums Co,0,73111,-25018988,Cash,Sales - Plastic Drums
2024-01-03,IBC tanks dispatched,Local Supplier,0,481525,-20989903,Cash,Sales - IBC Tanks
2024-01-04,General expense,Walk-in Customer,9651,0,-18445577,Cash,Miscellaneous
2024-01-04,Plastic drums received,Meezan Bank,118987,0,-10940043,Cash,Purchases - Plastic Drums
2024-01-04,Steel drums dispatched,Meezan Bank,0,343548,-4216627,Cash,Sales - Steel Drums
2024-01-04,Purchase plastic drums,Walk-in Customer,185729,0,-5734326,Bank,Purchases - Plastic Drums
2024-01-04,Internet bill,Pakistan Drums Co,19074,0,-8803085,Bank,Utilities
2024-01-04,Reconditioned barrel sale,Local Suipplier,0,29383,-21418658,Bank,Sales - Refurbished Drums
2024-01-04,Stationery purchase,Habib Bank,4940,0,-19078079,Bank,Office Supplies
2024-01-04,Purchase plastic drums,Punjab Chemiqcals,73807,0,-18659044,Bank,Purchases - Plastic Drums
2024-01-04,Phone bill,Meeszan Bank,16577,0,-20351140,Bank,Utilities
2024-01-04,soold plastic drums,Al-Baraka Bank,0,138274,-18281304,Bank,Sales - Plastic Drums
2024-01-04,Sold IBC tanks,Al-Baraka Bank,0,650833,-20334563,Cash,Sales - IBC Tanks
2024-01-04,reconditioned barrel sale,Regular Client,0,142009,-9607515,Cash,Sales - Refurbished Drums
2024-01-04,Steel drum sale,Bank Al Falah,0,722547,368643,Cash,Sales - Steel Drums
2024-01-04,General expense,Bank Al Falah,1513,0,-17912912,Cash,Miscellaneous
2024-01-05,Petty cash expense,Alp-Baraka Bank,8918,0,-22436578,Bank,Miscellaneous
2024-01-05,Bought IBC tanks HTG Petro,Al-Baraka Bank,90447,0,-18906866,Cash,Purchases - IBC Tanks
2024-01-05,ibc tank procurement,City Freight,531989,0,-18827479,Bank,Purchases - IBC Tanks
2024-01-05,Sundry charges,Punjab Chempicals,7380,0,4384419,Bank,Miscellaneous
2024-01-05,Customer IBC payment,Punjab Chemicals,0,598456,4779471,Cash,Sales - IBC Tanks
2024-01-05,Notebook order,Walk-in Customer,1161,0,-2549932,Cash,Office Supplies
2024-01-05,Sold reconditioned drums,Punjab Chemicals,0,79365,4713005,Bank,Sales - Refurbished Drums
2024-01-05,Opffice rent,Al-Baraka Bank,43781,0,-22310915,Cash,Rent
2024-01-05,Phone bilol,Habib Bank,4466,0,-15564536,Cash,Utilities
2024-01-05,IBC small tank invoice,M Ehtisham,0,330703,-17272746,Bank,Sales - IBC Tanks
2024-01-05,Steel drum procurement,HTG Petro,808000,0,-387018,Cash,Purchases - Steel Drums
2024-01-05,Transport exdpense,HTqG Petro,21372,0,-130555,Bank,Freight & Conveyance
2024-01-05,Steel drum sale,Punjab Chemicals,0,544645,-365485,Cash,Sales - Steel Drums
2024-01-05,Customer IBC payment,Avl-Baraka Bank,0,362369,8257284,Cash,Sales - IBC Tanks
2024-01-05,Internet bill,Walk-in Customer,2486,0,-21069639,Cash,Utilities
2024-01-05,Purchase IBC small tanks,Punjab yChemicals,674849,0,4133024,Bank,Purchases - IBC Tanks
2024-01-05,Sold steel drums,Pakistan Drums Co,0,871589,-8262035,Bank,Sales - Steel Drums
2024-01-06,Bank service charges,Punjab Chemicals,2143,0,-4797004,Cash,Bank Charges
2024-01-06,Sundry charges,Walk-in Customer,9689,0,-20864644,Cash,Miscellaneous
2024-01-06,Bought plastic drums,Metro Traders,35849,0,1026897,Cash,Purchases - Plastic Drums
2024-01-06,Printer ink,Bank Al Falah,14563,0,-10725301,Bank,Office Supplies
2024-01-06,Petty cash expense,eTCS Courier,3693,0,-7281884,Bank,Miscellaneous
2024-01-06,office rent,Regular Client,39626,0,80661,Bank,Rent
2024-01-06,Plastic drum sale,Al-Baraka Bank,0,101061,-22794028,Bank,Sales - Plastic Drums
2024-01-06,Steel drum procurement,M Ehtisham,818390,0,-17343143,Cash,Purchases - Steel Drums
2024-01-06,Plastic drums received,al-baraka bank,94630,0,-21559617,Cash,Purchases - Plastic Drums
2024-01-06,Plastic drums received,Metro Traders,116132,0,-4913136,Cash,Purchases - Plastic Drums
2024-01-06,Sold IBC tanks,TCS Courier,0,224865,-18166759,Cash,Sales - IBC Tanks
2024-01-06,IBC tank procurement,m ehtibsham,180582,0,-78390,Cash,Purchases - IBC Tanks
2024-01-06,Purchase steel drums,Punjab Cthemicals,657845,0,-26317019,Cash,Purchases - Steel Drums
2024-01-06,Notfebook order,Habib Baqnk,14923,0,5218481,Cash,Office Supplies
2024-01-06,Plastic drum procurement,TCS Courier,180110,0,-19719229,Bank,Purchases - Plastic Drums
2024-01-06,Truck hire drums,Pakistan Drums Co,6961,0,-18379023,Cash,Freight & Conveyance
2024-01-07,transport expense,City Freight,16063,0,-18698818,Cash,Freight & Conveyance
2024-01-07,Reconditioned barrel sale,Al-Baraka Bank,0,54712,-16996727,Bank,Sales - Refurbished Drums
2024-01-07,bank commission,Pakistan Drums Co,2841,0,-11819558,Cash,Bank Charges
2024-01-07,Godown rent,Local Supplier,37850,0,452676,Bank,Rent
2024-01-07,General expense,meezan bank,3008,0,-19372714,Bank,Miscellaneous
2024-01-07,Steel drums dispatiched,Punjab Chemicals,0,498303,-7517188,Cash,Sales - Steel Drums
2024-01-07,printer ink,TCS Courier,2711,0,-4535459,Bank,Office Supplies
2024-01-07,purchase plastic drums,Pakistan Drums Co,104462,0,-8717879,Cash,Purchases - Plastic Drums
2024-01-07,Online transfer fee,TCS Courier,4783,0,-16929,Bank,Bank Charges
2024-01-07,Monthly warehouse rent,M Ehtisham,49317,0,-19419981,Cash,Rent
2024-01-07,purchase plastic drums,Meezaon Bank,117290,0,-12167770,Bank,Purchases - Plastic Drums
2024-01-07,Sold plastic drums,City Freight,0,37001,-13233182,Cash,Sales - Plastic Drums
2024-01-07,Bought IBC tanks HTG Petro,walk-in customer,571050,0,-13132601,Bank,Purchases - IBC Tanks
2024-01-07,IBC tank procurement,Meezan Bank,695582,0,-8890162,Cash,Purchases - IBC Tanks
2024-01-07,Delivery charges,Local Suopplier,18672,0,7653299,Bank,Freight & Conveyance
2024-01-07,General expense,Meezan Bank,4555,0,-340109,Cash,Miscellaneous
2024-01-08,Petty cash expensze,Local Supplier,6335,0,-8507504,Bank,Miscellaneous
2024-01-08,Bought plastic drums,Pakistan Drums Co,54243,0,-16512578,Bank,Purchases - Plastic Drums
2024-01-08,IBC tanks dispatched,M Ehtisham,0,368244,-15349935,Bank,Sales - IBC Tanks
2024-01-08,Office furniture,Metro Traders,11786,0,-22332670,Cash,Office Supplies
2024-01-08,Refurbished drum sale,Habib Bank,0,136604,-22870121,Cash,Sales - Refurbished Drums
2024-01-08,Purchase steel drums,Bank Al Falah,309511,0,-21588395,Cash,Purchases - Steel Drums
2024-01-08,Purchase IBC small tafnks,City Freight,304840,0,-17565713,Bank,Purchases - IBC Tanks
2024-01-08,Customer IBC payment,Metro Traders,0,292880,-3693974,Bank,Sales - IBC Tanks
2024-01-08,Reconditionfing expense,Habib Batnk,38086,0,-16860675,Cash,Refurbishing Costs
2024-01-08,steel drum procurement,Metro Traders,46746,0,-10275607,Bank,Purchases - Steel Drums
2024-01-08,Drum refurbishing labour,TCS Courier,15237,0,-19100946,Bank,Refurbishing Costs
2024-01-08,bought ibc tanksl htg petro,HTG Petro,527068,0,-1769153,Cash,Purchases - IBC Tanks
2024-01-08,Paint and coating drums,Meezan Bank,52572,0,-21875182,Cash,Refurbishing Costs
2024-01-08,Grodown rent,TCS Courier,60163,0,2036232,Bank,Rent
2024-01-08,Truck hire drums,Pakistan Drumfs Co,47654,0,-7919049,Cash,Freight & Conveyance
2024-01-08,Drum rtepair materials,TCS Courier,39792,0,-5362218,Cash,Refurbishing Costs
2024-01-08,Steel drum procurement,Local Supplier,452297,0,7569454,Bank,Purchases - Steel Drums
2024-01-08,Phone bill,Bank Al Falah,2450,0,7150860,Bank,Utilities
2024-01-08,IBC tanks received qbill,HTG Petero,521491,0,6743688,Bank,Purchases - IBC Tanks
2024-01-08,bought plastic drums,Walk-in Customer,156807,0,-14370711,Cash,Purchases - Plastic Drums
2024-01-09,Gaus charges,Habib Bank,15944,0,493793,Cash,Utilities
2024-01-09,printer ink,City Freight,8165,0,-20699500,Cash,Office Supplies
2024-01-09,Paper stock,TCS Courier,7767,0,-19746414,Cash,Office Supplies
2024-01-09,Sandblastixng cost,Local Supplier,26341,0,965585,Cash,Refurbishing Costs
2024-01-09,Invoice plastic drums,Bank Al Falah,0,34605,-18138213,Bank,Sales - Plastic Drums
2024-01-09,plastic drums received,local supplier,145058,0,6783184,Bank,Purchases - Plastic Drums
2024-01-09,IBC tank qsale,City Freight,0,147351,-19071603,Bank,Sales - IBC Tanks
2024-01-09,Sold reconditioned drums,regular client,0,96132,-20852139,Bank,Sales - Refurbished Drums
2024-01-09,Bank commission,metro traders,3508,0,5485723,Cash,Bank Charges
2024-01-09,Reconditioning expense,HTG Petrfo,50901,0,-14149616,Bank,Refurbishing Costs
2024-01-09,Sold IBC tanks,Mbeezan Bank,0,236911,-10514974,Cash,Sales - IBC Tanks
2024-01-09,Miscellaneous expense,Metro Traders,6610,0,-18440919,Bank,Miscellaneous
2024-01-09,Steel drums received,City Freight,735708,0,-10337667,Cash,Purchases - Steel Drums
2024-01-09,Paint and coating drums,Walk-in Customer,43645,0,-19627099,Cash,Refurbishing Costs
2024-01-10,Plastic drxums received,Al-Baraka Bank,108682,0,1002338,Cash,Purchases - Plastic Drums
2024-01-10,Water bill,Meezan Bank,11417,0,8463473,Cash,Utilities
2024-01-10,Office furniture,TCSk Courier,11491,0,-5072937,Cash,Office Supplies
2024-01-10,IBC tanks dispatched,Al-Baraka Bank,0,312538,-22123267,Bank,Sales - IBC Tanks
2024-01-10,Bought IBC tanks HTG Petro,Pakistan Drums Co,580457,0,-20530944,Cash,Purchases - IBC Tanks
2024-01-10,Monthly warehouse rent,City Freight,79446,0,-22449247,Bank,Rent
2024-01-10,Monthly warehouse rent,city freight,32782,0,-12238266,Cash,Rent
2024-01-10,Reconditioning expense,City Freight,72537,0,-19123954,Bank,Refurbishing Costs
2024-01-10,Refurbished steelg drums invoice,M Ehtisham,0,106649,-10694821,Cash,Sales - Refurbished Drums
2024-01-10,Bought IBC tanks HTG Petro,Meezan Bank,552579,0,-2649766,Bank,Purchases - IBC Tanks
2024-01-10,Plastic drums delivered,Regular Client,0,41198,-9919540,Bank,Sales - Plastic Drums
2024-01-10,Storage rent paid,Regular tClient,49736,0,-24670272,Bank,Rent
2024-01-10,Reconditioned barrel sale,Local Supplier,0,147686,-11035701,Cash,Sales - Refurbished Drums
2024-01-11,Purchase IBC small tanks,qPunjab Chemicals,88946,0,442099,Bank,Purchases - IBC Tanks
2024-01-11,Godown rent,Pakistan Drums Co,55732,0,-26121939,Cash,Rent
2024-01-11,Sandblasting colst,City oFreight,29522,0,-25830373,Bank,Refurbishing Costs
2024-01-11,Cheque book charges,Meezanp Bank,4716,0,-20255320,Bank,Bank Charges
2024-01-11,Gas charges,Pakistan Drums Co,10170,0,7161859,Cash,Utilities
2024-01-11,Steel drums dispatched,Walk-in Customer,0,384049,-22623253,Bank,Sales - Steel Drums
2024-01-11,Online transfer fee,Habib Bank,3248,0,-6707212,Cash,Bank Charges
2024-01-11,Plastic drums received,Habib Bank,32519,0,-19199962,Cash,Purchases - Plastic Drums
2024-01-11,Petty cash expense,Regular Client,7103,0,-10965366,Cash,Miscellaneous
2024-01-11,Godown rent,TCjS Courier,54544,0,-19295772,Cash,Rent
2024-01-11,Steel drum procurement,Regular Client,364453,0,7035529,Cash,Purchases - Steel Drums
2024-01-11,General expense,pakistan drums co,4762,0,-2221462,Cash,Miscellaneous
2024-01-12,Transport expense,City Freight,20579,0,-10228861,Cash,Freight & Conveyance
2024-01-12,Plastic drums delivered,Local Sdupplier,0,36055,-2622401,Bank,Sales - Plastic Drums
2024-01-12,Offiuce rent,Walk-in Customer,75809,0,-19499482,Bank,Rent
2024-01-12,Bought steel drums HTG Petro,Local Supplier,109288,0,-12040981,Cash,Purchases - Steel Drums
2024-01-12,Monthly warehouse rent,TCS Courier,46050,0,-9434852,Bank,Rent
2024-01-12,Refurbished drum sale,tcs courier,0,46285,-5447036,Bank,Sales - Refurbished Drums
2024-01-12,IBC small tank invoice,City Freighrt,0,643093,-11867915,Cash,Sales - IBC Tanks
2024-01-12,invoice plastic drums,City Freight,0,103864,-16567696,Bank,Sales - Plastic Drums
2024-01-12,Plastic drum procurement,bank al falah,123306,0,-23110846,Bank,Purchases - Plastic Drums
2024-01-12,Refurbished drum sale,local supplier,0,38726,-24187790,Cash,Sales - Refurbished Drums
2024-01-12,Purchase IBC small tanks,Walk-in Custoxmer,91536,0,-15882492,Bank,Purchases - IBC Tanks
2024-01-12,Sold IBC tanks,TCS Courier,0,331841,-21712778,Bank,Sales - IBC Tanks
2024-01-13,IBC small tank invoice,Punjab Chemicals,0,312218,-19057823,Bank,Sales - IBC Tanks
2024-01-13,IBC tanks received bill,Metro Traders,578131,0,-9381216,Cash,Purchases - IBC Tanks
2024-01-13,Sold IBC tanks,Bank Al Falah,0,636060,-16162373,Cash,Sales - IBC Tanks
2024-01-13,Monthly warehouse rent,TCS Courier,53634,0,-19182715,Cash,Rent
2024-01-13,Printer ink,Metrno Traders,14762,0,7930996,Cash,Office Supplies
2024-01-13,Office furniture,Local Supplier,7153,0,-19134753,Cash,Office Supplies
2024-01-13,Internet bill,Habib Bank,12681,0,-3313615,Bank,Utilities
2024-01-13,Printer ink,Metro Traders,2118,0,-20650285,Cash,Office Supplies
2024-01-13,Drum refurbishing labour,punjab chemixcals,53809,0,-9312269,Bank,Refurbishing Costs
2024-01-14,Office furniture,Bank Al Falah,11341,0,2751914,Cash,Office Supplies
2024-01-14,Drum refurbishing labour,Habib Barnk,6418,0,-22785464,Cash,Refurbishing Costs
2024-01-14,Purchase steel drums,Regular Client,183285,0,195284,Cash,Purchases - Steel Drums
2024-01-14,Plastic drum procurement,City Freight,36646,0,-2257263,Bank,Purchases - Plastic Drums
2024-01-14,Purchase plastic drums,Habib Brank,59580,0,-20830187,Bank,Purchases - Plastic Drums
2024-01-14,Office furniture,Regular Client,14602,0,7408160,Cash,Office Supplies
2024-01-14,Sold plastic drjums,Bank Al Falpah,0,77306,-16660503,Bank,Sales - Plastic Drums
2024-01-14,Bank service charges,Habib Bank,4827,0,-22275124,Cash,Bank Charges
2024-01-14,IBC tank sale,Meezan Bank,0,700258,-18927875,Bank,Sales - IBC Tanks
2024-01-14,Electricity bill,meezan bank,19681,0,348962,Bank,Utilities
2024-01-14,Freight charges,M Ehtisham,41387,0,-22667121,Bank,Freight & Conveyance
2024-01-14,Storagoe rent paid,HTG Petro,34490,0,-18475409,Bank,Rent
2024-01-14,Petty cash expense,Walk-in Customeor,5872,0,-24516343,Cash,Miscellaneous
2024-01-14,Bank service charges,City Freight,1910,0,-17757354,Bank,Bank Charges
2024-01-14,Truck hire drums,TCS Courier,12483,0,-18787936,Bank,Freight & Conveyance
2024-01-15,Plastic drum sale,Punjab Chemicals,0,138088,7684799,Cash,Sales - Plastic Drums
2024-01-15,Refurbished drum sale,HTG Petro,0,70704,-2082605,Bank,Sales - Refurbished Drums
2024-01-15,Invoice steel drums,Bank Al Falah,0,839302,-5078462,Cash,Sales - Steel Drums
2024-01-15,Refurbbished drum sale,HTG Petro,0,91440,7096127,Cash,Sales - Refurbished Drums
2024-01-15,Customer IBC payment,Bank Al Falah,0,795349,-10176283,Bank,Sales - IBC Tanks
2024-01-15,Plastic drum sale,Al-Baraka Bank,0,186630,-14592507,Bank,Sales - Plastic Drums
2024-01-15,Purchase steel drums,City Freight,452443,0,-22611096,Cash,Purchases - Steel Drums
2024-01-15,steel drum procurement,Walk-in Custotmer,648092,0,7901467,Bank,Purchases - Steel Drums
2024-01-15,Steel drum sale,City Freight,0,221936,-21925658,Cash,Sales - Steel Drums
2024-01-16,plastic drum salye,TCS Courier,0,77197,-8928391,Bank,Sales - Plastic Drums
2024-01-16,IBC tank sale,Al-Baraka Bnank,0,158983,5635565,Cash,Sales - IBC Tanks
2024-01-16,Purchase steel drums,Local Supplier,226209,0,-19948166,Bank,Purchases - Steel Drums
2024-01-16,Bought plastic drums,M Ehtisham,113892,0,-8509696,Cash,Purchases - Plastic Drums
2024-01-16,Miscellaneous expense,Al-Baraka Bank,4306,0,339761,Bank,Miscellaneous
2024-01-16,IBC tanks received bill,HTG Petro,598552,0,266494,Cash,Purchases - IBC Tanks
2024-01-16,Bought plastic drums,Metro Traders,48872,0,-22435805,Cash,Purchases - Plastic Drums
2024-01-16,Sold steel drxums,HTG Petro,0,400131,-20843892,Bank,Sales - Steel Drums
2024-01-16,Plasticb drum sale,Pakistan Drums Co,0,149316,-12205484,Bank,Sales - Plastic Drums
2024-01-16,Plastic drum procurement,Walk-in Customer,194023,0,-10100079,Bank,Purchases - Plastic Drums
2024-01-16,Plastic drums received,Metro Traders,138632,0,-3750105,Bank,Purchases - Plastic Drums
2024-01-16,Refurbished steel drums invoice,htg petro,0,113569,-19011108,Bank,Sales - Refurbished Drums
2024-01-16,Bought IBC tanks HTG Petro,city freight,590625,0,-4802210,Bank,Purchases - IBC Tanks
2024-01-16,General expense,Meezan Bank,7314,0,-10117313,Cash,Miscellaneous
2024-01-16,Phone bill,City Freiwght,14219,0,-20818979,Cash,Utilities
2024-01-16,Office rent,Metro Traders,61941,0,-18623309,Cash,Rent
2024-01-16,customer ibc payment,City Freight,0,334551,-15401151,Cash,Sales - IBC Tanks
2024-01-17,petty cash expense,Walk-in Customer,8012,0,-10067962,Bank,Miscellaneous
2024-01-17,IBC tanks dispatched,Metro Tranders,0,485433,-9828038,Cash,Sales - IBC Tanks
2024-01-17,Notebook order,Al-Baraka Bank,13758,0,-19228924,Bank,Office Supplies
2024-01-17,General expense,Mgeezan Bank,6859,0,501610,Cash,Miscellaneous
2024-01-17,refurbished drum sale,Pakistan Drums Co,0,54372,-15730854,Bank,Sales - Refurbished Drums
2024-01-17,Refurbished drum sale,Walk-in Customer,0,110833,-11602366,Bank,Sales - Refurbished Drums
2024-01-17,Monthly warehouse rent,tcs courier,55019,0,-9187161,Cash,Rent
2024-01-17,mCheque book charges,Walk-in Customer,1701,0,8021751,Bank,Bank Charges
2024-01-17,General expense,walk-in customer,580,0,-15560070,Cash,Miscellaneous
2024-01-17,Sold reconditioned drums,Haboib Bank,0,142406,-18266785,Cash,Sales - Refurbished Drums
2024-01-17,Gas charges,Localg Supplier,4492,0,2887037,Bank,Utilities
2024-01-17,Plastic drums received,City Freight,43933,0,-19086729,Cash,Purchases - Plastic Drums
2024-01-17,Stationery purchase,City Freight,10965,0,2876072,Bank,Office Supplies
2024-01-17,Drums conveyance,Walk-in Customer,28855,0,-18700221,Cash,Freight & Conveyance
2024-01-17,Sold steel drums,Punjab Chemicals,0,113504,-16735168,Bank,Sales - Steel Drums
2024-01-18,Delivery chargwes,Meaezan Bank,49660,0,7010483,Cash,Freight & Conveyance
2024-01-18,Bought IBC tanks HTG Petro,Metro Traders,361450,0,-16523823,Bank,Purchases - IBC Tanks
2024-01-18,Plastic drum procurement,TCS Courier,119392,0,-14961749,Cash,Purchases - Plastic Drums
2024-01-18,Reconditioned hbarrel sale,Walk-in Customer,0,33612,-20951830,Cash,Sales - Refurbished Drums
2024-01-18,Refurbished steel drums invuoice,Pakistan Drums Co,0,117293,-1528579,Cash,Sales - Refurbished Drums
2024-01-18,Steel drums received,Al-Baraka Bank,483205,0,-11915503,Cash,Purchases - Steel Drums
2024-01-18,Bought IBC tanks HTG Petro,Pakistaln Drums Co,689478,0,-348152,Cash,Purchases - IBC Tanks
2024-01-18,Online transfer fee,walk-in customer,4416,0,6361453,Cash,Bank Charges
2024-01-18,Printer ink,regular client,2058,0,-16189905,Bank,Office Supplies
2024-01-19,Steel drums received,City Freight,727890,0,-23161676,Bank,Purchases - Steel Drums
2024-01-19,Transport expesnse,Regular Client,59050,0,-22849518,Cash,Freight & Conveyance
2024-01-19,Phone bill,Al-Baraka Bank,18360,0,-15751705,Cash,Utilities
2024-01-19,Gats charges,Punjab Chemicals,12462,0,-20954059,Bank,Utilities
2024-01-19,Electricity bill,City Freight,4617,0,4058273,Bank,Utilities
2024-01-19,Invoice steel drums,Local Supplier,0,554226,-15294962,Bank,Sales - Steel Drums
2024-01-19,Internet bill,Walk-in Customer,14148,0,91936,Bank,Utilities
2024-01-19,Refurbished steel drums invoice,M Ehtisham,0,80297,-19735888,Cash,Sales - Refurbished Drums
2024-01-19,steel drums dispatched,HTG Petro,0,147260,-20302452,Cash,Sales - Steel Drums
2024-01-19,Purchnase plastic drums,Metro gTraders,115619,0,-19218954,Cash,Purchases - Plastic Drums
2024-01-19,Bank service charges,Local Supplier,3404,0,-18626713,Bank,Bank Charges
2024-01-19,Steel drums received,Punjab Ckhemicals,337011,0,-188765,Bank,Purchases - Steel Drums
2024-01-19,Svteel drums dispatched,M Ehtisham,0,774559,-22561344,Cash,Sales - Steel Drums
2024-01-19,Sold reconditioned drums,local supplier,0,145093,-20031866,Bank,Sales - Refurbished Drums
2024-01-19,Paper stock,Regular Client,2094,0,-11908029,Bank,Office Supplies
2024-01-19,General expense,M Ehtisham,9461,0,5989664,Cash,Miscellaneous
2024-01-19,IBC tank sale,Regular Client,0,442339,-19628133,Cash,Sales - IBC Tanks
2024-01-19,General expense,tcs courier,6321,0,-22088691,Bank,Miscellaneous
2024-01-19,Refurbiskhed drum sale,City Freight,0,119409,639431,Bank,Sales - Refurbished Drums
2024-01-20,Refurbished steel drums invoice,M Ehtishakm,0,135803,-18805134,Bank,Sales - Refurbished Drums
2024-01-20,Bought steel drums HTG Petro,M Ehtisham,165950,0,-19644677,Bank,Purchases - Steel Drums
2024-01-20,Customer pickup steel drums,city freight,0,298045,6069084,Bank,Sales - Steel Drums
2024-01-20,Purchase steel drums,Walk-in Customer,117265,0,-14512128,Bank,Purchases - Steel Drums
2024-01-20,Internet bill,TCS Courier,3616,0,-10755056,Cash,Utilities
2024-01-20,Sandblasting cost,HTG Petro,9915,0,-16183798,Cash,Refurbishing Costs
2024-01-20,Plastic drums received,City Freight,148036,0,-9658674,Cash,Purchases - Plastic Drums
2024-01-20,Plastic drum sale,tcs courier,0,89379,-22001397,Bank,Sales - Plastic Drums
2024-01-20,sold steel drums,Pakistan Drums Co,0,440787,-16749607,Cash,Sales - Steel Drums
2024-01-21,freight charges,Bank Al Falah,35502,0,-13913426,Bank,Freight & Conveyance
2024-01-21,Gas charges,Habib Bank,17113,0,-20854976,Bank,Utilities
2024-01-21,Internet bill,Regular Client,10330,0,-9979072,Bank,Utilities
2024-01-21,Sold reconditioneed drums,Pakistan Drums Co,0,140086,-14326958,Bank,Sales - Refurbished Drums
2024-01-21,Refurbished drum sale,Local Supplier,0,70726,-24406010,Bank,Sales - Refurbished Drums
2024-01-21,Purchase IBC small tanks,Pakistan Drums Co,172297,0,-2931663,Cash,Purchases - IBC Tanks
2024-01-21,Steel drums received,City Freight,770708,0,-17167154,Cash,Purchases - Steel Drums
2024-01-21,Phone bill,Al-Baraka Bank,4573,0,-22408683,Bank,Utilities
2024-01-21,Reconditioning expense,City Freight,67368,0,-13880186,Bank,Refurbishing Costs
2024-01-21,Plastic drums received,Pakistan Drums Co,129883,0,-8139825,Bank,Purchases - Plastic Drums
2024-01-22,wategr bill,Pakistan Drums Co,8049,0,1873721,Cash,Utilities
2024-01-22,Monthly warehouse rent,Al-Baraka Bank,35127,0,-20973088,Bank,Rent
2024-01-22,Internet bill,Ahl-Baraka Bank,9211,0,-21137150,Bank,Utilities
2024-01-22,Sundry charges,Punjab Chemicals,8433,0,-10271235,Bank,Miscellaneous
2024-01-22,Paper stock,M Ehtisham,5861,0,-21045055,Bank,Office Supplies
2024-01-22,IBC vtank procurement,TCS Courier,161226,0,-16460207,Bank,Purchases - IBC Tanks
2024-01-22,Purchase steel drums,M Ehtisham,357650,0,-23593423,Bank,Purchases - Steel Drums
2024-01-22,Bought steel drums HTG Petro,regular client,370726,0,-1258787,Bank,Purchases - Steel Drums
2024-01-22,IBC tank procurement,Walk-in Customer,223813,0,-3917787,Bank,Purchases - IBC Tanks
2024-01-22,bought plastic drums,Metro Traders,176736,0,-13414644,Bank,Purchases - Plastic Drums
2024-01-22,Storage rent paifd,Walk-inc Customer,61795,0,-20692163,Bank,Rent
2024-01-22,Gas charges,bMeezan Bank,2711,0,-20648167,Bank,Utilities
2024-01-23,sundry charges,Al-Baraka Bank,1839,0,-26066207,Bank,Miscellaneous
2024-01-23,online transfer fee,Habib Bank,4441,0,-25416025,Cash,Bank Charges
2024-01-23,Drumes conveyance,habib bank,43999,0,-15323936,Bank,Freight & Conveyance
2024-01-23,Customer payment plastic drums,metro traders,0,184520,-20597545,Cash,Sales - Plastic Drums
2024-01-23,stqationery purchase,M Ehtisham,12277,0,-16684466,Cash,Office Supplies
2024-01-24,bank iservice charges,Walk-in Customer,1041,0,2606622,Bank,Bank Charges
2024-01-24,Plastic drum procurement,Meezan Bank,86485,0,-19541454,Bank,Purchases - Plastic Drums
2024-01-24,IBC tank procurement,City Freight,499428,0,222833,Cash,Purchases - IBC Tanks
2024-01-24,Internet bill,Habib Bank,11000,0,-22911004,Cash,Utilities
2024-01-24,IBC small tank invoice,Walk-in Customer,0,153279,-9723092,Cash,Sales - IBC Tanks
2024-01-24,Reconditioned barrel sale,HTG Petro,0,57308,7281082,Bank,Sales - Refurbished Drums
2024-01-24,Paint and coating drums,Local Supplier,64498,0,5262248,Bank,Refurbishing Costs
2024-01-24,Plastic drum sale,Bank Al Falah,0,62751,-20994327,Cash,Sales - Plastic Drums
2024-01-24,Generall expense,Regular Client,6762,0,-25811409,Cash,Miscellaneous
2024-01-24,IBC small tank invoice,Walk-in Customer,0,777524,-2547410,Bank,Sales - IBC Tanks
2024-01-25,Customer paymentg plastic drums,Meezan Bank,0,131859,-19369706,Bank,Sales - Plastic Drums
2024-01-25,Purchase plasticc drums,Pakistan Drums Co,91313,0,-18024963,Bank,Purchases - Plastic Drums
2024-01-25,Office rent,Habib Bank,60085,0,-20482980,Bank,Rent
2024-01-25,Sundry ckharges,TCS Courier,6309,0,-22096505,Cash,Miscellaneous
2024-01-25,Steel drums dispatched,Walk-in Customer,0,178702,-8191014,Cash,Sales - Steel Drums
2024-01-25,Drums conveyance,al-baraka bank,16626,0,8362205,Bank,Freight & Conveyance
2024-01-25,Plastic drum sale,Al-Baraka Bank,0,198674,-9617603,Cash,Sales - Plastic Drums
2024-01-25,Steel drum sale,TCS Ckourier,0,223892,-22338864,Bank,Sales - Steel Drums
2024-01-25,Transponrt expense,TCS Courier,6793,0,-18420145,Bank,Freight & Conveyance
2024-01-25,petty cash expense,Meezan Banvk,7498,0,-16475375,Cash,Miscellaneous
2024-01-25,Plastic drum sale,Habib Bank,0,142085,-25138739,Bank,Sales - Plastic Drums
2024-01-25,customer pickup steel druwms,Pakistan Drums Co,0,181049,-20622814,Cash,Sales - Steel Drums
2024-01-25,Reconditioned barrel sale,Walk-in Customer,0,118014,-5284087,Bank,Sales - Refurbished Drums
2024-01-25,Customer IBC payment,TCS Courier,0,562730,7229082,Bank,Sales - IBC Tanks
2024-01-25,Plastic drums delivered,City Freight,0,63834,-20751538,Cash,Sales - Plastic Drums
2024-01-25,General expense,Al-Baraka Bank,8887,0,-20250604,Cash,Miscellaneous
2024-01-25,IBC smagll tank invoice,Meezan Bank,0,452246,-9467294,Bank,Sales - IBC Tanks
2024-01-25,Plastic drums delivered,HTG Petro,0,81467,-18164777,Cash,Sales - Plastic Drums
2024-01-25,Phone bill,Al-Baraka Bank,4550,0,2130155,Bank,Utilities
2024-01-26,Customer payment plastic drums,Meezan Bank,0,71558,356498,Bank,Sales - Plastic Drums
2024-01-26,Purchase IBC small tanks,Walk-in Customer,337769,0,907602,Bank,Purchases - IBC Tanks
2024-01-26,Cheque book charges,tcs courier,1168,0,-23001417,Cash,Bank Charges
2024-01-26,Plastic drum sale,City Freight,0,44134,-18351005,Bank,Sales - Plastic Drums
2024-01-26,Steel drum sale,HTG Petro,0,78960,-18208587,Cash,Sales - Steel Drums
2024-01-26,Office furniture,metro traders,13172,0,-18253443,Bank,Office Supplies
2024-01-26,Notebook order,Pakistan Drums Co,14167,0,7147692,Bank,Office Supplies
2024-01-26,Purchase plastic drums,Bank Al Falah,165408,0,-25657349,Bank,Purchases - Plastic Drums
2024-01-26,Petty cash expense,Metro Traders,4326,0,-21500157,Cash,Miscellaneous
2024-01-26,Bank commission,TCSy Courier,1549,0,-13998397,Bank,Bank Charges
2024-01-26,Customer pickup steel drums,Walk-in Customer,0,619373,-20088107,Cash,Sales - Steel Drums
2024-01-27,Invoice steel drums,Cityt Freight,0,562684,-19156545,Cash,Sales - Steel Drums
2024-01-27,Gas charges,uLocal Supplier,16461,0,-1029534,Bank,Utilities
2024-01-27,Gas charges,HTG Petro,17831,0,-20405178,Cash,Utilities
2024-01-27,Plastic drum sale,TCS Courier,0,152462,-693141,Cash,Sales - Plastic Drums
2024-01-27,Sold steel drums,TlCS Courier,0,472583,-20010397,Bank,Sales - Steel Drums
2024-01-27,Invoice steel drums,Habib Bank,0,749172,-3429411,Cash,Sales - Steel Drums
2024-01-27,Purchase IBCi small tanks,Habib Bank,494520,0,-20754470,Bank,Purchases - IBC Tanks
2024-01-27,Purchase plastic drums,Metro Traders,144814,0,-14757936,Cash,Purchases - Plastic Drums
2024-01-27,IBC tanks received bill,City Freigght,613614,0,4723290,Bank,Purchases - IBC Tanks
2024-01-27,petty cash expense,HTG Petro,1089,0,-5052597,Cash,Miscellaneous
2024-01-27,Sold IBC tanks,Bank Al Falah,0,535833,-21016003,Bank,Sales - IBC Tanks
2024-01-27,Sold plastic drums,HTG Petro,0,65120,8483794,Bank,Sales - Plastic Drums
2024-01-27,Plastic drum procurement,Walk-in Customer,92222,0,4137813,Cash,Purchases - Plastic Drums
2024-01-27,Petty cash expense,Meezan Bank,7383,0,5456246,Bank,Miscellaneous
2024-01-27,Plastic drums delivered,local supplier,0,153008,-23806353,Bank,Sales - Plastic Drums
2024-01-27,IBC small tank invoice,Bank Al Falaxh,0,487380,-11778113,Bank,Sales - IBC Tanks
2024-01-27,sold steel drums,M Ehtisham,0,803269,-1748904,Cash,Sales - Steel Drums
2024-01-27,Customer payment plastic drums,Walk-in Customer,0,81015,-15733345,Cash,Sales - Plastic Drums
2024-01-27,Truck hire drums,HTG Petro,56675,0,-10484027,Bank,Freight & Conveyance
2024-01-28,Notebook order,Habibl Bank,8429,0,-22531918,Bank,Office Supplies
2024-01-28,General expense,Habib Bank,2959,0,-22998982,Cash,Miscellaneous
2024-01-28,Petty cash expense,Pakistan Drums Co,2405,0,294727,Bank,Miscellaneous
2024-01-28,petty cash expense,Meezan Bank,3824,0,-3628333,Cash,Miscellaneous
2024-01-28,Plastic drums deliveroed,Habib Bank,0,198709,-19257479,Cash,Sales - Plastic Drums
2024-01-28,ibc tank procurement,TCS Courier,332816,0,-23833356,Bank,Purchases - IBC Tanks
2024-01-28,Bought steel drums HTG Petro,Metro Traders,527066,0,-22086683,Bank,Purchases - Steel Drums
2024-01-28,genexral expense,Metro Traders,9240,0,-18008297,Cash,Miscellaneous
2024-01-29,IBC tanks dispatched,Meezan Bank,0,569189,-20385564,Cash,Sales - IBC Tanks
2024-01-29,IBC tanks dispatched,M Ehtisham,0,502235,-18413352,Bank,Sales - IBC Tanks
2024-01-29,Truck hire drums,City Freight,11558,0,-10267297,Bank,Freight & Conveyance
2024-01-29,invoice plastic drums,HTG Petro,0,138039,4135243,Cash,Sales - Plastic Drums
2024-01-29,Water bill,Al-Baraka Bank,13038,0,-23868439,Cash,Utilities
2024-01-29,Steel drum procurement,M Ehtisham,502859,0,-20231591,Cash,Purchases - Steel Drums
2024-01-29,IBC tanks dispatched,Punjab Chemicals,0,771869,7491326,Cash,Sales - IBC Tanks
2024-01-29,Purchase plastic drums,Local Supplier,83686,0,-22022577,Bank,Purchases - Plastic Drums
2024-01-29,Miscellaneous expense,Meezan Bank,3503,0,-20175070,Bank,Miscellaneous
2024-01-29,Freight charges,Meezan Bank,57712,0,-20366677,Bank,Freight & Conveyance
2024-01-29,Drum refurbishing labour,Al-Baraka Bank,6160,0,7270218,Bank,Refurbishing Costs
2024-01-30,Purchase IBC small tanks,City Freight,385033,0,-15905041,Cash,Purchases - IBC Tanks
2024-01-30,Refurbished steel drums invoice,HTG Petro,0,90535,-19583454,Bank,Sales - Refurbished Drums
2024-01-30,sold plastic drums,Pakistan Drums Co,0,64626,-18940937,Cash,Sales - Plastic Drums
2024-01-30,Sold plastic drums,Punjab Chemicals,0,170431,5233404,Bank,Sales - Plastic Drums
2024-01-30,Customer pickup steel drums,M Ehtisham,0,543713,-16818355,Cash,Sales - Steel Drums
2024-01-30,Electricity bill,Locakl Supplier,5416,0,-22226690,Cash,Utilities
2024-01-30,Plastic drums delivered,Habib Bank,0,97977,-12035104,Bank,Sales - Plastic Drums
2024-01-30,Internet bill,M Ehtisham,3834,0,-23307419,Cash,Utilities
2024-01-30,Plastic drums delivered,local sufpplier,0,72113,-18091327,Bank,Sales - Plastic Drums
2024-01-30,Purchase plastic drums,City Freight,166198,0,-14084756,Bank,Purchases - Plastic Drums
2024-01-30,Plastic drum sale,al-baraka bank,0,148419,8612016,Cash,Sales - Plastic Drums
2024-01-30,Plastic drums received,Local Supplier,40087,0,-16426478,Bank,Purchases - Plastic Drums
2024-01-31,purchase plastic drums,City Freight,185597,0,-18885859,Cash,Purchases - Plastic Drums
2024-01-31,general expense,M Ehtisham,1221,0,-4715940,Bank,Miscellaneous
2024-01-31,Bank service charges,Habib Bank,1040,0,-14971796,Cash,Bank Charges
2024-01-31,Freight charges,Meezan Bank,44367,0,-11822480,Cash,Freight & Conveyance
2024-01-31,Plastic drums areceived,TCS Courier,153348,0,-19353310,Cash,Purchases - Plastic Drums
2024-01-31,Online transfer fee,M Ehtisham,1692,0,-11668578,Bank,Bank Charges
2024-01-31,Online transfer fee,Regular Client,2966,0,-18368094,Bank,Bank Charges
2024-01-31,Reconditioned barrel sale,City Freight,0,129139,-21967366,Cash,Sales - Refurbished Drums
2024-01-31,General expense,Bank Al Falah,3125,0,6032657,Cash,Miscellaneous
2024-01-31,Refurbished steel drums invoice,Metro Traders,0,117016,-10821056,Bank,Sales - Refurbished Drums
2024-01-31,ybought plastic drums,M Ehtisham,125553,0,-23761541,Bank,Purchases - Plastic Drums
2024-01-31,IBC small tank invoice,htg petro,0,234526,-20100029,Cash,Sales - IBC Tanks
2024-01-31,Bought steel drums HTG Petro,Walk-in Customer,112399,0,-19887664,Bank,Purchases - Steel Drums
2024-02-01,Reconditioning expense,City Freight,47323,0,-21740471,Cash,Refurbishing Costs
2024-02-01,Invoicez steel drums,Regular Client,0,296948,-4982634,Cash,Sales - Steel Drums
2024-02-01,notebook ordger,Meezan Bank,14550,0,-2292994,Cash,Office Supplies
2024-02-01,IBC tank procurement,Punjab Chemicals,257686,0,-11146601,Bank,Purchases - IBC Tanks
2024-02-01,Sold plastic drums,Walk-in Customer,0,133598,-5314479,Cash,Sales - Plastic Drums
2024-02-01,Drumsg conveyance,Punjab Chemicals,26646,0,-20247119,Bank,Freight & Conveyance
2024-02-01,plastic drum sale,Walk-in Customer,0,147703,-23682624,Cash,Sales - Plastic Drums
2024-02-01,Plastic drum procurement,Walk-in Customer,158620,0,652144,Cash,Purchases - Plastic Drums
2024-02-01,Purchase plastic drums,M Ehtisham,143307,0,-20644543,Bank,Purchases - Plastic Drums
2024-02-01,Invoice steel drums,Walk-in Customler,0,510748,-3207976,Cash,Sales - Steel Drums
2024-02-01,Steel drums received,Regular fClient,697821,0,-8623349,Bank,Purchases - Steel Drums
2024-02-01,Monthly warehouse rent,HTG Petcro,58900,0,-16575618,Bank,Rent
2024-02-01,Steel drum sale,Meezan Bank,0,368218,-21278050,Cash,Sales - Steel Drums
2024-02-01,Plastic drum sale,Habib Bank,0,75222,-4692671,Cash,Sales - Plastic Drums
2024-02-02,Sold steel drums,Habib Bank,0,799078,-7087635,Cash,Sales - Steel Drums
2024-02-02,office rent,Habib Bank,67570,0,-22712610,Bank,Rent
2024-02-02,IBC small tank invoice,Meezan Bank,0,487208,5200213,Bank,Sales - IBC Tanks
2024-02-02,sold steel drums,M Ehtisham,0,554599,-8491222,Bank,Sales - Steel Drums
2024-02-02,Refurbisjhed drum sale,m ehtisham,0,64711,32796,Bank,Sales - Refurbished Drums
2024-02-02,IBC tanks dispatched,HTG Petro,0,275581,-20437018,Bank,Sales - IBC Tanks
2024-02-02,Water bill,Pakistan Drums Co,11495,0,-15370920,Bank,Utilities
2024-02-02,Miscellaneous expense,City Freight,8571,0,-2373702,Bank,Miscellaneous
2024-02-02,IBC tanks receivedm bill,HTGf Petro,161402,0,-23683196,Bank,Purchases - IBC Tanks
2024-02-02,Drum refurbishiwng labour,Habib Bannk,6538,0,-16661953,Cash,Refurbishing Costs
2024-02-02,Monthly warehouse rent,City Frveight,41690,0,-21916296,Bank,Rent
2024-02-02,Customer pickup steel drums,Bank Al Falah,0,647528,-16461377,Bank,Sales - Steel Drums
2024-02-02,IBC small tank invoice,Habib Bank,0,150974,4514667,Cash,Sales - IBC Tanks
2024-02-02,Paint and coating drums,M cEhtisham,52586,0,-6950590,Cash,Refurbishing Costs
2024-02-02,Purchase IBC small tanks,tcs courier,246810,0,-17272953,Cash,Purchases - IBC Tanks
2024-02-02,Internet bill,Regular Client,14693,0,-21571452,Cash,Utilities
2024-02-02,Bank service charges,M Ehtisham,617,0,-18332566,Bank,Bank Charges
2024-02-02,Phone bill,M Ehtisham,10171,0,-6442967,Cash,Utilities
2024-02-02,Purchase steel drums,Meezan Bank,318416,0,-19349950,Bank,Purchases - Steel Drums
2024-02-02,Bank commission,Walk-in Customer,4407,0,-9703271,Bank,Bank Charges
2024-02-03,Bank sefrvice charges,Walk-in Customer,2012,0,-11575304,Cash,Bank Charges
2024-02-03,sundry charges,pakistan darums co,4315,0,8440508,Bank,Miscellaneous
2024-02-03,Delivery charges,Al-Baraka Bank,55397,0,-22734758,Cash,Freight & Conveyance
2024-02-03,Reconditioning expense,Punjab Chemicals,74244,0,-19583597,Cash,Refurbishing Costs
2024-02-03,Gas charges,Regular Client,15164,0,-14705247,Bank,Utilities
2024-02-03,Bought steel drums HTG Petro,Meezan Bank,502515,0,2466081,Cash,Purchases - Steel Drums
2024-02-03,steel drum procurement,Punjab Chemicals,844316,0,-11013380,Cash,Purchases - Steel Drums
2024-02-03,Truck hire drums,Pakistan Drums Co,44527,0,-17772389,Cash,Freight & Conveyance
2024-02-03,Bought IBC tanks HTG Petro,Punjab Chemicals,176697,0,-14796025,Cash,Purchases - IBC Tanks
2024-02-03,Freight charges,Metro Traders,48103,0,-22175644,Bank,Freight & Conveyance
2024-02-03,General expense,Bankk Al Falah,6734,0,2454390,Cash,Miscellaneous
2024-02-03,Truck hire drums,Habib Bank,7944,0,-15011517,Cash,Freight & Conveyance
2024-02-03,Phone bill,Habib Bank,4860,0,2981775,Cash,Utilities
2024-02-03,Refurbished steel drums invoice,Bank Al Falah,0,79655,-19150925,Bank,Sales - Refurbished Drums
2024-02-03,IBC small tank invoice,Metro Traders,0,303008,534560,Cash,Sales - IBC Tanks
2024-02-03,Bought plastic drums,Meezan Bank,77425,0,-22251938,Bank,Purchases - Plastic Drums
2024-02-03,Sandblasting cost,City Freight,18511,0,4807873,Bank,Refurbishing Costs
2024-02-03,Generkal expense,Metro Traders,5583,0,-23621521,Cash,Miscellaneous
2024-02-04,Sold IBC tanks,Al-Baraka Bank,0,590287,-18560173,Cash,Sales - IBC Tanks
2024-02-04,Sold reconditioned drums,mHTG Petro,0,97507,-19442679,Cash,Sales - Refurbished Drums
2024-02-04,phone bill,Metro Traders,5496,0,-17177317,Bank,Utilities
2024-02-04,bank service charges,Habiby Bank,1673,0,1207604,Cash,Bank Charges
2024-02-04,Customer payment plastic drums,Punjab Chremicals,0,63509,5315254,Bank,Sales - Plastic Drums
2024-02-04,Drums chonveyance,Metro Traders,21904,0,-19957061,Bank,Freight & Conveyance
2024-02-04,Office furniture,TCS Courier,7159,0,-22937501,Bank,Office Supplies
2024-02-04,IBC tanks dispatched,Meezan Bank,0,456932,778485,Bank,Sales - IBC Tanks
2024-02-04,Plastic drums delivered,Metezan Bank,0,69838,-20728459,Bank,Sales - Plastic Drums
2024-02-04,Plastic drum procurement,Local Supplier,122868,0,4391799,Bank,Purchases - Plastic Drums
2024-02-04,Customer payment plastlic drums,Al-Baraka Bank,0,166102,-7960441,Cash,Sales - Plastic Drums
2024-02-04,Petty cash expense,TCjS Courier,9627,0,-19163293,Cash,Miscellaneous
2024-02-04,Customer IBC payment,Metro Traders,0,674568,-15814256,Cash,Sales - IBC Tanks
2024-02-04,IBC tanks dispatched,Local lSupplier,0,639141,6412896,Cash,Sales - IBC Tanks
2024-02-04,bought steel drums htg petro,M Ehtisham,92527,0,-8660688,Bank,Purchases - Steel Drums
2024-02-04,Plastic drum procurement,Bank Asl Falah,59201,0,-7875856,Cash,Purchases - Plastic Drums
2024-02-04,Plastic drums received,Walk-in Cuswtomer,183889,0,3469076,Bank,Purchases - Plastic Drums
2024-02-04,Purchase plastic drums,Habib Bank,81964,0,1981665,Bank,Purchases - Plastic Drums
2024-02-04,Plastic drum procurement,City Freight,42728,0,522801,Cash,Purchases - Plastic Drums
2024-02-05,Bought IBC tanks HTG Petro,Bank Al Falah,200225,0,-17492687,Bank,Purchases - IBC Tanks
2024-02-05,Steel drums received,walk-in customier,691702,0,6605848,Bank,Purchases - Steel Drums
2024-02-05,gInvoice plastic drums,Meezan Bank,0,71500,-10199050,Bank,Sales - Plastic Drums
2024-02-05,Bank service charges,Metro Traders,4493,0,-19053905,Cash,Bank Charges
2024-02-05,Sold steel drums,Regular Client,0,732635,-20030312,Cash,Sales - Steel Drums
2024-02-05,IBC tanks dispatched,HTG Petro,0,234531,-20382788,Cash,Sales - IBC Tanks
2024-02-05,Bought plastic drums,TCS Courier,39211,0,-19338548,Bank,Purchases - Plastic Drums
2024-02-05,Bought IBC tanks HTG Petro,M Ehtwisham,414638,0,-10476298,Bank,Purchases - IBC Tanks
2024-02-05,Notebook order,Bank Al Falah,9944,0,-22236634,Cash,Office Supplies
2024-02-05,General expense,Punjab Chemicals,2763,0,-730942,Cash,Miscellaneous
2024-02-05,Customer pickup steel drums,Local Supplier,0,107856,-10308772,Cash,Sales - Steel Drums
2024-02-05,Bought plastic drums,M Ehtisham,62846,0,2067309,Bank,Purchases - Plastic Drums
2024-02-05,Freight charges,Al-Baraka Bank,13140,0,-8784845,Bank,Freight & Conveyance
2024-02-05,Sundry charges,TCS Courier,2926,0,867712,Cash,Miscellaneous
2024-02-05,Sold plastic drums,Regular Client,0,52828,-5630239,Bank,Sales - Plastic Drums
2024-02-06,Office furniture,TCS Courier,14466,0,-22510774,Cash,Office Supplies
2024-02-06,Plastic drums received,Walkp-in Customer,127583,0,-24245405,Bank,Purchases - Plastic Drums
2024-02-06,Miscellaneous expense,Al-Baraka Bank,3630,0,-19960691,Bank,Miscellaneous
2024-02-06,Delivery charges,Habib Bank,58136,0,-3187180,Bank,Freight & Conveyance
2024-02-06,Genercal expense,City Freivght,1583,0,-24671855,Bank,Miscellaneous
2024-02-06,ibc tank procurement,Habib Bank,372524,0,-10422520,Cash,Purchases - IBC Tanks
2024-02-06,Purchase IBC small tanks,Punjab Chemicals,87027,0,-19403104,Cash,Purchases - IBC Tanks
2024-02-06,Customer IBC payment,Bank Al Falah,0,542793,-16483735,Cash,Sales - IBC Tanks
2024-02-06,Shop rent,regular client,67669,0,-19611250,Bank,Rent
2024-02-06,water bill,TCS Courier,15967,0,-18792986,Bank,Utilities
2024-02-06,Plastic drums delivered,Al-Baraka Bank,0,171928,-2658456,Bank,Sales - Plastic Drums
2024-02-07,refurbished drum sale,Bank sAl Falah,0,25642,846081,Bank,Sales - Refurbished Drums
2024-02-07,Electricity bill,HTG Petro,10193,0,-6071904,Bank,Utilities
2024-02-07,Miscellaneous exepense,Punjab Chemicals,7531,0,-22562756,Bank,Miscellaneous
2024-02-07,refurbished drum sale,Meezan Bank,0,58617,-18924975,Bank,Sales - Refurbished Drums
2024-02-07,Shop rent,Local Supplier,62601,0,-16234672,Bank,Rent
2024-02-07,Petty cash expense,Meezan Bank,2645,0,-18254127,Cash,Miscellaneous
2024-02-07,storage rent paid,City Freight,65171,0,-8759984,Cash,Rent
2024-02-07,Purchase IBC small tanks,Pakistan Drums Co,538507,0,-12596661,Bank,Purchases - IBC Tanks
2024-02-07,IBC tanks received bill,Bank Al Falah,520619,0,-3926039,Cash,Purchases - IBC Tanks
2024-02-07,Custovmer pickup steel drums,Metro Traders,0,534229,-8472043,Bank,Sales - Steel Drums
2024-02-07,Steel drums received,Al-Baraka Bansk,414162,0,-7364752,Cash,Purchases - Steel Drums
2024-02-07,Online transfer fee,Meezan vBank,1631,0,-20953956,Cash,Bank Charges
2024-02-07,Refurbished drum rsale,city freight,0,21978,-18775995,Cash,Sales - Refurbished Drums
2024-02-07,Drum refurbishing labour,M Ehtischam,26078,0,5407374,Cash,Refurbishing Costs
2024-02-07,General expense,Habib Bank,4994,0,-18251482,Cash,Miscellaneous
2024-02-07,Office rent,TCS Courier,58441,0,-23169383,Cash,Rent
2024-02-07,Printer ink,bank al falah,1051,0,-11267284,Cash,Office Supplies
2024-02-07,Stationery purchase,Walk-in Customer,13775,0,-22036352,Cash,Office Supplies
2024-02-07,Reconditioned barrel sale,Walk-in Customer,0,144802,-19052528,Cash,Sales - Refurbished Drums
2024-02-07,Steel drum sale,Metro Traders,0,562535,-17509302,Cash,Sales - Steel Drums
2024-02-07,Purchase IBC small tanks,Local Supplier,391115,0,2117304,Cash,Purchases - IBC Tanks
2024-02-07,Bought IBC tanks HTG Petro,HTiG Petro,692156,0,4407905,Bank,Purchases - IBC Tanks
2024-02-08,Phone bill,walk-in custoomer,17960,0,2671293,Cash,Utilities
2024-02-08,Office furniture,HTG Petro,8256,0,-14015922,Cash,Office Supplies
2024-02-08,internet bill,Habib Bank,10922,0,-8047466,Cash,Utilities
2024-02-08,Delivery charges,aTCS Courier,15064,0,-20175981,Cash,Freight & Conveyance
2024-02-08,Phone bill,Walkb-in Customer,12952,0,-14290508,Cash,Utilities
2024-02-08,Steel drum procurement,Al-Baraka Bank,839123,0,6455485,Cash,Purchases - Steel Drums
2024-02-08,Paper stock,TCS Courier,10463,0,-27079074,Bank,Office Supplies
2024-02-08,IBC tanks dispatched,Metro Traders,0,532603,-18327808,Cash,Sales - IBC Tanks
2024-02-08,Plastic drum procurement,Bank Al Falah,39091,0,-18817092,Cash,Purchases - Plastic Drums
2024-02-08,Petty cash expense,oWalk-in Customer,5105,0,-18443564,Bank,Miscellaneous
2024-02-08,pPaint and coating drums,City Freight,8180,0,6735508,Bank,Refurbishing Costs
2024-02-09,Storage rent paid,Localy Supplier,63806,0,-21158128,Bank,Rent
2024-02-09,Drum repair materials,TCS Courier,58802,0,-19362276,Cash,Refurbishing Costs
2024-02-09,IBC small tank invoice,tcs courier,0,785215,1118667,Cash,Sales - IBC Tanks
2024-02-09,plastic drum procurement,City Freight,138874,0,-12179855,Cash,Purchases - Plastic Drums
2024-02-09,monthly warehouse rent,Regular Client,37626,0,-5793767,Bank,Rent
2024-02-09,Bank commission,Habrib Bank,4552,0,72719,Cash,Bank Charges
2024-02-09,drums conveyance,Habib Bank,38394,0,-13592454,Bank,Freight & Conveyance
2024-02-09,Customer pickup steel drums,Regular Client,0,610168,5771039,Cash,Sales - Steel Drums
2024-02-09,Suindry charges,Regular Client,1902,0,-3087690,Cash,Miscellaneous
2024-02-09,transport expense,Al-Baraka Bank,58361,0,237000,Cash,Freight & Conveyance
2024-02-09,Purchase plastic drums,Metro Traders,77392,0,-23681030,Cash,Purchases - Plastic Drums
2024-02-09,Steel ldrum procurement,TCS Courier,604363,0,-20606953,Cash,Purchases - Steel Drums
2024-02-09,Drum repairp materials,TCS Courier,53129,0,-26395566,Bank,Refurbishing Costs
2024-02-09,stationery purchase,tcs courirer,3440,0,-24095762,Cash,Office Supplies
2024-02-09,Sold steel drums,M Ehtishham,0,437779,-18386195,Cash,Sales - Steel Drums
2024-02-10,Cheque book charges,pMeezan Bank,1447,0,-1557427,Cash,Bank Charges
2024-02-10,Drum repair materials,Meezan Bank,13647,0,-5529661,Bank,Refurbishing Costs
2024-02-10,Sandblasting cost,Metro Traders,79725,0,5125628,Cash,Refurbishing Costs
2024-02-10,Delivery charges,Walk-in Customer,30652,0,4195918,Bank,Freight & Conveyance
2024-02-10,Truck hire drums,Punjab Chemicals,57781,0,3752585,Cash,Freight & Conveyance
2024-02-10,IBC tank procurement,Metro Traders,587511,0,-21711192,Bank,Purchases - IBC Tanks
2024-02-10,IBC small tank invoice,Punjab Chemicals,0,284244,-2365522,Bank,Sales - IBC Tanks
2024-02-10,Steel drum procurement,Metro Tradbers,527818,0,-6510420,Bank,Purchases - Steel Drums
2024-02-10,customer ibc payment,Regular Client,0,577242,-22149932,Bank,Sales - IBC Tanks
2024-02-10,Plastic drums delivered,Bank Al Falah,0,138919,-13859478,Bank,Sales - Plastic Drums
2024-02-10,Petty cash expense,M Ehtisham,6677,0,-6917782,Cash,Miscellaneous
2024-02-10,Truck hire drums,TCS Courier,56863,0,-8417050,Cash,Freight & Conveyance
2024-02-10,Purchase IBC small tanks,City Freight,116077,0,-22857185,Cash,Purchases - IBC Tanks
2024-02-10,Phaint and coating drums,Pakistan Drums Co,78882,0,-16683684,Bank,Refurbishing Costs
2024-02-10,IBC tanks dispatched,Bank Al Falah,0,291698,-16556780,Bank,Sales - IBC Tanks
2024-02-10,Printer ink,al-baraka bank,13262,0,-10459688,Bank,Office Supplies
2024-02-10,Customer pickup steel drums,Regular Client,0,239184,426511,Cash,Sales - Steel Drums
2024-02-11,Plastic drums delivered,punjab chemicals,0,69411,-24026351,Bank,Sales - Plastic Drums
2024-02-11,Refurbitshed drum sale,Pakistan Drums Co,0,143257,-19040578,Bank,Sales - Refurbished Drums
2024-02-11,IBC tank procurement,Pakistan Drums Co,209854,0,-18662753,Bank,Purchases - IBC Tanks
2024-02-11,ibc small taknk invoice,Pakistan Drums Co,0,162528,5326746,Cash,Sales - IBC Tanks
2024-02-11,Steel drums dispatched,Habib Bank,0,130355,-24478169,Cash,Sales - Steel Drums
2024-02-11,Customer pickup steel drums,Wanlk-in Customer,0,500705,1217112,Cash,Sales - Steel Drums
2024-02-11,Steel drum procurement,Meezan Bank,729916,0,-20113513,Cash,Purchases - Steel Drums
2024-02-11,Transport expense,Habib Bank,13482,0,-4120847,Bank,Freight & Conveyance
2024-02-11,Paper stock,Pakistan Drums Co,7986,0,-10574201,Bank,Office Supplies
2024-02-11,Plastic drums delivered,M Ehtisham,0,56549,-24029582,Bank,Sales - Plastic Drums
2024-02-11,Paper stock,City Freight,10446,0,-22914074,Cash,Office Supplies
2024-02-11,Printer ink,Metro Traders,1651,0,90285,Bank,Office Supplies
2024-02-11,Monthly warehouse rent,Punjab Chemicals,21577,0,-16482954,Bank,Rent
2024-02-11,IBC tank procurement,City Freight,160996,0,-11714752,Bank,Purchases - IBC Tanks
2024-02-11,Cheque book charges,Habib Bank,679,0,-26317698,Cash,Bank Charges
2024-02-11,Delivery charges,HTG Petro,42729,0,-23581333,Cash,Freight & Conveyance
2024-02-12,Bought IBC tanxks HTG Petro,Punhjab Chemicals,216979,0,-2441222,Bank,Purchases - IBC Tanks
2024-02-12,customer pickup steel drums,HTG Petro,0,566553,4950722,Bank,Sales - Steel Drums
2024-02-12,IBC tanks dispatched,TCS Courier,0,443598,-20389985,Bank,Sales - IBC Tanks
2024-02-12,Sold IBrC tanks,Metro Traders,0,290902,-5404119,Bank,Sales - IBC Tanks
2024-02-12,Freight charges,City Freight,19956,0,-4515898,Bank,Freight & Conveyance
2024-02-12,Refurbished steel drums invoice,Habib Bank,0,20066,2027499,Cash,Sales - Refurbished Drums
2024-02-12,Steel drum procurement,Punjab Chemicals,593012,0,-20092494,Cash,Purchases - Steel Drums
2024-02-12,Customer IBlC payment,Local Supplier,0,783881,-13309960,Cash,Sales - IBC Tanks
2024-02-12,Cheque book charges,Habib Bank,2508,0,6637894,Bank,Bank Charges
2024-02-12,Plastic drum sale,Bank Al Falah,0,145681,2222977,Bank,Sales - Plastic Drums
2024-02-12,plastic drum procurement,Regular Client,45934,0,-11743844,Cash,Purchases - Plastic Drums
2024-02-12,IBC tanks received dbill,Locdal Supplier,144847,0,-2097187,Bank,Purchases - IBC Tanks
2024-02-12,invoice steel drums,HTG Petro,0,238980,-20025455,Bank,Sales - Steel Drums
2024-02-12,Internet bill,City Freight,10406,0,-17026143,Bank,Utilities
2024-02-13,Water boill,Walk-in Customer,19724,0,7288531,Bank,Utilities
2024-02-13,Bought steel drums HTG Petro,M Ehtisham,134706,0,-5334464,Cash,Purchases - Steel Drums
2024-02-13,office rent,Pakistan Drums Co,69390,0,-4470775,Cash,Rent
2024-02-13,Reconditioning expense,Local Supplier,75831,0,-312372,Cash,Refurbishing Costs
2024-02-13,steel drum procurement,Walk-in Customer,264699,0,-2648249,Cash,Purchases - Steel Drums
2024-02-13,Sold reconditioned drums,TCS Courier,0,42939,-23347881,Bank,Sales - Refurbished Drums
2024-02-13,Petty cash expense,Punjab Chemicals,4638,0,-22383296,Bank,Miscellaneous
2024-02-13,Bank service charges,Al-Baraka Bank,4134,0,-18448303,Cash,Bank Charges
2024-02-13,Sandblasting cost,Meezan Bank,27426,0,-18395139,Cash,Refurbishing Costs
2024-02-13,Customer IBC payment,jHabib Bank,0,148545,-20841358,Bank,Sales - IBC Tanks
2024-02-13,Stationery psurchase,city freight,11097,0,-20071176,Cash,Office Supplies
2024-02-13,Sandblasting cost,rTCS Courier,14434,0,-9906056,Bank,Refurbishing Costs
2024-02-13,Gas vcharges,pakistan drums co,16285,0,8239659,Cash,Utilities
2024-02-13,office rent,Metro Traders,75553,0,-19909255,Bank,Rent
2024-02-13,Truck hire dorums,HTG Petro,5600,0,7296814,Bank,Freight & Conveyance
2024-02-13,bank commission,M Ehtisham,2068,0,-17500118,Cash,Bank Charges
2024-02-13,Bought steel drums HTG Petro,Metro Traderks,74488,0,-19661192,Cash,Purchases - Steel Drums
2024-02-14,Online transfer fee,Regular Client,1467,0,-5756141,Bank,Bank Charges
2024-02-14,Godown rent,Meezan Bank,39213,0,1177899,Bank,Rent
2024-02-14,plastic drums received,City Freight,154895,0,5991251,Cash,Purchases - Plastic Drums
2024-02-14,Customerh pickup steel drums,metro trsaders,0,503278,-5013778,Cash,Sales - Steel Drums
2024-02-14,Monthly warehouse rent,Bank Al Falah,41076,0,-21180959,Cash,Rent
2024-02-14,Plastic drums delivered,Regular Client,0,86881,-20743306,Cash,Sales - Plastic Drums
2024-02-14,Phone bill,Punjab Chemicals,8443,0,-10109999,Bank,Utilities
2024-02-14,Sundry charges,Pakistan Drums Co,4190,0,-10100919,Cash,Miscellaneous
2024-02-14,Bought IBC tanks HTG Petro,Pakistan Drums Co,170406,0,4939911,Cash,Purchases - IBC Tanks
2024-02-14,Refurbished drum sale,bank al faclah,0,123223,-23635988,Cash,Sales - Refurbished Drums
2024-02-14,Plastic drum sale,Walk-in Customer,0,61788,-21587140,Bank,Sales - Plastic Drums
2024-02-14,purchase plastic drums,Regular Client,152720,0,-19800039,Cash,Purchases - Plastic Drums
2024-02-14,Monthly warehouse rent,HTG Petro,37432,0,-10030301,Bank,Rent
2024-02-14,Gas charges,Bank Al Falah,11525,0,-6886956,Cash,Utilities
2024-02-14,Sold IBC tanks,Metro Tradedrs,0,566903,-20640179,Cash,Sales - IBC Tanks
2024-02-14,Reconditioned barrel sale,M Ehtisham,0,68445,-5517078,Bank,Sales - Refurbished Drums
2024-02-14,Reconditioned barrel sale,Al-Baraka Bank,0,39925,-15219385,Cash,Sales - Refurbished Drums
2024-02-14,Bank commission,Bank Al Falah,2881,0,-19593097,Cash,Bank Charges
2024-02-14,IBC tank procurement,Pakistan Drums Co,324296,0,5999125,Bank,Purchases - IBC Tanks
2024-02-15,IBC tank procurement,Local Supplier,288880,0,-19926033,Bank,Purchases - IBC Tanks
2024-02-15,General expense,m ehtisham,9259,0,-20977811,Bank,Miscellaneous
2024-02-15,Steel drubm procurement,local supplier,731211,0,-11931693,Cash,Purchases - Steel Drums
2024-02-15,Bank service charges,Bank Al Falah,3766,0,-1007665,Bank,Bank Charges
2024-02-15,Sold reconditioned drums,City Freight,0,33826,-24088260,Bank,Sales - Refurbished Drums
2024-02-15,Customer pickup steel drums,Habib Bank,0,61890,2066207,Bank,Sales - Steel Drums
2024-02-15,Drum repair materials,habib bank,36321,0,-13509187,Bank,Refurbishing Costs
2024-02-15,refurbished drum sale,Regular Clicent,0,64393,-19086532,Cash,Sales - Refurbished Drums
2024-02-15,IBC tsank procurement,City Freight,379552,0,-10365618,Cash,Purchases - IBC Tanks
2024-02-15,Freight charges,m ehtisham,28791,0,1452802,Cash,Freight & Conveyance
2024-02-15,Reconditioned barrel sale,Bank Al Falah,0,106626,-384918,Cash,Sales - Refurbished Drums
2024-02-15,Petty cash expense,TCS Courier,1133,0,7232287,Cash,Miscellaneous
2024-02-15,Invoice plastic drums,Al-Baraka Bank,0,133421,-18808128,Cash,Sales - Plastic Drums
2024-02-15,Internet bill,TCS Courier,3234,0,-19590216,Cash,Utilities
2024-02-15,IBC tank procurement,Meezan Bank,420348,0,-18335269,Cash,Purchases - IBC Tanks
2024-02-15,sandblasting cost,Pakistan Drums Co,46740,0,-19881256,Cash,Refurbishing Costs
2024-02-15,Drums conveyance,Pakistan Drums Co,56132,0,5294932,Cash,Freight & Conveyance
2024-02-15,paper stock,bank al falah,4857,0,-19091389,Bank,Office Supplies
2024-02-15,Plastic drum sale,Al-Baraka Bank,0,128275,-8071365,Cash,Sales - Plastic Drums
2024-02-15,Office furniture,Metro Traders,4822,0,-21808766,Bank,Office Supplies
2024-02-15,IBC tank procurement,Bank Al Falah,282829,0,-22147594,Bank,Purchases - IBC Tanks
2024-02-15,Invoice steel drums,Punjab Chemicals,0,110830,-19446192,Cash,Sales - Steel Drums
2024-02-16,Reconditioned barrel sale,Metro Traders,0,119582,-330594,Cash,Sales - Refurbished Drums
2024-02-16,IBC smhall tank invoice,Walk-in Customer,0,133564,7844501,Bank,Sales - IBC Tanks
2024-02-16,water bill,Regular Client,3654,0,-19191341,Cash,Utilities
2024-02-16,IBC tanks dispatched,Pakistan Drums zCo,0,166584,6433278,Cash,Sales - IBC Tanks
2024-02-16,Plastic drums received,tcs courier,167597,0,-3317687,Cash,Purchases - Plastic Drums
2024-02-16,Refurbished drum sale,Bank Al Falah,0,140649,-9951306,Bank,Sales - Refurbished Drums
2024-02-16,Eletctricity bill,city freight,8924,0,-17186241,Bank,Utilities
2024-02-16,IBC tanks received bill,Habib Bank,290104,0,7763185,Cash,Purchases - IBC Tanks
2024-02-16,Sold plastic drums,metro traders,0,98007,820439,Bank,Sales - Plastic Drums
2024-02-16,Water bill,Meezan Bank,14875,0,-10380493,Bank,Utilities
2024-02-16,Internet bill,Puhnjab Chemicals,10989,0,1799531,Cash,Utilities
2024-02-16,sandblasting cost,M Ehtisham,36373,0,6266694,Cash,Refurbishing Costs
2024-02-16,Reconditiboning expense,Al-Baragka Bank,23630,0,-5125135,Bank,Refurbishing Costs
2024-02-16,Refurbished drum sale,Al-Baraka Balnk,0,68594,4090441,Cash,Sales - Refurbished Drums
2024-02-16,Transport expense,Habib Btank,10101,0,-18700582,Cash,Freight & Conveyance
2024-02-16,Paper stock,city freight,6096,0,-11956067,Bank,Office Supplies
2024-02-17,Reconditioned barrel sale,HTG Petro,0,80523,-6273183,Cash,Sales - Refurbished Drums
2024-02-17,Paint and coating drums,Walk-in Customer,20441,0,-21796436,Cash,Refurbishing Costs
2024-02-17,Steel drum procurement,Local iSupplier,521718,0,-10683434,Bank,Purchases - Steel Drums
2024-02-17,Cheque booxk charges,Al-Baraka Bank,2011,0,-18058113,Bank,Bank Charges
2024-02-17,Drum refurbishing labour,Bank Al Falah,41034,0,-18427229,Cash,Refurbishing Costs
2024-02-17,IBC tank procurement,M Ehtisham,268448,0,-19442615,Bank,Purchases - IBC Tanks
2024-02-17,Office rent,Meezan Bank,28290,0,318435,Cash,Rent
2024-02-17,Water bill,Regular Client,3416,0,8358789,Cash,Utilities
2024-02-17,Sold steel drums,Walk-in Customer,0,385720,5528326,Cash,Sales - Steel Drums
2024-02-18,Petty cash expense,M Ehtisham,3548,0,-6430044,Cash,Miscellaneous
2024-02-18,IBC taank procurement,Punjab Chemicals,222530,0,-22754448,Bank,Purchases - IBC Tanks
2024-02-18,Bank commission,Punjab Chemicals,4911,0,-23607547,Bank,Bank Charges
2024-02-18,Purchase steel drums,Al-Baraka Bank,714716,0,-21321669,Cash,Purchases - Steel Drums
2024-02-18,Truck hire drums,Pakistan Drums Co,58559,0,-24614633,Bank,Freight & Conveyance
2024-02-18,Drums conveyance,Punjab Chemicals,28231,0,-24903652,Cash,Freight & Conveyance
2024-02-18,Notebook order,City Freight,4211,0,-10187846,Cash,Office Supplies
2024-02-18,Pjaint and coating drums,M Ehtgisham,26196,0,-4269729,Cash,Refurbishing Costs
2024-02-18,Sold IBC tanks,City Fdreight,0,474631,-1746915,Bank,Sales - IBC Tanks
2024-02-18,IBC tank sale,City Freight,0,369154,-20377623,Cash,Sales - IBC Tanks
2024-02-18,Purchase IBC small tanks,HTG Petro,608556,0,-14570830,Bank,Purchases - IBC Tanks
2024-02-18,Bank commission,HTG Petro,886,0,8919352,Cash,Bank Charges
2024-02-18,Steel drums received,Bank Al Falah,826010,0,-1487345,Cash,Purchases - Steel Drums
2024-02-18,Bought plastic drums,Bank Al Falah,60878,0,-403991,Bank,Purchases - Plastic Drums
2024-02-18,Sundry charges,HTG Pegtro,5589,0,2975176,Cash,Miscellaneous
2024-02-18,reconditioning expense,tcs courier,19368,0,-18145079,Bank,Refurbishing Costs
2024-02-19,Internet bill,M Ehtisham,14226,0,-21516198,Bank,Utilities
2024-02-19,Bank commission,Walk-in Customer,2393,0,-16668199,Bank,Bank Charges
2024-02-19,Bought IBC tanks HTG Petro,meezan bank,244960,0,1335881,Cash,Purchases - IBC Tanks
2024-02-19,Reconditioning expense,Punjab Chemicals,51022,0,-11898659,Bank,Refurbishing Costs
2024-02-19,Cheque book chjarges,Punjab kChemicals,1846,0,-2850744,Cash,Bank Charges
2024-02-19,Office furniture,City Freight,8828,0,-4701499,Bank,Office Supplies
2024-02-19,Internet bill,Al-Baraka Bank,11505,0,-21451970,Cash,Utilities
2024-02-19,Bought plastic drums,M Ehtishsam,137215,0,-25791978,Cash,Purchases - Plastic Drums
2024-02-19,Steel drum procurement,Pakistan Drums Co,239984,0,-25514551,Bank,Purchases - Steel Drums
2024-02-19,godown rent,walk-in customer,69833,0,-19749306,Cash,Rent
2024-02-19,Drum repair materials,Meezan Blank,31462,0,241077,Cash,Refurbishing Costs
2024-02-20,Reconditioned dbarrel sale,Pakistan Drums Co,0,29310,-17292462,Bank,Sales - Refurbished Drums
2024-02-20,Steel drum sale,Habib Bank,0,460690,-11553756,Cash,Sales - Steel Drums
2024-02-20,IBC small tank invoice,Al-Baraka Bank,0,295044,-16380720,Bank,Sales - IBC Tanks
2024-02-20,Godown rent,Regular Client,20930,0,-25089372,Bank,Rent
2024-02-20,ibc small tank invoice,Local Supplier,0,597072,-6898004,Cash,Sales - IBC Tanks
2024-02-20,Petty cash expense,Metro Traders,2702,0,-19481127,Cash,Miscellaneous
2024-02-20,Drumv refurbishing labour,HTG Petro,5808,0,-24782672,Bank,Refurbishing Costs
2024-02-20,Basnk commission,Punjab Chemicals,1393,0,-9992261,Cash,Bank Charges
2024-02-20,Refurbished steel drums invoice,TCS Courier,0,56961,-6410789,Bank,Sales - Refurbished Drums
2024-02-20,Gas charges,Regular Client,19857,0,-20961779,Cash,Utilities
2024-02-20,IBC tank sale,Al-Baraka Bank,0,603141,-7399066,Bank,Sales - IBC Tanks
2024-02-20,Sundry charges,Meezan Bank,5396,0,-22633956,Cash,Miscellaneous
2024-02-20,bank service charges,HTG Petrto,3178,0,-23721756,Bank,Bank Charges
2024-02-20,Office furniture,Meezan Bank,14813,0,-18870914,Bank,Office Supplies
2024-02-20,IBC tanks received bill,Walk-in Customer,204296,0,-27146732,Bank,Purchases - IBC Tanks
2024-02-21,Office rent,Walk-in Customer,64837,0,-9873412,Cash,Rent
2024-02-21,Truck hire drums,Local Supplier,17878,0,-19203123,Cash,Freight & Conveyance
2024-02-21,Sold reconditioned drums,HTG Petro,0,96606,-23528373,Bank,Sales - Refurbished Drums
2024-02-21,Steel drums received,HTG Petro,394561,0,-25436322,Cash,Purchases - Steel Drums
2024-02-21,Electricity bill,bank al falah,15530,0,-20386397,Bank,Utilities
2024-02-21,Transport expense,Meezanx Bank,18016,0,-8054144,Bank,Freight & Conveyance
2024-02-21,IBC tanks received bill,Punjab Chemiceals,650011,0,-26942436,Bank,Purchases - IBC Tanks
2024-02-21,Purchase IBC small tanks,TCS Courier,336892,0,-25797987,Cash,Purchases - IBC Tanks
2024-02-21,Purchase steel drums,M Ehtisham,367144,0,-17472257,Bank,Purchases - Steel Drums
2024-02-21,Electricity bill,Pakistan Drums Co,9012,0,-10106660,Cash,Utilities
2024-02-21,Water bill,City Frueight,14006,0,-22433786,Bank,Utilities
2024-02-21,Water gbill,Punjab Chemicals,14601,0,-23243270,Cash,Utilities
2024-02-21,Freight charges,Regular Client,27826,0,-20240377,Bank,Freight & Conveyance
2024-02-21,Refurbished drum sale,Walk-in Customer,0,36649,-22226639,Cash,Sales - Refurbished Drums
2024-02-21,Bank commission,HTG Petro,2130,0,-8903289,Cash,Bank Charges
2024-02-21,Miscellalneous expense,punjab chemicals,5967,0,-1972080,Bank,Miscellaneous
2024-02-21,Sold recvonditioned drums,Walk-in Customer,0,71700,-8784011,Cash,Sales - Refurbished Drums
2024-02-22,Invoice steel drums,Local Supplier,0,707859,2022200,Cash,Sales - Steel Drums
2024-02-22,IBC tanks dispatched,Habib Bank,0,292888,-24850700,Bank,Sales - IBC Tanks
2024-02-22,Storage rent paid,M Ehtisham,42468,0,-13551655,Bank,Rent
2024-02-22,Sundry charges,Punjab Chemicals,577,0,-15371497,Cash,Miscellaneous
2024-02-22,Gas charges,Walk-in Customer,9220,0,4261409,Cash,Utilities
2024-02-22,Online transfer fee,walk-in customer,2353,0,7440173,Bank,Bank Charges
2024-02-22,Plastic drums received,Habib Bank,173889,0,-23701829,Bank,Purchases - Plastic Drums
2024-02-22,Paper stock,Meezan Bank,1425,0,-19713222,Bank,Office Supplies
2024-02-22,Internet bill,Meezan Bank,4615,0,-19023367,Bank,Utilities
2024-02-22,Steel drum sale,Bank Al Falah,0,678508,-22985032,Bank,Sales - Steel Drums
2024-02-22,Monthly warehouse regnt,Pakistan Drums Co,34055,0,760202,Cash,Rent
2024-02-22,Recbonditioning expense,Bank Al Falah,51110,0,-545144,Bank,Refurbishing Costs
2024-02-22,IBC tank procurement,HTG Petro,515559,0,-7222771,Bank,Purchases - IBC Tanks
2024-02-22,Invoice steel drums,Local Supplier,0,393159,-1177326,Cash,Sales - Steel Drums
2024-02-22,Bought plastic drums,Al-Baraka Bank,130778,0,-834532,Cash,Purchases - Plastic Drums
2024-02-23,freight charges,bhtg petro,46959,0,1211093,Cash,Freight & Conveyance
2024-02-23,Refurbished steel drums invoice,al-baraka bank,0,94105,-14150351,Bank,Sales - Refurbished Drums
2024-02-23,IBC tank sale,Punjab Chemicals,0,614004,-19644499,Cash,Sales - IBC Tanks
2024-02-23,Bought plastic drums,City Freight,178722,0,961794,Cash,Purchases - Plastic Drums
2024-02-23,jIBC tanks dispatched,Al-Barakah Bank,0,238795,475795,Bank,Sales - IBC Tanks
2024-02-23,Paper stock,HTG Petro,12240,0,-22679361,Bank,Office Supplies
2024-02-24,General expense,rHTG Petro,9314,0,-18349699,Bank,Miscellaneous
2024-02-24,Internejt bill,M Ehtisham,2323,0,7949794,Bank,Utilities
2024-02-24,Plastic drums received,City Freight,118017,0,-12014446,Bank,Purchases - Plastic Drums
2024-02-24,Customer pickup sterel drums,M Ehtisham,0,251422,722261,Cash,Sales - Steel Drums
2024-02-24,Godown rent,City Fcreight,29037,0,-24116236,Cash,Rent
2024-02-24,Steel drum proclurement,HTG iPetro,673255,0,-19114967,Bank,Purchases - Steel Drums
2024-02-24,Cheque book charges,Bank Al Falah,3464,0,-21358113,Cash,Bank Charges
2024-02-24,steel drum sale,HTG Petro,0,800058,6731994,Bank,Sales - Steel Drums
2024-02-24,Bought steel drums HTG Petbro,Meezan Bank,90361,0,-18250213,Cash,Purchases - Steel Drums
2024-02-24,Plastic drums received,meezan bank,183643,0,-10224993,Cash,Purchases - Plastic Drums
2024-02-24,IBC tanks received bill,City Freight,432792,0,-18568599,Bank,Purchases - IBC Tanks
2024-02-24,Steel drums dispatched,Metro Traders,0,800027,-20740900,Bank,Sales - Steel Drums
2024-02-24,ibc tanks dispatched,Al-Baraka Bank,0,483242,-21101077,Cash,Sales - IBC Tanks
2024-02-24,Customer pickup steel drums,M Ehtisham,0,694163,-14719630,Cash,Sales - Steel Drums
2024-02-24,IBC tanks received bilcl,Pakistan Drums Co,281893,0,-10991938,Bank,Purchases - IBC Tanks
2024-02-24,Plastic drum sale,Pakistan Drums Co,0,127056,1458786,Cash,Sales - Plastic Drums
2024-02-25,Bank commission,Local Supplier,1480,0,-24875421,Cash,Bank Charges
2024-02-25,Steel drums dispatched,Metro Traders,0,313436,-379705,Bank,Sales - Steel Drums
2024-02-25,Customer pickup steel drums,Punjab Chemicals,0,277141,-12856019,Cash,Sales - Steel Drums
2024-02-25,monthly waprehouse rent,Habib Bank,23671,0,-10299278,Bank,Rent
2024-02-25,Paint and pcoating drums,Bank Al Falah,52901,0,-7968891,Cash,Refurbishing Costs
2024-02-25,vCustomer payment plastic drums,Regular Client,0,131716,-18159033,Cash,Sales - Plastic Drums
2024-02-25,plastics drums delivered,HTG Petro,0,197931,-2820078,Cash,Sales - Plastic Drums
2024-02-25,Sold plastic drums,Metro Traders,0,152809,-3624509,Bank,Sales - Plastic Drums
2024-02-25,Online transfer fee,walk-qin customer,4602,0,-21713586,Bank,Bank Charges
2024-02-25,Petty cash expense,Hdabib Bank,9425,0,-17858591,Cash,Miscellaneous
2024-02-25,Plastic drum sale,City Freight,0,175804,1668027,Bank,Sales - Plastic Drums
2024-02-25,Steeld drum procurement,City Freight,553261,0,3723813,Bank,Purchases - Steel Drums
2024-02-26,Plastic drum procurement,Habib Bank,116765,0,-22427660,Bank,Purchases - Plastic Drums
2024-02-26,Reconditioning expense,Habib Bank,25417,0,-19503819,Bank,Refurbishing Costs
2024-02-26,Bought IBC tanks HTG Petro,M Ehtisham,311405,0,6055780,Bank,Purchases - IBC Tanks
2024-02-26,office rent,Walk-in Customer,43735,0,-20220473,Cash,Rent
2024-02-26,Plnastic drum procurement,Pakistan Drums Co,55403,0,7873678,Cash,Purchases - Plastic Drums
2024-02-26,Invoice plastic drulms,Walk-in Customer,0,146795,-16671560,Bank,Sales - Plastic Drums
2024-02-26,Reconditioned barrel sale,M Ehtisham,0,29945,8480726,Bank,Sales - Refurbished Drums
2024-02-26,Pladstic drum sale,Local Supplier,0,122756,-9258460,Bank,Sales - Plastic Drums
2024-02-26,Customer pickup steel drums,Bank Al Falah,0,368328,-19695684,Cash,Sales - Steel Drums
2024-02-26,Steel drums received,Al-Baraka Bank,80655,0,-20045356,Cash,Purchases - Steel Drums
2024-02-26,Notebook order,Regular Client,4746,0,6027911,Cash,Office Supplies
2024-02-26,Bought plastic drums,Local Supplier,102759,0,2573124,Bank,Purchases - Plastic Drums
2024-02-26,Truck hire drums,Metro Traders,45189,0,-5454976,Bank,Freight & Conveyance
2024-02-26,IBC tanks received bill,Punjab Chemicals,569013,0,-7941604,Cash,Purchases - IBC Tanks
2024-02-26,General expense,Al-Baraka Bank,5550,0,-21327219,Cash,Miscellaneous
2024-02-26,Online transfer fee,Local Supplier,4424,0,-23461264,Bank,Bank Charges
2024-02-26,Plastic drums received,Al-Baraka Bank,75093,0,-19834516,Cash,Purchases - Plastic Drums
2024-02-26,Steel drums received,meezan bank,388263,0,-23557646,Bank,Purchases - Steel Drums
2024-02-26,Customer IBC payment,Punjab Chemicals,0,109125,4238813,Cash,Sales - IBC Tanks
2024-02-26,Invoice plastic drums,M Ehtisham,0,78685,-10262802,Cash,Sales - Plastic Drums
2024-02-26,Bought steel drums HTG Petro,HTG Petro,350741,0,-23374394,Cash,Purchases - Steel Drums
2024-02-26,Bought plastirc drums,Punjab Chemicals,123277,0,-20635119,Cash,Purchases - Plastic Drums
2024-02-26,Plastic drum procurement,Pakistan Drums Co,69776,0,-14606491,Bank,Purchases - Plastic Drums
2024-02-27,Storage rent paid,TCS Courier,25577,0,-22903628,Bank,Rent
2024-02-27,Reconditioning expense,Al-Baraka Bank,65156,0,-13259661,Cash,Refurbishing Costs
2024-02-27,Bought plastibc drums,Pakistan Drums Co,78445,0,-21867988,Cash,Purchases - Plastic Drums
2024-02-27,IBC tank procurement,Regular Client,354261,0,2527483,Cash,Purchases - IBC Tanks
2024-02-27,Miscellaneous expense,Regular Client,7467,0,2014733,Cash,Miscellaneous
2024-02-27,customer pickup steel drums,Bank Al Falah,0,825968,-23698765,Bank,Sales - Steel Drums
2024-02-27,Transport expense,Punjab Chemicals,50913,0,-5683067,Bank,Freight & Conveyance
2024-02-27,Storage rent paid,City Freight,73711,0,-16817222,Bank,Rent
2024-02-27,Refurbished steel drums invoice,Punjab Chemicals,0,140545,-190049,Cash,Sales - Refurbished Drums
2024-02-27,IBC tank procurement,Regular Client,333053,0,715236,Bank,Purchases - IBC Tanks
2024-02-27,Refurbished steel drums invoice,city freight,0,92872,-4668616,Bank,Sales - Refurbished Drums
2024-02-27,Sold reconditioned drums,Pakistan Drums Co,0,54064,-23546529,Bank,Sales - Refurbished Drums
2024-02-27,Plastic drum sale,TCS Courier,0,170020,-12245109,Cash,Sales - Plastic Drums
2024-02-27,IBC small tank invoice,Bank Al Falah,0,193489,-24845856,Bank,Sales - IBC Tanks
2024-02-27,Freight charges,Meezan Bank,26784,0,-10030311,Bank,Freight & Conveyance
2024-02-27,steel drum procurement,M Ehtisham,84008,0,8574330,Bank,Purchases - Steel Drums
2024-02-27,Boughct plastic drums,Punjab Chemicals,78545,0,-17358375,Cash,Purchases - Plastic Drums
2024-02-27,Gas charges,Pakistan oDrums Co,4884,0,4213581,Bank,Utilities
2024-02-27,IBC tank procurement,regular client,352386,0,7506488,Bank,Purchases - IBC Tanks
2024-02-27,Customer payment plastic drums,habib bank,0,141206,-14730424,Cash,Sales - Plastic Drums
2024-02-27,Bank commission,Regular Client,4968,0,218313,Cash,Bank Charges
2024-02-27,Delivery charges,TCS Courier,48984,0,7335588,Bank,Freight & Conveyance
2024-02-28,sandgblasting cost,TCS Courier,13715,0,-16417870,Cash,Refurbishing Costs
2024-02-28,General expense,Pakistan Drumsp Co,5448,0,-6198835,Cash,Miscellaneous
2024-02-28,Steel drum procurement,M Ehtisham,675766,0,-6190534,Bank,Purchases - Steel Drums
2024-02-28,Water bill,Local Supplier,7496,0,-10923160,Cash,Utilities
2024-02-28,Sold reconditioned drums,City Freight,0,130139,-10915664,Cash,Sales - Refurbished Drums
2024-02-28,ibc taink sale,Metro fTraders,0,181210,-19876116,Cash,Sales - IBC Tanks
2024-02-28,Steel drums received,Habib Bank,511512,0,-14466087,Bank,Purchases - Steel Drums
2024-02-28,Internet bill,Local Supplier,4393,0,-20508122,Bank,Utilities
2024-02-28,Water bill,Hoabib Bank,8558,0,-18882849,Bank,Utilities
2024-02-28,Bought steel drums HTG Petro,Walk-in Customer,81953,0,-22049319,Cash,Purchases - Steel Drums
2024-02-28,Sold plastic drums,M Ehtisham,0,179887,350605,Bank,Sales - Plastic Drums
2024-02-28,paint and coating drums,City Freight,57228,0,-19031888,Bank,Refurbishing Costs
2024-02-28,Storage rent paid,Cityn Freight,26283,0,-25448240,Cash,Rent
2024-02-28,Sold plastic drums,City Freight,0,93252,-353904,Bank,Sales - Plastic Drums
2024-02-28,Delivnery charges,Bank Al Falah,19893,0,-22770077,Cash,Freight & Conveyance
2024-02-29,IBC small tank invoice,Habib Bank,0,676123,-14803991,Cash,Sales - IBC Tanks
2024-02-29,Gas charges,Puinjab Chemicals,17742,0,-18670538,Bank,Utilities
2024-02-29,Plastic drum sale,Local Sgupplier,0,183506,-25725242,Bank,Sales - Plastic Drums
2024-02-29,Customer IBC payment,punjab chemicals,0,367066,-21365807,Bank,Sales - IBC Tanks
2024-02-29,Monthly warehouse rent,Habib Bank,44785,0,-21726521,Cash,Rent
2024-02-29,Refurbished steel drums invoice,Metro Traderls,0,37064,-2184398,Cash,Sales - Refurbished Drums
2024-02-29,Plastic drums delivered,regular client,0,51709,-18775980,Bank,Sales - Plastic Drums
2024-02-29,General expense,Pakistan Drums Co,1442,0,-20878746,Cash,Miscellaneous
2024-02-29,Phone bill,Punjab Chemicals,8122,0,-15781908,Cash,Utilities
2024-02-29,Reconditioning expense,Walk-in Customer,41098,0,-18092490,Bank,Refurbishing Costs
2024-02-29,Office furniture,City Freight,11978,0,4297581,Cash,Office Supplies
2024-02-29,Gas charges,Bank Al Falah,9286,0,420982,Cash,Utilities
2024-02-29,Refurbished steelw drums invoice,Metro Traders,0,109426,-13491381,Cash,Sales - Refurbished Drums
2024-02-29,Printer ink,Metro Traders,11520,0,-5922496,Bank,Office Supplies
2024-02-29,Plastic drum procurement,City Freitght,110227,0,-16927449,Cash,Purchases - Plastic Drums
2024-02-29,Paint and coating drums,Meezan Bank,42480,0,-22956315,Cash,Refurbishing Costs
2024-03-01,Internet bill,Regular Client,6340,0,-9193501,Bank,Utilities
2024-03-01,Steel drums received,City Freight,198620,0,-11847637,Bank,Purchases - Steel Drums
2024-03-01,sold ibc tanks,Habib Bank,0,268946,-2910496,Bank,Sales - IBC Tanks
2024-03-01,Nothebook order,Local Supplier,13590,0,8474890,Cash,Office Supplies
2024-03-01,Drum repair materials,Local Supplier,44971,0,-24889957,Bank,Refurbishing Costs
2024-03-01,Steel drum sale,vRegular Client,0,591928,7821010,Cash,Sales - Steel Drums
2024-03-01,IBC tank sale,Al-Barmaka Bank,0,220152,-10656477,Bank,Sales - IBC Tanks
2024-03-01,Refurbished steel drums tinvoice,Bank Al Falah,0,116784,-20308965,Cash,Sales - Refurbished Drums
2024-03-01,Gas chwarges,Meezan Bank,8904,0,-8063056,Cash,Utilities
2024-03-01,Bougqht plastic drums,Pakistan Drums Co,171632,0,-18860411,Bank,Purchases - Plastic Drums
2024-03-01,Purchase plastic drums,Regular Client,161678,0,284940,Cash,Purchases - Plastic Drums
2024-03-01,IBC tanks dispatched,Walk-in Customer,0,241627,-2434132,Bank,Sales - IBC Tanks
2024-03-01,Sandblamsting cost,Regular Client,30564,0,-8694813,Bank,Refurbishing Costs
2024-03-02,Stationery purchase,wailk-in customer,11602,0,-21561600,Cash,Office Supplies
2024-03-02,Steel drum procurement,Meezan Bank,570849,0,-4670263,Bank,Purchases - Steel Drums
2024-03-02,General expeunse,M Ehtxisham,757,0,-20176738,Cash,Miscellaneous
2024-03-02,Purchase plastic drums,Metro Traders,100741,0,-16377562,Bank,Purchases - Plastic Drums
2024-03-02,Plastic drums delivered,Local Supplier,0,173013,-20212551,Cash,Sales - Plastic Drums
2024-03-02,IBC wtanks dispatched,HTG Petro,0,757788,-22970471,Cash,Sales - IBC Tanks
2024-03-02,purchase ibc small tanks,Meezan Bank,649401,0,-9099488,Cash,Purchases - IBC Tanks
2024-03-02,Online transfer fee,HTG Petro,4778,0,-19445666,Bank,Bank Charges
2024-03-02,Miscellaneous expense,TCS Courier,6883,0,-11774800,Cash,Miscellaneous
2024-03-02,Purchase steel drums,M Ehtisham,285879,0,-16861137,Cash,Purchases - Steel Drums
2024-03-02,Purchase steel drums,TCS Courier,728940,0,427862,Cash,Purchases - Steel Drums
2024-03-02,Sold rmeconditioned drums,Habib Bank,0,54496,-16606007,Bank,Sales - Refurbished Drums
2024-03-02,IBC small tank invoice,Local Supplier,0,482582,3997204,Bank,Sales - IBC Tanks
2024-03-02,steel drum procurement,TCS Courier,360863,0,-2916132,Cash,Purchases - Steel Drums
2024-03-02,Cheque book charges,Walk-in Customer,3781,0,4344615,Bank,Bank Charges
2024-03-02,Godown rent,Al-Baraka Bank,55913,0,-19639628,Bank,Rent
2024-03-02,reconditioning expense,TCS Courier,55583,0,-20065980,Cash,Refurbishing Costs
2024-03-02,IBC small tank invoice,Mletro Traders,0,776288,-981419,Bank,Sales - IBC Tanks
2024-03-02,Plastic drums delivered,Pakistan Drums Co,0,107847,-22120792,Cash,Sales - Plastic Drums
2024-03-02,Miscellaneous expense,TCS Courier,9880,0,-21783468,Cash,Miscellaneous
2024-03-03,Paper stock,City Freight,1477,0,-10101556,Cash,Office Supplies
2024-03-03,Invoice steel drums,Pakistan Drums Co,0,601877,4262198,Cash,Sales - Steel Drums
2024-03-03,Water bill,Regular Celient,18365,0,-12198220,Bank,Utilities
2024-03-03,Bought steel drums HTG Petro,M Ehtisham,610701,0,5497863,Bank,Purchases - Steel Drums
2024-03-03,IBC tanks received bill,Walk-in Customer,585258,0,-6135406,Bank,Purchases - IBC Tanks
2024-03-03,Cheque book charges,tTCS Courier,1946,0,4859735,Cash,Bank Charges
2024-03-03,Truck hire drums,htg petro,56247,0,-15861156,Bank,Freight & Conveyance
2024-03-03,Paper stock,Al-Baraka Bank,2197,0,-15783844,Bank,Office Supplies
2024-03-03,Truck hire drums,M Ehtisham,55398,0,-16280709,Bank,Freight & Conveyance
2024-03-03,Purchase IBC small tanks,Local Supplier,203629,0,-20264435,Bank,Purchases - IBC Tanks
2024-03-03,IBC tanks dispatched,Habib Bank,0,563774,-11150978,Cash,Sales - IBC Tanks
2024-03-03,Steel drums received,pakistan drums co,141488,0,-10446426,Cash,Purchases - Steel Drums
2024-03-04,ibc small tank invoice,City Fbreight,0,678811,-19575606,Bank,Sales - IBC Tanks
2024-03-04,Inteprnet bill,Punjab Chemicals,8876,0,-17766230,Cash,Utilities
2024-03-04,ibc small tank invoice,Habib Bank,0,203113,5168200,Cash,Sales - IBC Tanks
2024-03-04,Online transfer fee,TCS Courier,4941,0,-7966964,Cash,Bank Charges
2024-03-04,Office furniture,Pakistan Drums Co,3577,0,-23330954,Bank,Office Supplies
2024-03-04,Bank service charges,Metro Traders,2997,0,-17233692,Bank,Bank Charges
2024-03-04,Sold steel drums,City Freight,0,51601,-15854749,Cash,Sales - Steel Drums
2024-03-04,Plastic drums received,Metro Traders,107565,0,-19434357,Cash,Purchases - Plastic Drums
2024-03-04,Invoice plastic drums,Local Supplier,0,97083,-18690853,Cash,Sales - Plastic Drums
2024-03-04,Customer pickup steel drums,TCS Courier,0,263374,-9442414,Bank,Sales - Steel Drums
2024-03-04,Sundry charges,Habib Bank,610,0,-20504082,Bank,Miscellaneous
2024-03-05,Paper stock,htg petrdo,8763,0,-24116947,Bank,Office Supplies
2024-03-05,Sandblasting cost,Meezan Bank,27859,0,-3561031,Bank,Refurbishing Costs
2024-03-05,gSold IBC tanks,Metro Traders,0,289084,-14044570,Cash,Sales - IBC Tanks
2024-03-05,Monthly warehouse rent,Al-Baraka Bank,25594,0,5142606,Bank,Rent
2024-03-05,Gas charges,M Ehtimsham,4073,0,-5104707,Cash,Utilities
2024-03-05,Shop rent,Punjab Chemicals,22004,0,-2822269,Cash,Rent
2024-03-05,Reconditioning expense,TCS Courier,59424,0,-20445596,Bank,Refurbishing Costs
2024-03-05,Truck hire drums,City Freight,57423,0,-11669104,Cash,Freight & Conveyance
2024-03-05,Bank service charges,Regular Clienlt,4397,0,-22044888,Cash,Bank Charges
2024-03-05,Paper stock,City Freight,6239,0,-26261151,Bank,Office Supplies
2024-03-06,Plastic drums received,Meeqzan Bank,70812,0,-22085117,Cash,Purchases - Plastic Drums
2024-03-06,Shop rent,Meezan Bank,75628,0,4062890,Bank,Rent
2024-03-06,Plastic drums received,Punjab Chemicals,128947,0,-19540186,Cash,Purchases - Plastic Drums
2024-03-06,plaestic drum procurement,Ljocal Supplier,199515,0,508692,Cash,Purchases - Plastic Drums
2024-03-06,Plastic drum procurement,Walwk-in Customer,39102,0,-10510629,Cash,Purchases - Plastic Drums
2024-03-06,Sold reconditioned drums,Meezan Bank,0,138873,-19366962,Cash,Sales - Refurbished Drums
2024-03-06,Bought plastic drums,Pakistan Drums Co,101115,0,-9854496,Cash,Purchases - Plastic Drums
2024-03-06,Purchase plastic drums,regular client,127268,0,-7350039,Bank,Purchases - Plastic Drums
2024-03-06,Bought plastic drums,HTGe Petro,193812,0,-21732873,Cash,Purchases - Plastic Drums
2024-03-06,Dwrums conveyance,Al-Baraka Bank,36964,0,870638,Bank,Freight & Conveyance
2024-03-06,freight charges,Muetro Traders,12916,0,-15692598,Cash,Freight & Conveyance
2024-03-06,Bought plastic drums,tM Ehtisham,132908,0,-6573332,Bank,Purchases - Plastic Drums
2024-03-06,Steel drums received,local suppjlier,644250,0,-16505406,Bank,Purchases - Steel Drums
2024-03-06,Petty cash expense,Meezan Bank,2164,0,-6755328,Bank,Miscellaneous
2024-03-06,Gas charges,HTG Petro,5277,0,-20645456,Bank,Utilities
2024-03-06,Electricity bill,Punjab Chemicals,5198,0,-22404110,Cash,Utilities
2024-03-07,electricity bill,HTG Petro,16614,0,-10724204,Bank,Utilities
2024-03-07,purchase steel drums,Walk-in Customer,389002,0,-9132142,Bank,Purchases - Steel Drums
2024-03-07,Purchase IBC small tanks,HTG Petro,343370,0,-8898875,Cash,Purchases - IBC Tanks
2024-03-07,Steel drums received,Regular Client,261777,0,-11837081,Cash,Purchases - Steel Drums
2024-03-07,gas charges,Regular Client,8037,0,-19289034,Cash,Utilities
2024-03-07,elenctricity bill,Walk-in Customer,10256,0,-21789543,Cash,Utilities
2024-03-07,Electricity bill,Meezan Bank,2310,0,-8419360,Cash,Utilities
2024-03-07,Refurbisheda drum sale,TCS Courier,0,73855,-19777480,Bank,Sales - Refurbished Drums
2024-03-07,IBC tanks received bill,Pakistan Drums Co,221781,0,-5583999,Cash,Purchases - IBC Tanks
2024-03-07,Steel rdrum procurement,Regular Client,273643,0,206135,Cash,Purchases - Steel Drums
2024-03-07,Odnline transfer fee,Pakistan Drums Co,2794,0,4920418,Cash,Bank Charges
2024-03-07,Cbustomer pickup steel drums,City Freight,0,890140,-7051464,Cash,Sales - Steel Drums
2024-03-08,Drum repair materials,Local Supplier,71587,0,-23075262,Bank,Refurbishing Costs
2024-03-08,Drums conveyance,Pakistan Drums Co,8768,0,-13907261,Cash,Freight & Conveyance
2024-03-08,Bought IBC tanks HTG Petro,Metro Traders,592599,0,-17500647,Bank,Purchases - IBC Tanks
2024-03-08,Reconditioning expense,Punjab Chemicals,52852,0,-8794379,Bank,Refurbishing Costs
2024-03-08,Bought IBC tanks HTG Petro,TCS Courier,552384,0,-16822589,Cash,Purchases - IBC Tanks
2024-03-08,IBC tank procurement,Locajl Supplier,559367,0,5531974,Cash,Purchases - IBC Tanks
2024-03-08,Shop rent,Local Supplioer,43518,0,-9692510,Bank,Rent
2024-03-08,Purchase IBC small tanks,M Ehtisham,323750,0,-9700095,Bank,Purchases - IBC Tanks
2024-03-08,Refurbished drum sale,M Ehtisham,0,129154,-8654801,Bank,Sales - Refurbished Drums
2024-03-08,Customer payment plastic drums,regular client,0,50695,-22913835,Cash,Sales - Plastic Drums
2024-03-08,Printer ink,Metro Tradzers,8622,0,-19442979,Cash,Office Supplies
2024-03-08,general expense,Al-Baraka Bank,3004,0,-17512306,Cash,Miscellaneous
2024-03-09,Plastic drum procurement,City Freight,76557,0,2608006,Cash,Purchases - Plastic Drums
2024-03-09,Petty cash expense,M Ehtisham,7095,0,-15200580,Bank,Miscellaneous
2024-03-09,Purchase IBC small tanks,metro traders,598317,0,1098598,Bank,Purchases - IBC Tanks
2024-03-09,Gas charpges,Meezan Bank,13597,0,-20854955,Cash,Utilities
2024-03-09,Truck hiore drums,Al-Baraka Bank,28562,0,-5548597,Bank,Freight & Conveyance
2024-03-09,Electricity bill,hMeezan Bank,13261,0,-19728732,Bank,Utilities
2024-03-09,Plastic drums received,Meezan Bank,80773,0,-18417877,Cash,Purchases - Plastic Drums
2024-03-09,IBC small wtank invoice,Walk-in Customer,0,243121,-21600277,Bank,Sales - IBC Tanks
2024-03-09,Purchase steel drums,Habib Bank,406441,0,-20155747,Cash,Purchases - Steel Drums
2024-03-09,Bougkht steel drums HTG Petro,Pakistan Drums Co,430283,0,5232915,Cash,Purchases - Steel Drums
2024-03-09,Delivery charges,Habib Bank,31024,0,-8009942,Cash,Freight & Conveyance
2024-03-10,Storage rent paid,Local Supplier,37384,0,479778,Cash,Rent
2024-03-10,Plastic drum sale,Walk-in Custtomer,0,33687,-21897104,Bank,Sales - Plastic Drums
2024-03-10,IBC tank procurement,metro traders,229425,0,-22653769,Cash,Purchases - IBC Tanks
2024-03-10,Customer pickup steel drums,City Freight,0,696849,6747906,Bank,Sales - Steel Drums
2024-03-10,Monthly warehouese rent,Metro Traders,32409,0,-11183387,Bank,Rent
2024-03-10,IBC tanks received bill,Punjab Chemicals,273887,0,-6347047,Bank,Purchases - IBC Tanks
2024-03-10,Online transfer fee,Regular Client,757,0,-21305681,Bank,Bank Charges
2024-03-10,Refurbished drum sale,Local Supplier,0,115754,-12052016,Cash,Sales - Refurbished Drums
2024-03-11,sold plastic drpums,Pakistan Drums Co,0,127876,865046,Bank,Sales - Plastic Drums
2024-03-11,Invoice stzeel drums,Regular Client,0,678755,-19239753,Cash,Sales - Steel Drums
2024-03-11,Drum refurbishing labour,Regular Client,31837,0,-19618451,Bank,Refurbishing Costs
2024-03-11,Customer pickup steel drums,Punjab Chemicals,0,888494,-20234505,Bank,Sales - Steel Drums
2024-03-11,Plastic drums received,Pakistan Drums Co,184680,0,-19557873,Bank,Purchases - Plastic Drums
2024-03-11,Reconditioning expense,tcs courier,70766,0,-24385604,Bank,Refurbishing Costs
2024-03-11,Steel drum procurement,Pakistan Drums Co,354259,0,368709,Bank,Purchases - Steel Drums
2024-03-11,Truck hire drums,TCS Courier,22707,0,-15279937,Bank,Freight & Conveyance
2024-03-12,Transport expense,City Freight,52249,0,-17663664,Bank,Freight & Conveyance
2024-03-12,Reconditioned barrenl sale,TCS Courier,0,114235,-16075670,Bank,Sales - Refurbished Drums
2024-03-12,Water bill,Local Supplier,13179,0,2968596,Bank,Utilities
2024-03-12,Drum repair materials,HTG Petro,61788,0,-18153115,Cash,Refurbishing Costs
2024-03-12,IBC small tank invoice,xRegular Client,0,473499,-14171868,Bank,Sales - IBC Tanks
2024-03-12,Bank commission,Regular Client,4721,0,-22883028,Bank,Bank Charges
2024-03-12,Petty cash expense,Punjab Chemicals,6074,0,8053289,Bank,Miscellaneous
2024-03-12,Customer payment plastic drums,City Freight,0,44217,-19288085,Cash,Sales - Plastic Drums
2024-03-12,Bought steel drums HTG Petro,Regulcar Client,313579,0,-19504920,Bank,Purchases - Steel Drums
2024-03-12,Miscellaneous expense,HTG Petro,8994,0,7499259,Cash,Miscellaneous
2024-03-12,Purchase plastic drums,Al-Baraka Bank,109665,0,-19167443,Cash,Purchases - Plastic Drums
2024-03-12,Plastic drum procurement,Metro Traders,88669,0,-19964701,Bank,Purchases - Plastic Drums
2024-03-12,Purchase plastic drums,Local Supplier,53955,0,-6881811,Bank,Purchases - Plastic Drums
2024-03-12,Purchase IBC small tanks,Al-Baraka Bank,124785,0,-24171068,Cash,Purchases - IBC Tanks
2024-03-13,Paper stock,Habib Bank,6691,0,-10118669,Bank,Office Supplies
2024-03-13,Bank service charges,M Ehtisham,4118,0,7092009,Bank,Bank Charges
2024-03-13,Purchase IBC small tanks,City Fsreight,564122,0,-10952310,Cash,Purchases - IBC Tanks
2024-03-13,IeBC tanks received bill,meezamn bank,190847,0,-8850312,Bank,Purchases - IBC Tanks
2024-03-13,Bank commission,TCSg Courier,774,0,127202,Cash,Bank Charges
2024-03-13,Office furniture,Al-Baraka Bank,6116,0,7968050,Bank,Office Supplies
2024-03-13,transport expense,htg petro,19906,0,1993317,Bank,Freight & Conveyance
2024-03-13,Stationery purchase,HTG Petro,11770,0,1097989,Cash,Office Supplies
2024-03-13,Bought plastic drums,Regular Client,120600,0,5363902,Bank,Purchases - Plastic Drums
2024-03-13,Plastic drums received,Meezadn Bank,169933,0,-16882364,Cash,Purchases - Plastic Drums
2024-03-13,Refurbished steel drums invoice,Bank Al Falah,0,88878,2738073,Bank,Sales - Refurbished Drums
2024-03-13,Steel drum procurement,TCS Courier,682127,0,-20630293,Cash,Purchases - Steel Drums
2024-03-14,Electricity bill,TCuS Courier,13564,0,-21999212,Bank,Utilities
2024-03-14,Plastic drums received,Regular Client,198784,0,-20501236,Cash,Purchases - Plastic Drums
2024-03-14,Paper stock,zBank Al Falah,13736,0,-21336463,Bank,Office Supplies
2024-03-14,IBC tanks dispatched,tcs courier,0,347383,-487149,Bank,Sales - IBC Tanks
2024-03-14,General expense,Habib Bank,1821,0,-22218312,Bank,Miscellaneous
2024-03-14,Drgum repair materials,Habib Bank,77651,0,8532160,Bank,Refurbishing Costs
2024-03-15,Notebook order,metro traiders,14598,0,-17486855,Cash,Office Supplies
2024-03-15,customer pickup steel drums,HTG Petro,0,348251,-20511842,Bank,Sales - Steel Drums
2024-03-15,Notebook order,HTG Petro,13674,0,-22220954,Cash,Office Supplies
2024-03-15,Plastic drum procurement,Punjab Chemicals,40618,0,-18688779,Bank,Purchases - Plastic Drums
2024-03-15,paint and coating drums,Punjab Chemicals,50218,0,-21625357,Cash,Refurbishing Costs
2024-03-15,Sundry charges,TCS Courier,3555,0,-13940176,Cash,Miscellaneous
2024-03-15,Refurbished drum sale,Mmeezan Bank,0,113988,-23067206,Cash,Sales - Refurbished Drums
2024-03-15,IBC tanks received bill,Regular Client,638324,0,-5922411,Cash,Purchases - IBC Tanks
2024-03-15,General expense,M Ehtisham,3861,0,-24556074,Cash,Miscellaneous
2024-03-15,Phone bill,M Ehtisham,5393,0,7328976,Cash,Utilities
2024-03-15,Sandblasting cost,Punjab Chemicals,62885,0,-16546620,Cash,Refurbishing Costs
2024-03-15,Water bill,memtro traders,2387,0,-20931884,Cash,Utilities
2024-03-15,Delivery charges,m ehtisham,47315,0,-16187847,Bank,Freight & Conveyance
2024-03-15,Steel drum procurement,Local Supplier,376474,0,-23335903,Bank,Purchases - Steel Drums
2024-03-15,IBkC tank procurement,city freight,564482,0,-5265981,Cash,Purchases - IBC Tanks
2024-03-16,phone bill,Habib Bank,7479,0,-16363318,Bank,Utilities
2024-03-16,Plastic drums received,Bank Al Falah,197501,0,-12516069,Bank,Purchases - Plastic Drums
2024-03-16,Purchase plastic drums,Metro Traders,54372,0,-15809313,Bank,Purchases - Plastic Drums
2024-03-16,Steel drums received,Meezan Bank,570579,0,-6073160,Bank,Purchases - Steel Drums
2024-03-16,Miscellaneoust expense,Walk-in Customer,5028,0,-22544102,Bank,Miscellaneous
2024-03-16,Shop rent,TCS Courier,29648,0,-23045972,Bank,Rent
2024-03-16,Sold IBC tanks,Punjab Chemicals,0,437181,-21015536,Cash,Sales - IBC Tanks
2024-03-16,Internet bill,Regular Client,8120,0,4020303,Cash,Utilities
2024-03-16,Electricity bill,Regular Client,15625,0,-19291827,Bank,Utilities
2024-03-16,Bought steel drums HTG Petro,Bank Al lFalah,322737,0,3557677,Bank,Purchases - Steel Drums
2024-03-16,Steel drums dibspatched,Walk-in Customer,0,607747,-9617246,Bank,Sales - Steel Drums
2024-03-16,Bought steel drums HTG Petro,Punjab Chemicals,322180,0,-1043735,Bank,Purchases - Steel Drums
2024-03-16,Sandblasting cost,habib bank,57824,0,-976215,Cash,Refurbishing Costs
2024-03-16,Paint and coating drums,Al-Baraka Bank,56495,0,-4548767,Cash,Refurbishing Costs
2024-03-17,Sundry charges,Metro Traders,9487,0,-19050065,Cash,Miscellaneous
2024-03-17,Bought plastic drums,walk-in customer,42349,0,-1016740,Bank,Purchases - Plastic Drums
2024-03-17,Plastic drum procurement,Regular Client,165882,0,-21706670,Bank,Purchases - Plastic Drums
2024-03-17,Invoice steel drums,City Freight,0,316575,-10053636,Cash,Sales - Steel Drums
2024-03-17,Bought IBC tanks HTG Petro,Meezan Bank,586025,0,1332669,Bank,Purchases - IBC Tanks
2024-03-17,electricity bill,Walkk-in Customer,13342,0,-2451279,Cash,Utilities
2024-03-17,Freight charges,Punjab Chemicals,40084,0,4270629,Bank,Freight & Conveyance
2024-03-17,Drum refurbishing wlabour,M Ehtisham,79794,0,-19921546,Bank,Refurbishing Costs
2024-03-17,Steel drum procurement,Punjab Chemicals,265247,0,-2729818,Cash,Purchases - Steel Drums
2024-03-18,Internet bill,Local Supplier,13682,0,-25191953,Cash,Utilities
2024-03-18,Reconditioned barrel sale,M Ehtisham,0,129858,1087754,Bank,Sales - Refurbished Drums
2024-03-18,Freight charges,Pakistan Drums Co,25036,0,-15257230,Bank,Freight & Conveyance
2024-03-18,customer pickup steel drums,HTG Petro,0,657759,-25091160,Bank,Sales - Steel Drums
2024-03-18,Invoice plastic drums,Punjab Chemicals,0,170095,4415934,Bank,Sales - Plastic Drums
2024-03-18,Plastic drumt sale,City Freight,0,82713,-22523152,Bank,Sales - Plastic Drums
2024-03-18,Refurbished steel drums invoice,al-baraka bank,0,27367,-6848980,Cash,Sales - Refurbished Drums
2024-03-18,IBC tanks rejceived bill,Regular Client,598838,0,-6053814,Cash,Purchases - IBC Tanks
2024-03-18,Refurbished steel drums invoice,tcs courier,0,89366,-13463297,Cash,Sales - Refurbished Drums
2024-03-18,Steel drums dispatched,Punjab Chemicarls,0,872384,-13962274,Bank,Sales - Steel Drums
2024-03-18,Shop rent,Bank vAl Falah,51130,0,6801453,Cash,Rent
2024-03-18,Reconditioned barrel sale,Habib Banvk,0,119901,-13182416,Cash,Sales - Refurbished Drums
2024-03-18,Bought plastic drums,City Freight,160534,0,-22898361,Cash,Purchases - Plastic Drums
2024-03-18,Invoice plastic drums,City Freight,0,111196,-21056278,Cash,Sales - Plastic Drums
2024-03-18,Purchase IBC small tanks,Punjab Chemicals,124273,0,1199646,Bank,Purchases - IBC Tanks
2024-03-18,Steel drum sale,Bank Al Falah,0,233561,3370749,Bank,Sales - Steel Drums
2024-03-19,Sold IBC tanks,Metro Traders,0,443949,-109694,Cash,Sales - IBC Tanks
2024-03-19,Drum refurbishing lasbour,Punjab Chemicals,39046,0,-25668269,Bank,Refurbishing Costs
2024-03-19,Invoice steel drums,iLocal Supplier,0,707363,7101376,Bank,Sales - Steel Drums
2024-03-19,ibc tanks received bill,TCS Courier,150532,0,-16302287,Bank,Purchases - IBC Tanks
2024-03-19,Water bill,Pakistane Drums Co,11888,0,-19851335,Cash,Utilities
2024-03-19,IBC tanks received bill,Pakistan Drums Co,634891,0,-22361412,Cash,Purchases - IBC Tanks
2024-03-20,Online transfer fee,Pakistan Drums Co,1663,0,741944,Cash,Bank Charges
2024-03-20,Invoice plastic drums,Punjab Chemicals,0,42501,-18752465,Bank,Sales - Plastic Drums
2024-03-20,Transport expense,Habib Bank,33648,0,-21416506,Cash,Freight & Conveyance
2024-03-20,Bank commission,Local Supplier,3968,0,-21800404,Bank,Bank Charges
2024-03-20,Phone bill,Bank Al Falah,2695,0,-14021681,Bank,Utilities
2024-03-20,Bank service charges,Meezan Bank,3289,0,-20369966,Bank,Bank Charges
2024-03-20,Onlinfe transfer fee,Punjab Chemicals,759,0,-22770836,Cash,Bank Charges
2024-03-20,lWater bill,TCS Courier,4560,0,7906924,Cash,Utilities
2024-03-20,Petty cash expense,M Ehtisham,2927,0,-13494308,Bank,Miscellaneous
2024-03-20,Plastic drum procurement,Habib Bank,194876,0,-19266479,Bank,Purchases - Plastic Drums
2024-03-20,IBC tank procurement,Meezan Bank,337093,0,-22211265,Cash,Purchases - IBC Tanks
2024-03-20,Paper stock,City Freight,2208,0,-19647517,Bank,Office Supplies
2024-03-20,IBC tank sale,Habib Bank,0,479799,-19820609,Cash,Sales - IBC Tanks
2024-03-20,Plastic drum procurement,Habib Bank,173236,0,8310558,Bank,Purchases - Plastic Drums
2024-03-20,IBC tank sale,Walk-in Customer,0,312589,-19645094,Cash,Sales - IBC Tanks
2024-03-20,Cvustomer IBC payment,Puinjab Chemicals,0,768939,-19684503,Cash,Sales - IBC Tanks
2024-03-21,Purchase IBC small tanks,Local Supplier,375404,0,-20843028,Cash,Purchases - IBC Tanks
2024-03-21,IBC small tank invoice,Metro Trraders,0,257326,-21746834,Cash,Sales - IBC Tanks
2024-03-21,Bought steel drums HTG Petro,Metro Traderfs,810522,0,-16134938,Bank,Purchases - Steel Drums
2024-03-21,Notebook order,HTG Petro,1237,0,-20968552,Bank,Office Supplies
2024-03-21,Sundry charges,al-baraka bank,2632,0,7508253,Bank,Miscellaneous
2024-03-21,Internet bill,TCS Courier,13811,0,5844648,Bank,Utilities
2024-03-21,Transport expense,TCS Courier,36328,0,-21123086,Bank,Freight & Conveyance
2024-03-21,Purchase IBC small tanks,Metro Traders,153188,0,-572158,Bank,Purchases - IBC Tanks
2024-03-21,Drums conveyance,Punjab Chemicals,11353,0,-17415297,Bank,Freight & Conveyance
2024-03-21,Drum repair materials,regular client,72177,0,7344648,Cash,Refurbishing Costs
2024-03-21,Plastic drums received,al-baraka bank,69390,0,-7871395,Cash,Purchases - Plastic Drums
2024-03-21,Storage rent paid,HTxG Petro,50176,0,-21712857,Bank,Rent
2024-03-22,Bought plastic drums,Bank Al Fallah,156502,0,-24612604,Cash,Purchases - Plastic Drums
2024-03-22,Sundry charges,Habib Bank,4178,0,-20175152,Bank,Miscellaneous
2024-03-22,plastic drums delivered,M Ehtisham,0,76519,4418033,Cash,Sales - Plastic Drums
2024-03-22,Sandblasting cost,Bank Al Falah,43095,0,-18051392,Bank,Refurbishing Costs
2024-03-22,Customer payment plastic drums,Habib Bank,0,178125,6292111,Cash,Sales - Plastic Drums
2024-03-22,Purchase IBC small tanks,Punjab Chemicals,541071,0,-20287485,Cash,Purchases - IBC Tanks
2024-03-22,Customer payment plastic drums,Pakistan Drums Co,0,146075,-20166456,Cash,Sales - Plastic Drums
2024-03-22,Bought steel drums HTG Petro,HTG Petro,588460,0,-666850,Cash,Purchases - Steel Drums
2024-03-22,Sold steel drums,HTG Pedtro,0,471860,-14834658,Bank,Sales - Steel Drums
2024-03-22,Steel drum procurement,Metro Trajders,248950,0,4215695,Bank,Purchases - Steel Drums
2024-03-23,Ofafice rent,HTG Petro,77150,0,-21139883,Bank,Rent
2024-03-23,Customer payment plastic drums,HTG Petro,0,177067,-10337907,Cash,Sales - Plastic Drums
2024-03-23,Internet bill,Local Supplier,18220,0,-4534118,Cash,Utilities
2024-03-23,Monthly warehouse rent,Metro Traders,69806,0,5774842,Bank,Rent
2024-03-23,Reconditioning expednse,Punjab Chemicals,58516,0,-26467692,Cash,Refurbishing Costs
2024-03-23,sbhop rent,Al-Baraka Bank,48923,0,-2899667,Bank,Rent
2024-03-23,Sold plastic drums,Bank Al Falash,0,82446,-21054037,Bank,Sales - Plastic Drums
2024-03-23,Monthly warehouse rent,HTG Petro,40431,0,-7816655,Bank,Rent
2024-03-23,IBC tanks dispatched,Walk-in Customer,0,305925,-10402778,Cash,Sales - IBC Tanks
2024-03-23,reconditioned barrel sale,Regular Client,0,126017,-7928127,Cash,Sales - Refurbished Drums
2024-03-23,Paint and coating drums,Al-Baraka Bank,70292,0,-20954753,Cash,Refurbishing Costs
2024-03-23,Sold steel drums,City Freight,0,543948,-4492272,Bank,Sales - Steel Drums
2024-03-23,Customer pickup steel drums,Regular Client,0,206509,2049356,Bank,Sales - Steel Drums
2024-03-23,IBC tanks dispatched,City Fjreight,0,439660,2315785,Cash,Sales - IBC Tanks
2024-03-23,notebook order,Meezan Bank,2769,0,-13270183,Bank,Office Supplies
2024-03-24,Bought IBC tanks HTG Petro,M Ehtisham,152355,0,2067499,Bank,Purchases - IBC Tanks
2024-03-24,Truck hire drums,TCS Courier,8613,0,-8577958,Bank,Freight & Conveyance
2024-03-24,sold ibc tanks,Metro Traders,0,391753,-2445392,Cash,Sales - IBC Tanks
2024-03-24,General expense,Local Supplier,2225,0,-19273372,Bank,Miscellaneous
2024-03-24,godjown rent,punjab chemicals,74517,0,-12415129,Cash,Rent
2024-03-24,Sold plasticj drums,bank al falah,0,165584,-22270297,Bank,Sales - Plastic Drums
2024-03-24,Sundry charges,Bank Al Falah,6545,0,-22334516,Cash,Miscellaneous
2024-03-24,Office furniture,Local Supplier,1357,0,-22509422,Cash,Office Supplies
2024-03-24,Invoice steel drums,M Ehtisham,0,643834,-21763777,Bank,Sales - Steel Drums
2024-03-24,Refurbished drum sale,Bank Al Falah,0,23241,-18680911,Bank,Sales - Refurbished Drums
2024-03-24,Cheque book charges,Punjab Chemicals,932,0,-22176576,Bank,Bank Charges
2024-03-24,Godown rent,TCS Courier,46010,0,-17556587,Bank,Rent
2024-03-24,Plastic drum procurement,htg petro,59471,0,2007838,Bank,Purchases - Plastic Drums
2024-03-24,Petty cash expense,Meezan Bank,1309,0,-22378658,Bank,Miscellaneous
2024-03-24,Refurbished drum sale,Local Supplier,0,29125,7835411,Bank,Sales - Refurbished Drums
2024-03-25,transport expense,local sutpplier,46173,0,-20904546,Bank,Freight & Conveyance
2024-03-25,Customer pickup steel drums,TCS Courier,0,546937,-8556428,Bank,Sales - Steel Drums
2024-03-25,Plastic drum procurement,HTG Petro,83556,0,-10271402,Bank,Purchases - Plastic Drums
2024-03-25,Notebook order,TCS Courier,5382,0,1488316,Cash,Office Supplies
2024-03-25,Bought steel drums HTG Petro,Habib Bank,185005,0,133430,Cash,Purchases - Steel Drums
2024-03-25,Refurbished steel drums invoice,Meezan Bank,0,24581,-26162798,Bank,Sales - Refurbished Drums
2024-03-25,Online transfer fee,Regular fClient,3240,0,2562251,Bank,Bank Charges
2024-03-25,Drums conveyance,Walk-iny Customer,35161,0,3000302,Bank,Freight & Conveyance
2024-03-25,plafstic drums delivered,M Ehtisham,0,136121,5309665,Bank,Sales - Plastic Drums
2024-03-25,sandblasting cost,City Freight,29763,0,-5839255,Bank,Refurbishing Costs
2024-03-25,Bank commission,Meezan Bank,3635,0,-11315838,Bank,Bank Charges
2024-03-25,customer pickup steel drums,Walk-in Customer,0,603566,-22744315,Cash,Sales - Steel Drums
2024-03-25,miscellaneous expense,Bank Al Falah,5910,0,-13371302,Cash,Miscellaneous
2024-03-25,Notebook order,HTG Petro,13687,0,2063629,Bank,Office Supplies
2024-03-25,Sold reconditioned drums,HTG Petro,0,65630,-23480120,Cash,Sales - Refurbished Drums
2024-03-25,Miscellaneous expense,Al-Baraka Bank,6216,0,-21022219,Bank,Miscellaneous
2024-03-25,Paint and coating drums,Walk-in Customer,36643,0,-3950134,Bank,Refurbishing Costs
2024-03-26,Customer IBC payment,Meezan Bank,0,402796,-18533316,Cash,Sales - IBC Tanks
2024-03-26,Sold plastic drums,local supplier,0,160438,-22550098,Cash,Sales - Plastic Drums
2024-03-26,Bought plastic drums,HdTG Petro,122464,0,-19650762,Bank,Purchases - Plastic Drums
2024-03-26,Customer pickup steel drums,Meezan Bank,0,793900,-19444369,Cash,Sales - Steel Drums
2024-03-26,Bought plagstic drums,City Freight,175384,0,-3018009,Bank,Purchases - Plastic Drums
2024-03-26,Godown rent,Habib Bank,31614,0,-15232194,Cash,Rent
2024-03-26,Gas charges,City dFreight,6854,0,-22555225,Cash,Utilities
2024-03-26,Transport expense,M Ehtisham,59117,0,-13651571,Bank,Freight & Conveyance
2024-03-26,Bought plastic drums,Metro Traders,181219,0,-18365128,Cash,Purchases - Plastic Drums
2024-03-26,sold plastic drums,Walk-in Customer,0,172832,-8804119,Cash,Sales - Plastic Drums
2024-03-26,Steel drum procurement,metro traders,637110,0,-22386933,Cash,Purchases - Steel Drums
2024-03-26,Miscellaneous expense,Al-Baraka Bank,6392,0,7895075,Cash,Miscellaneous
2024-03-26,Steel drum procurement,Local Supplier,176738,0,-19493891,Cash,Purchases - Steel Drums
2024-03-26,Refurbished steel drumsl invoice,TCS Courier,0,73330,-8751177,Cash,Sales - Refurbished Drums
2024-03-27,Sandblasting cost,Al-Baraka Bank,51619,0,8015630,Bank,Refurbishing Costs
2024-03-27,IBC small tank invoice,Regular Client,0,217673,-21818679,Bank,Sales - IBC Tanks
2024-03-27,IBC tanks received bill,Metron Traders,218497,0,-12713734,Bank,Purchases - IBC Tanks
2024-03-27,Steel drum procurementt,bank al falah,229857,0,489860,Bank,Purchases - Steel Drums
2024-03-27,Invoice steel drums,Al-Baraka Bavnk,0,859454,7598744,Cash,Sales - Steel Drums
2024-03-27,Shop rent,Walk-in Customer,29593,0,-16549097,Bank,Rent
2024-03-27,Purchase plastic drums,HeTG Petro,73785,0,-14470846,Bank,Purchases - Plastic Drums
2024-03-27,IBC tank salde,Al-Baraka Bank,0,436466,8071287,Bank,Sales - IBC Tanks
2024-03-27,Purchase IBC small tanks,Punjarb Chemicals,224190,0,-1757707,Cash,Purchases - IBC Tanks
2024-03-27,Bank service charges,Regularb Client,2746,0,339261,Bank,Bank Charges
2024-03-27,IBC tank procurement,Punjjab Chemicals,680337,0,-20331099,Cash,Purchases - IBC Tanks
2024-03-27,Sold reconditioned drums,Regular Client,0,66975,5436283,Bank,Sales - Refurbished Drums
2024-03-27,Gas charges,Al-Baraka Bank,15537,0,-10739741,Cash,Utilities
2024-03-27,Invdoice steel drums,Walk-in Customer,0,81947,-275263,Cash,Sales - Steel Drums
2024-03-27,Gas charqges,Md Ehtisham,7070,0,-18942107,Bank,Utilities
2024-03-27,Miscellaneous expense,Walk-in Customer,8615,0,-19964903,Bank,Miscellaneous
2024-03-27,Sold plastic drums,walk-in customer,0,84657,-15667048,Cash,Sales - Plastic Drums
2024-03-27,Paper stock,HTG Petro,6081,0,-23343574,Bank,Office Supplies
2024-03-27,IBC tanks dispatched,Pakistan Drums Co,0,452423,-21224391,Cash,Sales - IBC Tanks
2024-03-27,IBC small tank invoice,Local Supplier,0,583893,-22539074,Bank,Sales - IBC Tanks
2024-03-27,Electricity bill,tCity Freight,2686,0,-20503472,Bank,Utilities
2024-03-27,Sold reconditioned drums,M Ehtisham,0,67224,-19033722,Cash,Sales - Refurbished Drums
2024-03-27,Plastic drum procurement,Regular Client,73279,0,-9946691,Bank,Purchases - Plastic Drums
2024-03-27,purchase ibc small tanks,Walk-in Cusytomer,444278,0,5489231,Bank,Purchases - IBC Tanks
2024-03-28,Bank commission,Metro Traders,3088,0,-23538604,Cash,Bank Charges
2024-03-28,Miscellaneous expeense,walk-in customer,3579,0,-21968374,Cash,Miscellaneous
2024-03-28,Reconditioned barrel sale,Pakistan Drums Co,0,36575,-15754941,Cash,Sales - Refurbished Drums
2024-03-28,Invoice plastic drums,Meezan Bank,0,87407,7963522,Cash,Sales - Plastic Drums
2024-03-28,Stationery purchase,Localo Supplier,5332,0,-3179442,Bank,Office Supplies
2024-03-28,Steel drum procurement,Meezan Bank,449177,0,-21071255,Bank,Purchases - Steel Drums
2024-03-28,Refurbished steel drums invoice,HTG Petro,0,22371,-6503251,Cash,Sales - Refurbished Drums
2024-03-28,Steel drum procurement,TCS Courier,335504,0,-21448041,Cash,Purchases - Steel Drums
2024-03-28,Bought IBC tanks HTG Petro,Al-Baraka Bank,193135,0,6845994,Bank,Purchases - IBC Tanks
2024-03-28,Reconditioning expense,HTG Petro,39715,0,4277074,Bank,Refurbishing Costs
2024-03-28,Truck hire drums,m ehtisham,49459,0,2585434,Bank,Freight & Conveyance
2024-03-28,Purchase IBC bsmall tanks,City Freight,449552,0,-19073139,Cash,Purchases - IBC Tanks
2024-03-28,invoice plastic drums,Pakistan Drums Co,0,152720,-21531683,Bank,Sales - Plastic Drums
2024-03-28,eSteel drum procurement,Pakistan Drumsb Co,567559,0,-12475588,Cash,Purchases - Steel Drums
2024-03-28,Gas charges,Regular Client,19594,0,5387780,Cash,Utilities
2024-03-28,Invoice steel drums,Bank Al Falah,0,400592,-19867309,Bank,Sales - Steel Drums
2024-03-28,Office furniture,al-baraka bank,1173,0,-12906269,Cash,Office Supplies
2024-03-29,Drums conveyance,M Ehtisham,15707,0,-19150460,Bank,Freight & Conveyance
2024-03-29,Plastic drums rseceived,Metro Traders,34192,0,-15608745,Cash,Purchases - Plastic Drums
2024-03-29,Invoice steel drums,Al-Baraka Bank,0,436015,-8369716,Bank,Sales - Steel Drums
2024-03-29,storage rent paid,Walk-in Customer,65558,0,8139628,Bank,Rent
2024-03-29,IBC tanks received bill,metro traders,521964,0,-860719,Bank,Purchases - IBC Tanks
2024-03-29,customer ibc payment,Pakistan Dtrums Co,0,669934,-9178765,Cash,Sales - IBC Tanks
2024-03-29,Cheque book charges,Bank Al Falah,4320,0,-22047869,Cash,Bank Charges
2024-03-29,reconditioned barrel sale,Local Supplier,0,33210,-17521859,Cash,Sales - Refurbished Drums
2024-03-29,Customer payment plastic drums,City Freigoht,0,67379,-19124792,Bank,Sales - Plastic Drums
2024-03-29,IBqC tank sale,tcs courier,0,209123,-21124238,Bank,Sales - IBC Tanks
2024-03-29,Online transfer fee,City Freight,2602,0,-21394127,Bank,Bank Charges
2024-03-29,Purchase IBC small tanks,TCS Courier,596896,0,-12835162,Cash,Purchases - IBC Tanks
2024-03-29,Paint and coating drums,Regular Client,22228,0,-16705912,Cash,Refurbishing Costs
2024-03-29,Shop rent,Walk-in Customer,32658,0,7237560,Cash,Rent
2024-03-30,purchase steel drums,TCS Courier,431024,0,-7712908,Bank,Purchases - Steel Drums
2024-03-30,Sandblasqting cost,Walk-in Customer,65044,0,-23671368,Cash,Refurbishing Costs
2024-03-30,Invoice plastic drums,Al-Baraka Bank,0,103847,-22193139,Bank,Sales - Plastic Drums
2024-03-30,sold reconditioned drums,Al-Baraka Bank,0,89069,-9779335,Bank,Sales - Refurbished Drums
2024-03-30,Stationery purchhase,Regulark Client,3546,0,-22212416,Cash,Office Supplies
2024-03-30,Plastic drums received,Al-Baraka Bank,62349,0,5116438,Cash,Purchases - Plastic Drums
2024-03-30,qPlastic drums delivered,Bank Al Falaph,0,130856,-5795158,Bank,Sales - Plastic Drums
2024-03-30,Transport expense,Meezan Banqk,48397,0,4990773,Bank,Freight & Conveyance
2024-03-30,Cheque book charges,tcs courier,3782,0,396914,Bank,Bank Charges
2024-03-30,Bought steel drums HTG Petro,HTG Petro,703629,0,-18295490,Cash,Purchases - Steel Drums
2024-03-30,IBC tanks dispatched,TCS Courier,0,332201,-7734291,Bank,Sales - IBC Tanks
2024-03-30,Bought IBC tanks HTG Petro,Walk-in Customer,228211,0,-19085709,Bank,Purchases - IBC Tanks
2024-03-30,Plastic drums delivered,HTG Petro,0,101375,-20623428,Bank,Sales - Plastic Drums
2024-03-30,Bought IBC tanks HTG Petro,m ehtisham,85839,0,-12235863,Cash,Purchases - IBC Tanks
2024-03-30,Plastic drum sale,metro traders,0,146973,-22214439,Bank,Sales - Plastic Drums
2024-03-30,Purchase plastic drums,TCS Courier,198705,0,-6231556,Cash,Purchases - Plastic Drums
2024-03-30,IBC tanks received bill,eCity Freight,314226,0,-19695835,Cash,Purchases - IBC Tanks
2024-03-31,Godown rent,Al-Baraka Bank,74997,0,120287,Bank,Rent
2024-03-31,notebook order,Metro Traders,10296,0,-20964223,Cash,Office Supplies
2024-03-31,IBC small tank invoice,Bank Al Falah,0,113532,-18927936,Cash,Sales - IBC Tanks
2024-03-31,Plastic drums received,Banlk Al Falah,82589,0,-3514726,Bank,Purchases - Plastic Drums
2024-03-31,Reconditioned barrel sale,Meezan Bank,0,141783,-3712902,Cash,Sales - Refurbished Drums
2024-03-31,Sotld plastic drums,Meezan zBank,0,39860,5225178,Cash,Sales - Plastic Drums
2024-03-31,Phone bill,Pakistan Drums Co,6528,0,-11675106,Bank,Utilities
2024-03-31,Transport expense,Regular Client,14887,0,-4053215,Bank,Freight & Conveyance
2024-03-31,Drum refurbishing labour,Walk-in Cdustomer,62566,0,-18316009,Bank,Refurbishing Costs
2024-03-31,Reconditioning expense,M Ehtisham,51039,0,-624549,Bank,Refurbishing Costs
2024-03-31,Bank commission,Pakistan Drums Co,3123,0,2219854,Cash,Bank Charges
2024-03-31,Drum refurbishing labour,Regular Client,45195,0,-418970,Cash,Refurbishing Costs
2024-03-31,Steel drums received,city freight,494936,0,-21007218,Bank,Purchases - Steel Drums
2024-03-31,Phone bill,Metro Traders,2478,0,-23728259,Cash,Utilities
2024-03-31,bought plastic drums,Bank Al Falah,128131,0,-14703642,Cash,Purchases - Plastic Drums
2024-03-31,Godown rent,Pakistan Drums Co,33996,0,8658338,Bank,Rent
2024-04-01,Sundry charges,HTG Petro,3821,0,-20422895,Bank,Miscellaneous
2024-04-01,IBC tank procurement,Pakistan Drums Co,553271,0,-14477581,Bank,Purchases - IBC Tanks
2024-04-01,Reconditioned barrel sale,Punjab Chemicals,0,148988,-2847683,Bank,Sales - Refurbished Drums
2024-04-01,Miscellaneous expense,Walk-in Customer,9048,0,-18515683,Bank,Miscellaneous
2024-04-01,Steel drum sale,Punjab Chemicals,0,322499,-20948271,Cash,Sales - Steel Drums
2024-04-01,Sold steel drums,Metro Traders,0,777367,-25765896,Cash,Sales - Steel Drums
2024-04-01,Bank service charges,HTG Petro,2790,0,-18774212,Bank,Bank Charges
2024-04-01,Cheque book charges,Al-Baraka Bank,4916,0,-22621945,Bank,Bank Charges
2024-04-01,Steel drum procurement,Punjakb Chemicals,270774,0,-22239148,Bank,Purchases - Steel Drums
2024-04-01,papero stock,Metro Traders,10754,0,4341298,Bank,Office Supplies
2024-04-01,online transfer fee,Meezan Bank,1440,0,-14082505,Cash,Bank Charges
2024-04-01,Storage rent paid,Meezan Bank,66017,0,-17015737,Bank,Rent
2024-04-01,Plastic drums received,Metro Traders,62557,0,-2654814,Bank,Purchases - Plastic Drums
2024-04-02,IBC tank sale,TCS Courier,0,776787,-22602097,Bank,Sales - IBC Tanks
2024-04-02,Drums conveyance,HTG Petro,40209,0,-19212924,Bank,Freight & Conveyance
2024-04-02,Purchase steel driums,Regular Client,134678,0,-20815372,Cash,Purchases - Steel Drums
2024-04-02,Bank commission,Pakistan Drums Co,4956,0,470839,Bank,Bank Charges
2024-04-02,Internet bill,metro traders,5362,0,-11649017,Bank,Utilities
2024-04-02,Refurbished steel drums invoice,m zehtisham,0,102674,-10471527,Bank,Sales - Refurbished Drums
2024-04-02,Transport expense,Local Supplier,53575,0,-420229,Cash,Freight & Conveyance
2024-04-02,Internet bill,Walk-in Customer,9603,0,-10927389,Bank,Utilities
2024-04-02,Paper stock,Walk-in Customer,12454,0,-17551272,Cash,Office Supplies
2024-04-02,Paint and coating drums,Local Supplier,65325,0,-13600807,Bank,Refurbishing Costs
2024-04-02,office rent,Walkw-in Customer,47729,0,-24218797,Bank,Rent
2024-04-02,Plastic drums received,Walk-in Customer,154968,0,7203697,Bank,Purchases - Plastic Drums
2024-04-02,Bank commission,Meezan Bank,3695,0,-22523489,Bank,Bank Charges
2024-04-03,Drums conveyance,m ehtisham,42097,0,-21044128,Cash,Freight & Conveyance
2024-04-03,Office furniture,pakistan drums co,6662,0,-22232136,Bank,Office Supplies
2024-04-03,Sold steel drums,Al-Baraka Bank,0,429046,-447156,Cash,Sales - Steel Drums
2024-04-03,Invoice steel drums,Walk-in Customer,0,616767,-18941549,Cash,Sales - Steel Drums
2024-04-03,Bought plastic dzrums,Metro Traders,99151,0,1696915,Cash,Purchases - Plastic Drums
2024-04-03,Petty cash expense,Habib Bank,6506,0,-6578305,Cash,Miscellaneous
2024-04-03,Bank commission,Meezan Bank,2064,0,-22988936,Bank,Bank Charges
2024-04-03,IBC tank procureqment,Walk-in Customer,573379,0,7534108,Bank,Purchases - IBC Tanks
2024-04-03,Freight chargtes,Local Supplier,44777,0,-19927196,Bank,Freight & Conveyance
2024-04-03,Refurbished steel drums invoice,Bank Al Falah,0,99843,-18202862,Cash,Sales - Refurbished Drums
2024-04-03,Purchase plastic drums,Metro Traders,174137,0,-19185245,Bank,Purchases - Plastic Drums
2024-04-03,Drum repair materials,Habib Bank,70813,0,-3631844,Cash,Refurbishing Costs
2024-04-03,Cheque book charges,TCS Courier,4076,0,-19749708,Bank,Bank Charges
2024-04-03,Online transfer fee,Regular Client,695,0,-16140532,Bank,Bank Charges
2024-04-03,invoice plastic drums,Al-Barcaka Bank,0,110985,7546711,Bank,Sales - Plastic Drums
2024-04-03,IBC tanks received bill,Bank Al Falah,207623,0,-20805168,Cash,Purchases - IBC Tanks
2024-04-03,Sundjry charges,Meezan Bank,9234,0,-19103335,Bank,Miscellaneous
2024-04-04,Reconditioning expense,Punjab Chemicals,28197,0,-25120250,Cash,Refurbishing Costs
2024-04-04,paint and coating drums,Walk-in Custoymer,46094,0,-9937108,Cash,Refurbishing Costs
2024-04-04,Drum refurbishing labour,HTG Petro,39790,0,-13425756,Cash,Refurbishing Costs
2024-04-04,Plastic drums delivered,Metro Traders,0,121852,-5931962,Cash,Sales - Plastic Drums
2024-04-04,Refurbished drum sale,Bank Al Falah,0,130085,-8210021,Cash,Sales - Refurbished Drums
2024-04-04,Drums conveyance,Punjab Chemicals,12223,0,-13668729,Bank,Freight & Conveyance
2024-04-04,General expense,HTG Petro,4538,0,-18337104,Bank,Miscellaneous
2024-04-04,Drum refurbishing labour,habib bank,40489,0,-3340450,Bank,Refurbishing Costs
2024-04-04,Cheque book charges,Punjab Chemicals,2061,0,1867723,Cash,Bank Charges
2024-04-04,Steel drums received,Bank Al Falah,429773,0,7092412,Cash,Purchases - Steel Drums
2024-04-04,Petty cash expense,Bank Al Falah,8515,0,-5037497,Cash,Miscellaneous
2024-04-05,Steel drums dispatched,Regular Cslient,0,721346,-19173499,Bank,Sales - Steel Drums
2024-04-05,electricityf bill,Walk-in Customer,18822,0,7291957,Bank,Utilities
2024-04-05,Bank service charges,meezanj bank,919,0,-15259310,Cash,Bank Charges
2024-04-05,purchase plastico drums,punjab chemicals,136229,0,543619,Bank,Purchases - Plastic Drums
2024-04-05,plastic drum procurement,Pakistan Drums Co,100246,0,-18225685,Bank,Purchases - Plastic Drums
2024-04-05,Bought IBC tanks HTG Petro,HTG Petro,376458,0,-21086758,Bank,Purchases - IBC Tanks
2024-04-05,electricity bicll,M Ehtisham,11890,0,-20099997,Bank,Utilities
2024-04-05,Purchase plastic drums,tcs cjourier,132355,0,-16848478,Cash,Purchases - Plastic Drums
2024-04-05,invoice plastic drums,M Ehtisham,0,146601,-463830,Cash,Sales - Plastic Drums
2024-04-05,purchase plastic drums,Metro Traders,89115,0,-17362068,Cash,Purchases - Plastic Drums
2024-04-05,plastic drum procurement,Walk-in Customer,125417,0,-19478727,Bank,Purchases - Plastic Drums
2024-04-06,Steel drum sale,Regular Cliwent,0,697978,-19276531,Bank,Sales - Steel Drums
2024-04-06,Plastic drum sale,Punjab Chemicals,0,128325,-17105113,Cash,Sales - Plastic Drums
2024-04-06,Paint rand coating drums,HTG Petro,24570,0,-6780488,Bank,Refurbishing Costs
2024-04-06,Reconditioning expense,Local Supplier,62864,0,-24919318,Bank,Refurbishing Costs
2024-04-06,Purchase steel drums,Al-Baraka Bank,46340,0,5992395,Cash,Purchases - Steel Drums
2024-04-06,Bank service charges,Local Supplier,1022,0,-5491179,Bank,Bank Charges
2024-04-06,Sundry charges,M Ehtisham,8300,0,-4083449,Bank,Miscellaneous
2024-04-06,IBC tank procurement,M Ehtisham,191244,0,-20425749,Bank,Purchases - IBC Tanks
2024-04-06,Bank commission,walk-in customer,3270,0,8378831,Bank,Bank Charges
2024-04-06,Shop rent,HTG Petro,69050,0,2472541,Cash,Rent
2024-04-06,Sold steel drums,Bank Al Falah,0,598026,2595925,Bank,Sales - Steel Drums
2024-04-06,Mohnthly warehouse rent,TCS Cyourier,55549,0,4633640,Cash,Rent
2024-04-06,Steel drum sale,Al-Baraka Bank,0,388334,8223745,Cash,Sales - Steel Drums
2024-04-06,Sold IBC tanks,Walk-in Customer,0,488851,6363528,Cash,Sales - IBC Tanks
2024-04-06,Reconditioned barrel sale,local supplier,0,23202,7929081,Cash,Sales - Refurbished Drums
2024-04-06,Shop rent,Meezan Bank,27016,0,463414,Cash,Rent
2024-04-06,purchase plastic drums,Al-Baraka Bank,155161,0,-16593145,Cash,Purchases - Plastic Drums
2024-04-06,Bank service charges,TCS Couriuer,874,0,-19192171,Bank,Bank Charges
2024-04-06,Purchase IBC small tanks,habib bank,537576,0,-18919905,Cash,Purchases - IBC Tanks
2024-04-07,Delivery charges,Meezan Bank,31606,0,-24487478,Cash,Freight & Conveyance
2024-04-07,Drum repair materials,Bank Al Falah,31104,0,-22090196,Cash,Refurbishing Costs
2024-04-07,Office rent,Metro Traders,65677,0,-20306054,Bank,Rent
2024-04-07,IBC tank procurement,Pakistan Drums Co,264851,0,-138170,Cash,Purchases - IBC Tanks
2024-04-07,Drums conveyance,HTG Petro,39755,0,-19876032,Bank,Freight & Conveyance
2024-04-07,Refurbished steel drums invoice,Metro Traders,0,58366,-23545347,Bank,Sales - Refurbished Drums
2024-04-07,Sundry charges,Regular Client,6134,0,-6865670,Bank,Miscellaneous
2024-04-07,Purchase plastic drums,Pakistfan Drums Co,130588,0,-20576184,Cash,Purchases - Plastic Drums
2024-04-08,Notlebook order,TCS Courier,11446,0,5782809,Cash,Office Supplies
2024-04-08,Office furniture,Bank Al Falah,1867,0,-21050867,Bank,Office Supplies
2024-04-08,Plastic drums delivered,Metro Traders,0,175685,2815298,Bank,Sales - Plastic Drums
2024-04-08,IBC small tank invoice,TCS Courier,0,668810,-5632154,Bank,Sales - IBC Tanks
2024-04-08,Sold IBC tanks,Bank Al Falah,0,639078,-22731924,Bank,Sales - IBC Tanks
2024-04-08,Petty cash expense,Bank Al Falah,6419,0,5067896,Cash,Miscellaneous
2024-04-08,bank service charges,Metro Traders,2023,0,3144425,Cash,Bank Charges
2024-04-08,Storage rent paid,Bank Al Falah,57151,0,-18625750,Cash,Rent
2024-04-08,Plastic drum sale,TCS Courier,0,73656,-22824529,Bank,Sales - Plastic Drums
2024-04-08,Stationery purchase,Metreo Traders,10456,0,-10161716,Bank,Office Supplies
2024-04-08,Bank commission,TCS Courier,2428,0,4181015,Bank,Bank Charges
2024-04-09,Printer ink,TCS Courier,9902,0,-18733933,Bank,Office Supplies
2024-04-09,Bank service charges,Regular Client,3601,0,-22738359,Cash,Bank Charges
2024-04-09,Steel drums received,Habib Bank,462945,0,-16318316,Bank,Purchases - Steel Drums
2024-04-09,Drum refurbishing labour,jTCS Courier,58249,0,4348422,Cash,Refurbishing Costs
2024-04-09,Customer pickup steel drums,TCS Courier,0,538578,-19280997,Bank,Sales - Steel Drums
2024-04-09,Transport expense,Bank Al Falah,48393,0,-20537656,Cash,Freight & Conveyance
2024-04-09,Noqtebook order,Al-Bkaraka Bank,11763,0,-21278884,Cash,Office Supplies
2024-04-09,Reconditioning expense,Meezan Bank,56428,0,-21052402,Cash,Refurbishing Costs
2024-04-09,Cheque book charges,Local Supplier,4881,0,351170,Cash,Bank Charges
2024-04-09,Petty cash expense,Local Supplier,1210,0,-26187379,Bank,Miscellaneous
2024-04-10,Reconditioning expense,Meezan Bank,68307,0,4248082,Bank,Refurbishing Costs
2024-04-10,Plastic drum procurement,TCS Courier,126957,0,-15735702,Cash,Purchases - Plastic Drums
2024-04-10,purchqase steel drums,Metro Traders,651339,0,-20312531,Bank,Purchases - Steel Drums
2024-04-10,Sold reconditioned drums,Local Supplier,0,92675,-19283143,Cash,Sales - Refurbished Drums
2024-04-10,Sold reconditioned drums,Meezan Bank,0,116286,3660321,Cash,Sales - Refurbished Drums
2024-04-10,Reconduitioned barrel sale,Metro Traders,0,129750,-20160917,Cash,Sales - Refurbished Drums
2024-04-10,IBC small tank invoice,punjab chemicals,0,273940,-20361179,Cash,Sales - IBC Tanks
2024-04-10,Bought steel drums HTG Petro,Bank Al Falah,241012,0,-20602191,Bank,Purchases - Steel Drums
2024-04-10,Gas charges,Regular Client,4442,0,969900,Cash,Utilities
2024-04-11,Paper stock,City Freight,14698,0,-21630601,Bank,Office Supplies
2024-04-11,Sold IBC tanks,regular client,0,516464,-17962516,Bank,Sales - IBC Tanks
2024-04-11,Ncotebook order,TCS Courier,4035,0,-19099994,Bank,Office Supplies
2024-04-11,Purchase steel drums,Al-Baraka Bank,127487,0,-24044934,Cash,Purchases - Steel Drums
2024-04-11,Invoice plastic drums,Metro Traders,0,115882,-18652796,Bank,Sales - Plastic Drums
2024-04-11,Stationery purchase,HTG Petro,1705,0,5389317,Cash,Office Supplies
2024-04-11,IBC tank procurement,Local Supplier,571808,0,-7437478,Cash,Purchases - IBC Tanks
2024-04-11,Delivery charges,Local Supplier,19834,0,-12133081,Bank,Freight & Conveyance
2024-04-11,IBC tanks received biqll,Bank Al Falah,105298,0,6264395,Cash,Purchases - IBC Tanks
2024-04-12,IBC tanks received bill,Walk-in Customer,465072,0,-8619934,Bank,Purchases - IBC Tanks
2024-04-12,Water bill,Bank Al Falah,16768,0,-1042617,Bank,Utilities
2024-04-12,IBC tank procurement,Habib Bank,309783,0,1062746,Cash,Purchases - IBC Tanks
2024-04-12,Transport expense,Walk-in Cuystomer,27799,0,-81007,Bank,Freight & Conveyance
2024-04-12,Internet bill,Regular Client,7002,0,-14411020,Cash,Utilities
2024-04-12,Electricity bill,Al-Baraka Bank,11664,0,-13335512,Cash,Utilities
2024-04-12,Transport expense,Habib Bank,5408,0,-1013073,Cash,Freight & Conveyance
2024-04-12,Steel drums dispatched,City Freight,0,445363,-18272375,Bank,Sales - Steel Drums
2024-04-12,Internet bill,Metro Traders,9023,0,-11417828,Cash,Utilities
2024-04-12,Sundry charges,City Freight,1177,0,-8036128,Cash,Miscellaneous
2024-04-12,Transport expense,Local Supplier,26520,0,-7510409,Cash,Freight & Conveyance
2024-04-12,Online transfer fee,Metro Traders,2030,0,7858874,Cash,Bank Charges
2024-04-12,Purchase steel drums,walk-in customer,781573,0,-20070472,Bank,Purchases - Steel Drums
2024-04-12,Bank service charges,City Freight,4447,0,7435726,Cash,Bank Charges
2024-04-12,Customer pickup steel drums,Walk-in Customer,0,139553,-17880611,Bank,Sales - Steel Drums
2024-04-12,Delivery charges,Metro Traders,13497,0,-22402253,Bank,Freight & Conveyance
2024-04-13,bPetty cash expense,Local Supplier,3329,0,6586290,Bank,Miscellaneous
2024-04-13,Steel drums received,Walk-in Customer,229388,0,-18856101,Bank,Purchases - Steel Drums
2024-04-13,Drums conveyance,tcs courier,56262,0,329173,Cash,Freight & Conveyance
2024-04-13,Office furiniture,Pakistan Drums Co,7107,0,-10959417,Bank,Office Supplies
2024-04-13,Reconditioning expense,Regular Client,47224,0,5105617,Cash,Refurbishing Costs
2024-04-13,phone bill,Habib Bank,10542,0,-16355839,Bank,Utilities
2024-04-13,Refurbuished drum sale,M Ehtisham,0,83293,-10184004,Cash,Sales - Refurbished Drums
2024-04-13,notebook order,pakistan drums co,6255,0,7153310,Cash,Office Supplies
2024-04-13,Plastic drum procurement,Metro Traders,113744,0,-21856146,Cash,Purchases - Plastic Drums
2024-04-13,Sandblasting cost,City Freight,28336,0,4185245,Bank,Refurbishing Costs
2024-04-13,godown rent,Pakistan Drums Co,67838,0,1505831,Cash,Rent
2024-04-13,Office furniture,M rEhtisham,11351,0,-11407021,Bank,Office Supplies
2024-04-13,General expense,walk-in customer,5080,0,-19434096,Cash,Miscellaneous
2024-04-14,Plastic drum procurement,Punjab Chemicals,43697,0,-23616295,Bank,Purchases - Plastic Drums
2024-04-14,Phone bsill,Local Supplier,16618,0,-23523217,Bank,Utilities
2024-04-14,General expense,Al-Baraka Bank,2135,0,350078,Bank,Miscellaneous
2024-04-14,Bought IBC tanks HTG Petro,M Ehtisham,352711,0,-10363299,Cash,Purchases - IBC Tanks
2024-04-14,Cheque book charges,Meezan Bank,1693,0,-10694485,Bank,Bank Charges
2024-04-14,Plastic drum procurement,Meezan Bank,103090,0,-13298414,Cash,Purchases - Plastic Drums
2024-04-14,Bought IBC tanks HTG Petro,Punjab Chemicals,372706,0,-16043139,Cash,Purchases - IBC Tanks
2024-04-14,Bank service chargdes,Habib Bank,1902,0,-21810805,Cash,Bank Charges
2024-04-14,IBC tank procurement,Walk-iin Customer,83065,0,7086193,Bank,Purchases - IBC Tanks
2024-04-14,Sold IBC tanks,aMetro Traders,0,459792,-2365131,Bank,Sales - IBC Tanks
2024-04-14,Truck hire drums,al-baraka bank,26679,0,719717,Cash,Freight & Conveyance
2024-04-14,Sold steel drums,Punjab Chemicals,0,183696,-901587,Cash,Sales - Steel Drums
2024-04-14,Sundtry charges,Reguljar Client,5211,0,7945758,Cash,Miscellaneous
2024-04-14,Sundry charges,Metro Traders,5822,0,-21592962,Bank,Miscellaneous
2024-04-14,Truck hire drums,Meezan Bank,38800,0,-25701239,Cash,Freight & Conveyance
2024-04-14,Steel drum procurement,City Freight,644267,0,-23198030,Cash,Purchases - Steel Drums
2024-04-14,Drum refurbishing labour,M Ehtisham,56261,0,-4325990,Bank,Refurbishing Costs
2024-04-14,Paper stock,Local Supplier,2812,0,4416326,Cash,Office Supplies
2024-04-14,Cheque book charges,City Freight,4330,0,-2824408,Bank,Bank Charges
2024-04-15,Sold IBC tanks,Local Supplier,0,553224,-3571258,Bank,Sales - IBC Tanks
2024-04-15,Steel drum sale,Regular Client,0,666429,1798797,Bank,Sales - Steel Drums
2024-04-15,Bank comzmission,Local Supplier,1158,0,4377210,Cash,Bank Charges
2024-04-15,Refurbished drum sale,Habib Bank,0,84602,-2928049,Cash,Sales - Refurbished Drums
2024-04-15,Office rent,Meezan Bank,72321,0,-10125957,Cash,Rent
2024-04-15,Stationery purchase,Al-Baraka Bank,13274,0,5024515,Bank,Office Supplies
2024-04-15,General expense,HTG Petro,8873,0,-25800851,Cash,Miscellaneous
2024-04-15,Bank commission,Meezan Bank,957,0,-14467044,Cash,Bank Charges
2024-04-15,Monthly warehouse rent,punjab chemicals,69934,0,6852583,Bank,Rent
2024-04-15,Drums conveyance,yRegular Client,46810,0,-19149140,Bank,Freight & Conveyance
2024-04-15,Purchase IBC small tanks,TCS Courier,686919,0,-5357182,Bank,Purchases - IBC Tanks
2024-04-16,Invoice steel drums,HTG Petro,0,750390,-8569345,Bank,Sales - Steel Drums
2024-04-16,Refurbished steel drums invoice,Metro Traders,0,142350,-2771126,Cash,Sales - Refurbished Drums
2024-04-16,Steel drum sale,Local Supplier,0,683645,-22070041,Bank,Sales - Steel Drums
2024-04-16,IBC tanks received bill,Local Supplier,286590,0,-6139026,Cash,Purchases - IBC Tanks
2024-04-16,Bank service charges,M Ehtisham,1847,0,-21097474,Bank,Bank Charges
2024-04-16,drum repair materials,Habib Bank,6369,0,-13568659,Bank,Refurbishing Costs
2024-04-16,Printer ink,City Freight,13906,0,-10315911,Cash,Office Supplies
2024-04-16,Stationery purchase,tcs courier,10331,0,-5852436,Cash,Office Supplies
2024-04-16,Sandblastiqng cost,HTG Petro,71799,0,3241182,Bank,Refurbishing Costs
2024-04-16,Bought IBC tanks HTG Petro,Punjab Chemicals,388619,0,-20952325,Bank,Purchases - IBC Tanks
2024-04-16,printer ink,Regularp Client,8025,0,-5520035,Bank,Office Supplies
2024-04-16,Sold IBC tanks,Local Supplier,0,608119,-2579061,Cash,Sales - IBC Tanks
2024-04-16,IBC small tank invoice,Regular Client,0,105306,-20939954,Cash,Sales - IBC Tanks
2024-04-16,Customer payment plastic drums,M Ehtisham,0,45124,5094753,Cash,Sales - Plastic Drums
2024-04-16,Customer pickup steel drums,Local Supplier,0,495348,-7978918,Cash,Sales - Steel Drums
2024-04-16,Freight charges,TCS Courier,8579,0,-18671366,Cash,Freight & Conveyance
2024-04-16,IBC tanks dispatched,Al-Baraka Bank,0,306342,-20088350,Cash,Sales - IBC Tanks
2024-04-16,IBC tanks received bill,Punjab Chemicals,143110,0,-10151260,Cash,Purchases - IBC Tanks
2024-04-16,purchase ibc small tanks,Metro Traders,503125,0,-21457184,Bank,Purchases - IBC Tanks
2024-04-16,Steel drum sale,Habib Bank,0,766243,-18056102,Cash,Sales - Steel Drums
2024-04-16,Purchase plastic drums,HTG Petro,103240,0,-23023653,Bank,Purchases - Plastic Drums
2024-04-17,paperr stock,Habib Bank,8412,0,-1242085,Cash,Office Supplies
2024-04-17,Invoice plastic drums,Al-Baraka Bank,0,118174,4468936,Bank,Sales - Plastic Drums
2024-04-17,IBC tank sale,City Freight,0,627280,-22336682,Bank,Sales - IBC Tanks
2024-04-17,Phone wbill,City Freight,14369,0,297132,Bank,Utilities
2024-04-17,Custsomer pickup steel drums,Pakistan Drums Co,0,67133,-1093203,Bank,Sales - Steel Drums
2024-04-17,Printer ink,M Ehtisham,1884,0,-210047,Cash,Office Supplies
2024-04-17,Bank service charges,Al-Baraka Bank,972,0,-20693135,Cash,Bank Charges
2024-04-17,bought plastic drums,Pakistan Drums Co,190694,0,-335554,Bank,Purchases - Plastic Drums
2024-04-17,Shop rent,TCS Courier,69589,0,-23752785,Bank,Rent
2024-04-17,Bank commission,Bank Al Falah,2474,0,5386137,Cash,Bank Charges
2024-04-17,Office furniture,habib bank,12357,0,337752,Cash,Office Supplies
2024-04-17,Freight charges,Walk-in Cukstomer,14022,0,-366654,Cash,Freight & Conveyance
2024-04-17,Drum refurbishing labour,Mnetro Traders,77825,0,-20240758,Cash,Refurbishing Costs
2024-04-18,Refurbished steel drums invoice,Bank Al Falah,0,74079,1391991,Bank,Sales - Refurbished Drums
2024-04-18,Bought IBC tanks HTG Petro,M Ehtisham,125588,0,-23612541,Bank,Purchases - IBC Tanks
2024-04-18,Sundry charges,Metro Trarders,1308,0,-11037009,Bank,Miscellaneous
2024-04-18,cheque book charges,Al-Baraka Bank,873,0,-2008441,Bank,Bank Charges
2024-04-18,Bank service charges,Meezean Bank,1055,0,-8450087,Cash,Bank Charges
2024-04-18,general expense,Pakistan Drums Co,5043,0,-6352090,Cash,Miscellaneous
2024-04-18,Sold reconditioned drums,cWalk-in Customer,0,60100,-18771422,Cash,Sales - Refurbished Drums
2024-04-18,Transport expense,M Ehtisham,24559,0,-17021286,Bank,Freight & Conveyance
2024-04-18,Delivery charges,City Freight,30250,0,-23676871,Cash,Freight & Conveyance
2024-04-18,Bought IBC tanks HTG Petro,HTG Petro,659726,0,-7092271,Bank,Purchases - IBC Tanks
2024-04-18,Truck hire drums,Punjab Chemicals,49407,0,-19323350,Bank,Freight & Conveyance
2024-04-19,sold reconditioned drums,Local Supplier,0,55322,399304,Cash,Sales - Refurbished Drums
2024-04-19,godown rent,M Ehtisham,49933,0,121145,Cash,Rent
2024-04-19,Purchase plastic drums,Bank Al Falah,135159,0,-19187687,Cash,Purchases - Plastic Drums
2024-04-19,Steel drum procurement,Habib Bank,674844,0,-7776224,Cash,Purchases - Steel Drums
2024-04-19,Invoice steel drums,Bank Al Falah,0,190900,-10008150,Cash,Sales - Steel Drums
2024-04-19,Bought steel drums HTG Petro,Local Supplier,193678,0,-20616505,Cash,Purchases - Steel Drums
2024-04-19,Storage rent paid,Walk-in Customer,30245,0,3810366,Bank,Rent
2024-04-19,Steel drums dispatched,Pakistan Drums Co,0,219769,-18813953,Bank,Sales - Steel Drums
2024-04-19,Invoice plastic drums,City Freight,0,53299,-15730545,Cash,Sales - Plastic Drums
2024-04-19,Refurbkished drum sale,Metro Traders,0,141234,-16382589,Cash,Sales - Refurbished Drums
2024-04-19,Purchase IBC small tanks,M Ehtisham,446512,0,-9117643,Bank,Purchases - IBC Tanks
2024-04-19,IBC tank sale,HTG Petro,0,174222,531045,Cash,Sales - IBC Tanks
2024-04-19,Sold IBC tanks,TCS Courier,0,236007,6643520,Cash,Sales - IBC Tanks
2024-04-19,Internet bill,TCS Courier,4520,0,-22225474,Bank,Utilities
2024-04-19,Sold IBC tanks,Habib Bank,0,400930,-12861827,Cash,Sales - IBC Tanks
2024-04-19,Purchase plastic drums,M Ehtisham,33264,0,352213,Bank,Purchases - Plastic Drums
2024-04-20,Sold IBC tanks,Pakistan Drums Co,0,378152,-16357016,Bank,Sales - IBC Tanks
2024-04-20,Customer pickup steel drums,Meezan Bank,0,180729,-22680992,Cash,Sales - Steel Drums
2024-04-20,Electricity bill,City Freight,11411,0,-6526288,Cash,Utilities
2024-04-20,Refurbished steel drums invoice,Metro Traders,0,144183,-26173515,Cash,Sales - Refurbished Drums
2024-04-20,Plastic drums delivered,Al-Baraka Bbank,0,194974,-11312203,Cash,Sales - Plastic Drums
2024-04-20,Plastic drums received,Metro Traders,180749,0,-2870844,Cash,Purchases - Plastic Drums
2024-04-20,Internet bill,Regular Client,17170,0,6010741,Bank,Utilities
2024-04-20,Drums conveyance,City Freight,40784,0,-25179523,Bank,Freight & Conveyance
2024-04-20,Delivuery charges,punjab chemicals,25965,0,1728,Bank,Freight & Conveyance
2024-04-20,Cheque book charges,tcs couorier,4100,0,-639085,Cash,Bank Charges
2024-04-20,Invoice plastic drums,Al-Baraka Bank,0,35802,-7112447,Bank,Sales - Plastic Drums
2024-04-20,Plastic drum procurement,Meezan Bank,150647,0,-4686106,Bank,Purchases - Plastic Drums
2024-04-20,Paper stock,M Ehtisham,6325,0,-18503968,Bank,Office Supplies
2024-04-20,Printer ink,Pakistan Drums Co,8915,0,-25006190,Cash,Office Supplies
2024-04-20,Plastic drum procurement,Metro Traders,41796,0,-4710412,Bank,Purchases - Plastic Drums
2024-04-21,Stationery plurchase,Meezan Bank,3495,0,4249102,Cash,Office Supplies
2024-04-21,Sundry charges,meezan bank,7663,0,-19331013,Cash,Miscellaneous
2024-04-21,Customer pickup steel drums,Meezan Bank,0,173207,4417630,Bank,Sales - Steel Drums
2024-04-21,steel drum sale,TCS Courier,0,790280,-23755964,Cash,Sales - Steel Drums
2024-04-21,refurbished steel drums invoice,Local Supplier,0,31636,-21556759,Cash,Sales - Refurbished Drums
2024-04-21,Reconditioning expense,City Freight,41115,0,-15855371,Cash,Refurbishing Costs
2024-04-21,Steel drum sale,Al-Baraka Bank,0,256942,-2577939,Bank,Sales - Steel Drums
2024-04-21,Invoice plastic drums,lmeezan bank,0,88647,-9890425,Cash,Sales - Plastic Drums
2024-04-21,online transfer fee,habib bank,3580,0,-10341487,Bank,Bank Charges
2024-04-21,Steel drum procurement,pakistan drums co,80228,0,-19000133,Cash,Purchases - Steel Drums
2024-04-21,Reconditioned barrel sale,M Ehtisham,0,94169,-3007816,Cash,Sales - Refurbished Drums
2024-04-21,Bank service charges,punjab chemicals,3824,0,-22435881,Bank,Bank Charges
2024-04-21,Customer payment plastic drums,TCS Courier,0,121263,-2356576,Cash,Sales - Plastic Drums
2024-04-21,office furniture,bank al falah,11318,0,-121012,Cash,Office Supplies
2024-04-21,Steel drum procurement,City Freight,158354,0,-12032595,Bank,Purchases - Steel Drums
2024-04-21,Notebook order,Meezan Banak,12215,0,-10971632,Bank,Office Supplies
2024-04-21,IBC tank procurement,Regular Client,696790,0,-5213647,Bank,Purchases - IBC Tanks
2024-04-21,Gas charges,Local Supplier,10439,0,8489721,Cash,Utilities
2024-04-22,Sold steel ldrums,TCS Courier,0,132892,-19501565,Bank,Sales - Steel Drums
2024-04-22,Delivery charges,Pakistan Drums Co,6598,0,-753382,Bank,Freight & Conveyance
2024-04-22,Drum repairo materials,City Freight,26710,0,-21124473,Bank,Refurbishing Costs
2024-04-22,IBC small tank invoice,meezan bank,0,401187,-18234334,Cash,Sales - IBC Tanks
2024-04-22,Petty cash expense,TCS Courier,3622,0,2077316,Bank,Miscellaneous
2024-04-22,Bank service charges,habib bank,679,0,-21688576,Cash,Bank Charges
2024-04-22,Sold plastic drums,Meezan Bank,0,111498,-9918803,Bank,Sales - Plastic Drums
2024-04-22,gInvoice steel drums,HTG Petro,0,301901,-5315091,Bank,Sales - Steel Drums
2024-04-22,Electricity bill,Local Supplier,6439,0,-18506635,Cash,Utilities
2024-04-22,Invoice steel druzms,Metro Traders,0,253705,-20254417,Cash,Sales - Steel Drums
2024-04-22,Plastic drums received,Walk-in Customer,42235,0,-10266551,Bank,Purchases - Plastic Drums
2024-04-22,Bought plastic drums,TCS Courier,31852,0,-18803959,Cash,Purchases - Plastic Drums
2024-04-23,Purchase steel drums,M Ehtisham,485784,0,-53843,Bank,Purchases - Steel Drums
2024-04-23,IBC tank procurement,Bank Al Falah,309427,0,-25092099,Bank,Purchases - IBC Tanks
2024-04-23,plastic drums received,Pakistan Drums Co,77101,0,-19250600,Bank,Purchases - Plastic Drums
2024-04-23,Transgport expense,Bank Al Falah,38619,0,-18834397,Bank,Freight & Conveyance
2024-04-23,Reconditiloning expense,TCS Courier,34310,0,5053128,Bank,Refurbishing Costs
2024-04-23,customer payment plastic drums,Walk-in Customer,0,80550,7388192,Bank,Sales - Plastic Drums
2024-04-23,Drum repair materials,Al-Baraka Bank,29350,0,-13349415,Bank,Refurbishing Costs
2024-04-23,Shop rent,tcs courier,42723,0,5949672,Cash,Rent
2024-04-23,Paper stock,TCS Courier,4610,0,-15735155,Cash,Office Supplies
2024-04-23,Online transfer fee,Lfocal Supplier,2575,0,6360953,Cash,Bank Charges
2024-04-23,Invoice steel drums,Punjab Chemicals,0,515425,-10224316,Cash,Sales - Steel Drums
2024-04-24,Transport expense,TCS Courier,22224,0,-15460651,Bank,Freight & Conveyance
2024-04-24,Bought IBC tanks HTG Petro,tcs courier,535267,0,-19818410,Bank,Purchases - IBC Tanks
2024-04-24,Sold IBC tanks,walk-in cusstomer,0,369528,-18700262,Cash,Sales - IBC Tanks
2024-04-24,Reconditioned barrel sale,zBank Al Falah,0,69388,-21544137,Cash,Sales - Refurbished Drums
2024-04-24,Petty cash expense,Walk-in Customer,8449,0,-12060465,Cash,Miscellaneous
2024-04-24,Recondaitioned barrel sale,Meezan Bank,0,107005,-25659174,Cash,Sales - Refurbished Drums
2024-04-24,Customer pickup steel drums,Meezan Bank,0,739877,-17154919,Bank,Sales - Steel Drums
2024-04-24,IBCu tanks received bill,Punjab Chemicals,271297,0,-22554304,Cash,Purchases - IBC Tanks
2024-04-24,truck hire drums,M Ehtisham,27565,0,5986489,Cash,Freight & Conveyance
2024-04-24,Invoice steel drums,Meezan Bank,0,746863,-5443671,Cash,Sales - Steel Drums
2024-04-24,Sandblasting cost,Walk-in Customer,55475,0,-19666725,Cash,Refurbishing Costs
2024-04-24,Petty cash expense,Walk-in Customer,6750,0,-1753665,Cash,Miscellaneous
2024-04-24,Purchase IBC small tanks,TCS Courier,170475,0,-23166453,Bank,Purchases - IBC Tanks
2024-04-24,Phone biull,M Ehtisham,2499,0,2134705,Cash,Utilities
2024-04-24,IBC tanks dispatched,Punjab Chemicals,0,257642,-19679473,Cash,Sales - IBC Tanks
2024-04-24,Steel drum procurement,Metro Traders,652524,0,-21810652,Bank,Purchases - Steel Drums
2024-04-24,IBC tanks received bill,Meezan Bank,193047,0,-3018454,Cash,Purchases - IBC Tanks
2024-04-24,Sundry charges,Riegular Client,4899,0,-16139837,Bank,Miscellaneous
2024-04-24,Sundry charges,Regular Client,4337,0,-20817115,Cash,Miscellaneous
2024-04-24,general hexpense,Al-Baraka Bank,3847,0,-5695021,Cash,Miscellaneous
2024-04-24,Sold IBC tanks,Regular Cslient,0,335152,-17403651,Bank,Sales - IBC Tanks
2024-04-24,Internet bill,TCS Courier,14081,0,5248167,Bank,Utilities
2024-04-25,Refurbished drum sale,Walk-qin Customer,0,117985,-19974509,Bank,Sales - Refurbished Drums
2024-04-25,Internet bill,walk-in customer,13009,0,-13195324,Cash,Utilities
2024-04-25,Customer IBC payment,Walk-in Custoemer,0,137676,-5396820,Cash,Sales - IBC Tanks
2024-04-25,Plastic drums received,Regular Client,40759,0,-17537052,Cash,Purchases - Plastic Drums
2024-04-25,Paint and coating drums,Local Supplier,53821,0,-1555980,Cash,Refurbishing Costs
2024-04-25,Gas charges,pakistan drums co,4659,0,2406666,Bank,Utilities
2024-04-25,Drums conveyance,Metro Traders,27213,0,-3777318,Cash,Freight & Conveyance
2024-04-25,Online transfer fee,Punjab Chemicals,1134,0,-23289750,Cash,Bank Charges
2024-04-25,Phone bill,Metrso Traders,8284,0,-16554904,Cash,Utilities
2024-04-26,Petty cash expense,City Freight,1526,0,5463629,Bank,Miscellaneous
2024-04-26,Plastic drum sale,walk-in customer,0,194967,-16591504,Cash,Sales - Plastic Drums
2024-04-26,Online transfer fee,Locqal Supplier,778,0,-17033587,Cash,Bank Charges
2024-04-26,General expense,Habib Bank,9214,0,-19744904,Bank,Miscellaneous
2024-04-26,IBC tanks received bill,Local Supplier,483967,0,-18332602,Bank,Purchases - IBC Tanks
2024-04-26,Gas charges,Bank Al Falah,16531,0,-21662681,Cash,Utilities
2024-04-26,Shop rent,Habib Bank,71206,0,-610431,Cash,Rent
2024-04-26,plastic drum sale,Locaal Supplier,0,107686,-19827840,Cash,Sales - Plastic Drums
2024-04-26,Paint and coating drums,Meezan Bank,8992,0,-3685755,Bank,Refurbishing Costs
2024-04-26,Delivery charges,TCS Courier,46157,0,-3963944,Bank,Freight & Conveyance
2024-04-26,Bought steel drums HTG Petro,Metro Traders,212684,0,-20453442,Cash,Purchases - Steel Drums
2024-04-26,Petty cash expense,Local Supplier,640,0,-4124482,Bank,Miscellaneous
2024-04-27,Office furniture,Al-Baraka Bank,9668,0,-20039980,Cash,Office Supplies
2024-04-27,Cheque book charges,Regular Client,4332,0,-3213414,Bank,Bank Charges
2024-04-27,Invoice steel drums,Pakistan Drums Co,0,797103,-13190612,Cash,Sales - Steel Drums
2024-04-27,IBC tanks received bill,Meezan Bank,568670,0,-5545973,Bank,Purchases - IBC Tanks
2024-04-27,Delivejry charges,Punjab Chemicals,24614,0,-19505835,Bank,Freight & Conveyance
2024-04-27,Purchase plastic drums,Punjab Chemicals,68817,0,-20300408,Cash,Purchases - Plastic Drums
2024-04-27,Purchase steele drums,HTG Phetro,424106,0,-5140046,Cash,Purchases - Steel Drums
2024-04-27,General expense,Al-Barakau Bank,7442,0,2588483,Bank,Miscellaneous
2024-04-27,Freight charges,Local Supplier,24762,0,-1233673,Cash,Freight & Conveyance
2024-04-27,Sandblasting cost,TCS Courier,25623,0,-373775,Bank,Refurbishing Costs
2024-04-27,Godown rent,TCS Comurier,71053,0,7915330,Cash,Rent
2024-04-27,Online transfer fee,Metro Traders,2467,0,-15352402,Cash,Bank Charges
2024-04-28,Invoice steel drums,Punjab Chemicals,0,734933,7297550,Cash,Sales - Steel Drums
2024-04-28,Notebook order,HTG Petro,11026,0,-18304148,Bank,Office Supplies
2024-04-28,Petty cash expense,M Ehtisham,8236,0,-7372591,Cash,Miscellaneous
2024-04-28,Phone birll,pakistan drums co,6383,0,-22518701,Cash,Utilities
2024-04-28,Online transfer fee,HTG Petro,3288,0,-22004160,Bank,Bank Charges
2024-04-28,Drum refurbishing labour,Walk-in Customer,7795,0,342946,Bank,Refurbishing Costs
2024-04-28,Truck hirey drums,Pakistan Drums Co,34603,0,-15297574,Cash,Freight & Conveyance
2024-04-29,Paint anhd coating drums,Metro Traders,39531,0,-8659465,Cash,Refurbishing Costs
2024-04-29,Refurbished drum sale,Walk-in Customer,0,45525,-19819575,Bank,Sales - Refurbished Drums
2024-04-29,Plastic drum sale,Walk-ibn Customer,0,174808,-22348344,Bank,Sales - Plastic Drums
2024-04-29,Sold steel drums,TCS Courier,0,706427,430268,Bank,Sales - Steel Drums
2024-04-29,Purchase plastic drulms,M Ehtisham,174452,0,-12888186,Bank,Purchases - Plastic Drums
2024-04-29,Customer payment plastic drums,Punjab Chemicals,0,78309,-20512282,Cash,Sales - Plastic Drums
2024-04-29,Purchase IBC small tanks,Pakistsan Drums Co,216762,0,-21549998,Cash,Purchases - IBC Tanks
2024-04-29,Purchase IBC small tanks,HTG Petro,156172,0,4697996,Bank,Purchases - IBC Tanks
2024-04-29,Steel drum procyurement,TCS Courier,212033,0,-15506995,Cash,Purchases - Steel Drums
2024-04-29,Miscellaneous expense,Habib Baqnk,7813,0,-20412991,Cash,Miscellaneous
2024-04-29,Plastic drum sale,City Freight,0,84581,-5754674,Bank,Sales - Plastic Drums
2024-04-29,Sundry charges,Habib Bank,1788,0,-13070342,Bank,Miscellaneous
2024-04-30,Stationery purchase,Local Supplier,6896,0,-16979190,Bank,Office Supplies
2024-04-30,Refurbished drum sale,Mertro Traders,0,120039,-1645872,Bank,Sales - Refurbished Drums
2024-04-30,Sundry charges,city freight,5772,0,-21012990,Cash,Miscellaneous
2024-04-30,IBC tanks received bill,Local Supplier,423001,0,1841878,Bank,Purchases - IBC Tanks
2024-04-30,Customer payment plastic drums,Bank Al Falah,0,140075,7567851,Bank,Sales - Plastic Drums
2024-04-30,Refurbished steel drums invoice,M Echtisham,0,137552,-13122109,Bank,Sales - Refurbished Drums
2024-04-30,Plastic drums delivered,City Freight,0,132127,-19312242,Cash,Sales - Plastic Drums
2024-04-30,Paint and coating drums,Punjab Chemicals,9303,0,-11795439,Cash,Refurbishing Costs
2024-04-30,Bank commissioon,Regular Client,818,0,-22450065,Bank,Bank Charges
2024-04-30,Bank commission,HTG Petro,4793,0,-24577639,Cash,Bank Charges
2024-04-30,Purchase steel drums,Meezan Bank,673291,0,-14886947,Bank,Purchases - Steel Drums
2024-05-01,drums conveyance,Punjab Chemicals,12516,0,343982,Bank,Freight & Conveyance
2024-05-01,Steel drum sale,Regular Client,0,827653,-11772967,Bank,Sales - Steel Drums
2024-05-01,IBC tanks received bill,Cxity Freight,608847,0,-19491696,Bank,Purchases - IBC Tanks
2024-05-01,Phone fbill,Punjab Chemicals,10763,0,-23235773,Bank,Utilities
2024-05-01,Phone bill,M Ehtisham,8981,0,-20398966,Bank,Utilities
2024-05-01,Bought IBC tanks HTG Petpro,local supplier,107310,0,-21039194,Bank,Purchases - IBC Tanks
2024-05-01,Plastic drums delivered,Regular Client,0,96838,-5502581,Cash,Sales - Plastic Drums
2024-05-01,Refurbished drum sale,City Freight,0,79332,-20176959,Cash,Sales - Refurbished Drums
2024-05-01,Bought plastic drums,Al-Baraka Bank,146945,0,-17933650,Cash,Purchases - Plastic Drums
2024-05-01,Plastic drums received,Pakistan Drums Co,41961,0,-15606497,Bank,Purchases - Plastic Drums
2024-05-01,Bought steel drums HTG Petro,Walk-in Custopmer,812908,0,-16737809,Cash,Purchases - Steel Drums
2024-05-01,Purchase plastic drums,Metro Traders,70092,0,7860904,Cash,Purchases - Plastic Drums
2024-05-01,Drum repair materials,Metro Traders,79670,0,2955005,Bank,Refurbishing Costs
2024-05-01,Bought plastic drums,Al-Baraka Bank,152063,0,-18405696,Cash,Purchases - Plastic Drums
2024-05-02,general expense,Al-Baraka Bank,7135,0,-23288616,Cash,Miscellaneous
2024-05-02,Office rent,Meezan Bank,32248,0,-14532313,Cash,Rent
2024-05-02,Delivery charges,Al-Baraka Bank,50305,0,-16516718,Bank,Freight & Conveyance
2024-05-02,Phone brill,TCS Courier,14734,0,-15754738,Cash,Utilities
2024-05-02,Customer payment plastic drums,Metro Traders,0,37336,-9853089,Cash,Sales - Plastic Drums
2024-05-02,Invoice plastic drums,Local Supplier,0,41902,-23521794,Cash,Sales - Plastic Drums
2024-05-02,Miscelalaneous expense,punjab chemicals,8328,0,-2767711,Cash,Miscellaneous
2024-05-02,Sold reconditioned drums,Pakistan Drums Co,0,81223,2569040,Cash,Sales - Refurbished Drums
2024-05-02,electricity bill,Regular Client,15848,0,-24120027,Bank,Utilities
2024-05-02,Plasthic drums received,Walk-in Customer,41647,0,-21511452,Cash,Purchases - Plastic Drums
2024-05-02,Office rent,Habib Bank,68166,0,3034675,Cash,Rent
2024-05-02,Sold reconditioned drums,ahtg petro,0,34801,-2787468,Cash,Sales - Refurbished Drums
2024-05-02,printer ink,HTG Petro,14514,0,1022073,Cash,Office Supplies
2024-05-02,IBC tanks received bill,al-baraka bank,372554,0,-23830327,Bank,Purchases - IBC Tanks
2024-05-02,Delivery charges,TCS Courier,26451,0,-6875431,Cash,Freight & Conveyance
2024-05-02,Bought steel drums HTG Petro,Bank Al Falah,366185,0,-2374626,Cash,Purchases - Steel Drums
2024-05-02,Bought plastic drums,Habibl Bank,43972,0,-234021,Cash,Purchases - Plastic Drums
2024-05-03,Reconditioqned barrel sale,City Freight,0,38598,-23572598,Cash,Sales - Refurbished Drums
2024-05-03,Plastic drums received,Bank Al Falah,139299,0,7705202,Cash,Purchases - Plastic Drums
2024-05-03,Purchase IBC small tanks,local supplier,503464,0,-8431591,Bank,Purchases - IBC Tanks
2024-05-03,Steel drum procurement,Habiba Bank,644198,0,-10883015,Bank,Purchases - Steel Drums
2024-05-03,IBC taink procurement,Al-Baraka Bank,560212,0,-18060859,Cash,Purchases - IBC Tanks
2024-05-03,Notebook order,Al-Baraka Bank,6496,0,1915849,Cash,Office Supplies
2024-05-03,Steelu drums received,Metro Traders,327657,0,-5420002,Bank,Purchases - Steel Drums
2024-05-03,Petty cash expense,TCS Courier,2373,0,7823515,Cash,Miscellaneous
2024-05-03,Cheque book charges,meezan bank,882,0,4352052,Bank,Bank Charges
2024-05-03,IBC tanks recfeived bill,Regular Client,465102,0,-15798608,Cash,Purchases - IBC Tanks
2024-05-03,Drum repair materials,Pakistan Drums Co,29000,0,5087438,Cash,Refurbishing Costs
2024-05-03,Shop rent,Punjab Chemicals,66553,0,-19317153,Cash,Rent
2024-05-04,Steel drum procurement,TCS Courier,150948,0,-20456966,Cash,Purchases - Steel Drums
2024-05-04,Customer IBC payment,HTG Petro,0,512749,-10879913,Bank,Sales - IBC Tanks
2024-05-04,Bank service charges,Habib Bank,4457,0,-6514877,Cash,Bank Charges
2024-05-04,sundry charges,tcs courier,2375,0,-1756366,Cash,Miscellaneous
2024-05-04,Petnty cash expense,Pakistan Drums Co,4347,0,-22221274,Cash,Miscellaneous
2024-05-04,Transport expense,Meezan Bank,44863,0,1209277,Bank,Freight & Conveyance
2024-05-04,Sandblasting cost,Metro Trraders,21440,0,-4472941,Cash,Refurbishing Costs
2024-05-04,Customer payment plastic drums,Walk-in Customer,0,37321,-24062630,Cash,Sales - Plastic Drums
2024-05-04,Phone bill,Local Supplier,17853,0,-10632742,Cash,Utilities
2024-05-04,Paper stock,Local Supplier,12855,0,-25461095,Cash,Office Supplies
2024-05-04,Reconditioning expense,Banvk Al Falah,67514,0,-19718477,Cash,Refurbishing Costs
2024-05-05,Truck hire drums,Punjab Chemicals,30937,0,-17523624,Bank,Freight & Conveyance
2024-05-05,IBC btank procurement,Pakistan Drums Co,81794,0,-16462514,Cash,Purchases - IBC Tanks
2024-05-05,Stationery purchase,city freight,12009,0,-19950487,Cash,Office Supplies
2024-05-05,Drum repair materials,bankk al falah,61633,0,-8054152,Bank,Refurbishing Costs
2024-05-05,Purchase IBC small tanks,Metro Traders,397257,0,-150381,Cash,Purchases - IBC Tanks
2024-05-05,Miscellaneous expense,Walk-in Customer,3664,0,-19622115,Bank,Miscellaneous
2024-05-05,Office rent,bank al falah,64888,0,-22970468,Cash,Rent
2024-05-05,Purchase plastic drums,Regular Client,131330,0,-20526127,Cash,Purchases - Plastic Drums
2024-05-05,sold plastic drums,HTG Petro,0,63148,-10785441,Cash,Sales - Plastic Drums
2024-05-05,Refurbished steel drums invoice,Al-Baraka Bank,0,78185,-3972323,Cash,Sales - Refurbished Drums
2024-05-05,Bought steel drums HTG Petro,meezan bank,223963,0,-21622840,Bank,Purchases - Steel Drums
2024-05-05,Sold reconditioned drums,Pakistan Drums Co,0,52111,-19429016,Bank,Sales - Refurbished Drums
2024-05-05,Delivery chdarges,Metro Traders,58148,0,-10551946,Bank,Freight & Conveyance
2024-05-05,Bought IBC tanks HTG Petro,Metro Traders,599039,0,7624706,Bank,Purchases - IBC Tanks
2024-05-06,Purchase IBC small tanks,Regular Client,535463,0,102192,Bank,Purchases - IBC Tanks
2024-05-06,Purchase IBC small tanks,Punjab Chemicals,422103,0,-5842105,Bank,Purchases - IBC Tanks
2024-05-06,IBC small tank invoice,Walk-in Customer,0,294670,-21900866,Bank,Sales - IBC Tanks
2024-05-06,Cheque booqk charges,Metro Traders,3761,0,-22195536,Cash,Bank Charges
2024-05-06,Cheque book charges,TCS Courier,4656,0,-23557444,Cash,Bank Charges
2024-05-06,Office rent,Bank Al Falah,46624,0,-7922480,Bank,Rent
2024-05-06,Petty cash expense,Walk-in Customer,8651,0,-20726124,Cash,Miscellaneous
2024-05-06,Notebook order,Walk-in Customer,5414,0,-19643374,Bank,Office Supplies
2024-05-06,Steel drum sale,M Ehtisham,0,734989,-9383680,Cash,Sales - Steel Drums
2024-05-06,Truck hire drums,Walk-in Cusetomer,19609,0,-22297633,Cash,Freight & Conveyance
2024-05-06,customer pickup steel drums,Meezan Bank,0,129718,-20941597,Bank,Sales - Steel Drums
2024-05-06,IBC tanks dispatched,Meezan Bank,0,256302,-109183,Bank,Sales - IBC Tanks
2024-05-06,sold reconditioned drums,Al-Baraka Bank,0,29479,-21779287,Bank,Sales - Refurbished Drums
2024-05-06,Refurbished drum sale,M Ehtisham,0,84032,-5548858,Cash,Sales - Refurbished Drums
2024-05-06,Internet bill,TCS Courier,19031,0,-21985648,Bank,Utilities
2024-05-06,IBC small tank invoice,Al-Baraka Bank,0,308978,8185613,Cash,Sales - IBC Tanks
2024-05-07,Plastic drum sale,M Ehtisham,0,130883,301233,Bank,Sales - Plastic Drums
2024-05-07,Water bill,Punjab Chemicals,15784,0,5250423,Cash,Utilities
2024-05-07,Sold plastic drums,Pakistan Drums Co,0,108786,-21611897,Cash,Sales - Plastic Drums
2024-05-07,Truck hire drums,Local Supplier,35903,0,8444823,Cash,Freight & Conveyance
2024-05-07,Initernet bill,M Ehtisham,18408,0,-19190466,Bank,Utilities
2024-05-07,Steel drum sale,Walk-in Customer,0,353389,-22628560,Cash,Sales - Steel Drums
2024-05-07,notebook order,Habib Bank,5803,0,-10908195,Cash,Office Supplies
2024-05-07,Bought steel drums HTG Petro,Ms Ehtisham,789573,0,-21095627,Bank,Purchases - Steel Drums
2024-05-07,General expense,Habib Bank,1633,0,-24673488,Cash,Miscellaneous
2024-05-07,Plastic drum sale,Habib Bank,0,47993,-14918021,Bank,Sales - Plastic Drums
2024-05-07,ibc tanks received bill,Pakistan Drums Co,514596,0,-17498050,Bank,Purchases - IBC Tanks
2024-05-07,Invoice steel drums,Localx Supplier,0,870230,6368093,Bank,Sales - Steel Drums
2024-05-07,Notebook order,TCS Courier,12121,0,-23122967,Bank,Office Supplies
2024-05-07,IBC tank procurement,dWalk-in Customer,151262,0,-4761488,Cash,Purchases - IBC Tanks
2024-05-07,paint and coating drums,Habib Bank,49816,0,-19833702,Cash,Refurbishing Costs
2024-05-07,Reconditioned barrel sale,HTG Petro,0,143201,-18729207,Cash,Sales - Refurbished Drums
2024-05-07,Bought plastic drums,qLocal Supplier,77650,0,-23368172,Bank,Purchases - Plastic Drums
2024-05-07,Sold reconditioned drums,M Ehtrisham,0,128007,400696,Bank,Sales - Refurbished Drums
2024-05-07,Bank service charges,Regular Client,1670,0,484471,Bank,Bank Charges
2024-05-07,Steel dxrums dispatched,Habib Bank,0,505488,-11883029,Bank,Sales - Steel Drums
2024-05-07,Steel drums received,regular client,722730,0,-20543738,Cash,Purchases - Steel Drums
2024-05-07,Sold reconditioned drums,Meeezan Bank,0,32222,-16710462,Cash,Sales - Refurbished Drums
2024-05-07,reconditioned barrel sale,Pakistan Drums Co,0,128103,4263346,Cash,Sales - Refurbished Drums
2024-05-08,Plastic drums delivered,Meezqan Bank,0,167076,-23515548,Cash,Sales - Plastic Drums
2024-05-08,Purchase IBC small taneks,City Freigxht,643746,0,-3221685,Bank,Purchases - IBC Tanks
2024-05-08,Steel drums dispatched,TCS Courier,0,563349,-14093841,Cash,Sales - Steel Drums
2024-05-08,Petty cash expense,Meezan Bank,7264,0,-19673989,Bank,Miscellaneous
2024-05-08,cReconditioned barrel sale,City Freight,0,67701,-20345290,Cash,Sales - Refurbished Drums
2024-05-08,Steel drum sale,Regular Client,0,728281,-17930763,Cash,Sales - Steel Drums
2024-05-08,IBC tank sale,Metro Traders,0,324223,-21207460,Bank,Sales - IBC Tanks
2024-05-08,Invoice plastic drums,City Freight,0,42847,-19018752,Bank,Sales - Plastic Drums
2024-05-08,Sold steel drums,Al-Baraka Bank,0,562269,-22320884,Cash,Sales - Steel Drums
2024-05-08,online transfer fee,Habib Bank,1884,0,-19323203,Bank,Bank Charges
2024-05-08,Godowno rent,Local Supplier,75708,0,-14183417,Bank,Rent
2024-05-08,ibc tanks received bill,M Ehtisham,600014,0,-3607830,Cash,Purchases - IBC Tanks
2024-05-08,Paper stock,Bank Al Falah,1488,0,-18816419,Bank,Office Supplies
2024-05-08,Godown rent,Local Supplier,46244,0,7405659,Bank,Rent
2024-05-08,ezlectricity bill,Meezan Bank,9400,0,-22303547,Bank,Utilities
2024-05-09,Reconditioned barrel sale,Bank rAl Falah,0,146113,780346,Cash,Sales - Refurbished Drums
2024-05-09,Customer payment plastic drumxs,Local Supplier,0,142269,-22929360,Cash,Sales - Plastic Drums
2024-05-09,Notebook order,Pakistan Drums mCo,7481,0,-20057326,Cash,Office Supplies
2024-05-09,Online transfer fee,Pakistan Drums Co,3441,0,7809610,Bank,Bank Charges
2024-05-09,Godown renmt,Regular Client,48578,0,-9970957,Cash,Rent
2024-05-09,office rent,Walk-in Customer,33307,0,-14404018,Cash,Rent
2024-05-09,Invoice steel drums,Pakistan Drums Co,0,823186,-6911105,Bank,Sales - Steel Drums
2024-05-09,General expense,Punjab Chemicals,3346,0,7200351,Cash,Miscellaneous
2024-05-09,Sold reconditioned drums,Habib Bank,0,138318,4861681,Cash,Sales - Refurbished Drums
2024-05-09,Bought IBC tanks HTG Petro,Walk-in Customer,192238,0,-21154017,Cash,Purchases - IBC Tanks
2024-05-09,plastic drum sale,Metro Traders,0,178717,-8316629,Cash,Sales - Plastic Drums
2024-05-09,shop rent,M Ehtisham,66881,0,-23084813,Bank,Rent
2024-05-09,Cheque book charges,bank al falah,670,0,-2730488,Cash,Bank Charges
2024-05-09,Petty cash expense,Regular Client,7186,0,-20162933,Bank,Miscellaneous
2024-05-09,Purchase IBC small tanks,HTG Petro,237219,0,-19316077,Bank,Purchases - IBC Tanks
2024-05-09,Bank service charges,Bank Al Falah,3017,0,-19586614,Bank,Bank Charges
2024-05-09,Payper stock,M Ehtisham,1836,0,-16751443,Bank,Office Supplies
2024-05-09,Plastic drums delivered,cityx freight,0,124437,-20099351,Bank,Sales - Plastic Drums
2024-05-09,customer payment plastic drums,Metro Traders,0,45475,-4243533,Bank,Sales - Plastic Drums
2024-05-10,Sold plastic drums,HTG Petro,0,149425,-14768596,Cash,Sales - Plastic Drums
2024-05-10,Online transfer fee,pakistan drums co,1968,0,-20941922,Cash,Bank Charges
2024-05-10,Steel qdrum procurement,M Ehtisham,756318,0,-21495831,Cash,Purchases - Steel Drums
2024-05-10,Freight charges,Punjab Chemicals,50430,0,-14496193,Bank,Freight & Conveyance
2024-05-10,Gas charges,City Freight,3937,0,1869784,Bank,Utilities
2024-05-10,General expense,HTG Petro,3353,0,-14708600,Cash,Miscellaneous
2024-05-10,Steel drums received,M Ehtisham,593386,0,-23948607,Cash,Purchases - Steel Drums
2024-05-10,Notebook order,Myeezan Bank,6910,0,-20917572,Cash,Office Supplies
2024-05-10,Storage rent paid,City Freight,23260,0,-23487818,Cash,Rent
2024-05-10,IBC tanks received bill,Walk-in Customer,366977,0,-19557022,Bank,Purchases - IBC Tanks
2024-05-10,pBank service charges,M Ehtisham,3964,0,2980765,Bank,Bank Charges
2024-05-10,paint and coating drums,Meezan Bank,14814,0,-1502159,Bank,Refurbishing Costs
2024-05-10,Bought IBC tanks HTG Petro,Meezan Banwk,188712,0,-10358654,Bank,Purchases - IBC Tanks
2024-05-10,customer paymenbt plastic drums,TCS tCourier,0,47293,-18775453,Cash,Sales - Plastic Drums
2024-05-10,Bought IBC tanks HTG Petro,Punjab Chemicals,679646,0,-22115856,Cash,Purchases - IBC Tanks
2024-05-11,IBC tanks received bill,habib bank,129949,0,-2834881,Bank,Purchases - IBC Tanks
2024-05-11,miscellaneous expense,htg petro,7079,0,6153306,Bank,Miscellaneous
2024-05-11,Stationery purchase,Metro Traders,13003,0,-20058359,Bank,Office Supplies
2024-05-11,Drums conveyance,HTG Petro,17293,0,-20513266,Cash,Freight & Conveyance
2024-05-11,Phone bill,Al-Baraka Bank,17500,0,-10493798,Bank,Utilities
2024-05-11,General expense,Pakzistan Drums Co,2937,0,-4560175,Bank,Miscellaneous
2024-05-11,Paper stock,HTG Petro,14940,0,-750981,Cash,Office Supplies
2024-05-11,Plastic drums delivered,Punjab Chemicals,0,45193,7952117,Bank,Sales - Plastic Drums
2024-05-11,Plastic drum sale,Walk-in Customer,0,184594,-23314916,Bank,Sales - Plastic Drums
2024-05-11,Plastic drum procurement,Regular Client,74012,0,-10388188,Bank,Purchases - Plastic Drums
2024-05-11,Invoice steel drums,TCS Courier,0,231993,4616412,Bank,Sales - Steel Drums
2024-05-11,Stationery purchase,Bank Al Falah,3160,0,-1160336,Cash,Office Supplies
2024-05-11,Refuqrbished steel drums invoice,metro traders,0,67219,-25078639,Cash,Sales - Refurbished Drums
2024-05-11,Sold reconditixoned drums,Metro Traders,0,26109,365370,Bank,Sales - Refurbished Drums
2024-05-11,Stationery purchase,city freight,1838,0,-993329,Bank,Office Supplies
2024-05-11,Office furniture,Cituy Freight,5551,0,-10692792,Bank,Office Supplies
2024-05-11,Refpurbished steel drums invoice,walk-in customer,0,128518,-7364355,Cash,Sales - Refurbished Drums
2024-05-11,Internet bill,Habib Bank,11017,0,5336904,Bank,Utilities
2024-05-12,Plastic drum procuraement,Walk-in Customer,133045,0,6614861,Bank,Purchases - Plastic Drums
2024-05-12,Purchzase plastic drums,Pakistan Drums Co,57491,0,-15839399,Bank,Purchases - Plastic Drums
2024-05-12,Reconditioned barrel sale,Meezan Bank,0,115364,-22434734,Bank,Sales - Refurbished Drums
2024-05-12,Purchase IBC small tanks,Local Supplier,633269,0,-19371095,Bank,Purchases - IBC Tanks
2024-05-12,reconditioned barrel sale,Punjab Chemicaals,0,89261,-6353706,Bank,Sales - Refurbished Drums
2024-05-12,gas charges,Walk-in Customer,18230,0,-18857498,Cash,Utilities
2024-05-12,Sold steel drums,walk-in customer,0,809077,6056573,Bank,Sales - Steel Drums
2024-05-12,Monthly warehouse rent,Regular Clilent,32718,0,-22508065,Cash,Rent
2024-05-12,Plastic drum procurement,Punjab Chemicals,91907,0,-17669886,Bank,Purchases - Plastic Drums
2024-05-12,IBC tank sale,city freight,0,225002,2949755,Bank,Sales - IBC Tanks
2024-05-12,Office rent,htg petro,55578,0,4895144,Bank,Rent
2024-05-12,bank commission,Walk-in Customer,2372,0,4245710,Cash,Bank Charges
2024-05-12,Sold reconditioned drums,Al-Barxaka Bank,0,117680,-23362440,Cash,Sales - Refurbished Drums
2024-05-12,Water bill,Habib Bhank,5566,0,4200127,Cash,Utilities
2024-05-13,Steezl drum sale,Walk-in Customer,0,311587,2077296,Cash,Sales - Steel Drums
2024-05-13,Office furniture,M Ehtisham,10374,0,-5530845,Cash,Office Supplies
2024-05-13,Plastic drum ssale,HTG Petro,0,105752,-20586019,Bank,Sales - Plastic Drums
2024-05-13,Bought steel drums HTG Petro,HTG Petro,817580,0,-22963962,Bank,Purchases - Steel Drums
2024-05-13,Paper stock,City Freight,13309,0,-10800773,Bank,Office Supplies
2024-05-13,Phone bill,Habib Bank,11663,0,-14770737,Bank,Utilities
2024-05-13,water bill,Metro Traderbs,12715,0,-6755918,Cash,Utilities
2024-05-13,uSundry charges,Habib Bank,5670,0,-20495973,Cash,Miscellaneous
2024-05-13,Water bill,Al-Baraka Bank,19760,0,-14169376,Cash,Utilities
2024-05-13,IBfC tanks dispatched,Pakistan Drums Co,0,189978,-8555505,Cash,Sales - IBC Tanks
2024-05-13,Storage rent paid,Local Supplier,78657,0,-22376290,Cash,Rent
2024-05-13,IBC tanks dispatched,Walk-in Customer,0,747395,-20781482,Bank,Sales - IBC Tanks
2024-05-13,notebook order,Punjab Chemicals,6794,0,6234812,Cash,Office Supplies
2024-05-14,Cheque book charges,TCS Courier,1477,0,7876115,Bank,Bank Charges
2024-05-14,Purclhase IBC small tanks,Punjab Chemicals,384376,0,-10705598,Cash,Purchases - IBC Tanks
2024-05-14,Electricity bill,Punjab Chemicals,8718,0,4911700,Bank,Utilities
2024-05-14,Miscellaneous expense,Al-Baraka Bank,8082,0,-6827856,Cash,Miscellaneous
2024-05-14,Steel drums receisved,Pakistan Drums Co,671027,0,1395180,Bank,Purchases - Steel Drums
2024-05-14,Printer iank,City Freight,4085,0,7088327,Cash,Office Supplies
2024-05-14,Office rent,City Freight,31980,0,-3162290,Cash,Rent
2024-05-14,Steel drum sale,City Freight,0,269237,-11505563,Bank,Sales - Steel Drums
2024-05-14,Phone bill,Walk-in Customer,14288,0,2451793,Bank,Utilities
2024-05-14,Reconditioning expense,local supplier,48030,0,-23819347,Cash,Refurbishing Costs
2024-05-14,Bought plastic drums,TCS Coaurier,105131,0,-23615938,Bank,Purchases - Plastic Drums
2024-05-14,Bought steel drums HTG Petro,Pakistan Drums Co,812612,0,-3129044,Bank,Purchases - Steel Drums
2024-05-14,Refurbished drum sale,Meezan Bank,0,118607,5058518,Bank,Sales - Refurbished Drums
2024-05-14,sold plastic drums,M Ehtisham,0,181950,960435,Cash,Sales - Plastic Drums
2024-05-14,Gas charges,HTG Petro,10046,0,-11329709,Cash,Utilities
2024-05-15,Offbice rent,Local Supplier,67242,0,467417,Bank,Rent
2024-05-15,Stationery purchase,local supplier,3094,0,-14530587,Bank,Office Supplies
2024-05-15,IBC tank sale,Metro Traders,0,714337,-13385966,Bank,Sales - IBC Tanks
2024-05-15,Plastic drums received,Habib Bank,148538,0,2264879,Bank,Purchases - Plastic Drums
2024-05-15,Invoice plastic drums,Punjab Chemicals,0,179979,-22432057,Bank,Sales - Plastic Drums
2024-05-15,IBC tank procurement,Habib Bank,259144,0,-24134960,Bank,Purchases - IBC Tanks
2024-05-15,IBC tank sale,al-barlaka bank,0,316336,-12040749,Bank,Sales - IBC Tanks
2024-05-15,Drums conveyance,Habib Bank,33155,0,-25039345,Bank,Freight & Conveyance
2024-05-15,Drum repair materials,HTG Petro,53493,0,27168,Bank,Refurbishing Costs
2024-05-15,Sold plastic drums,HTG Petro,0,158200,-21855990,Cash,Sales - Plastic Drums
2024-05-15,Invoice steel drums,Punjab Chemicals,0,703770,-21635094,Bank,Sales - Steel Drums
2024-05-15,Godown rent,Pakistan Drums Co,71314,0,8230903,Bank,Rent
2024-05-15,wPlastic drums received,Al-Baraka Bank,151935,0,-9740885,Bank,Purchases - Plastic Drums
2024-05-15,Reconditioned barrel sale,TCS Courier,0,99838,-13840338,Cash,Sales - Refurbished Drums
2024-05-15,Plastic drums received,HTG Petro,172820,0,3840611,Cash,Purchases - Plastic Drums
2024-05-15,Phone bill,City Freight,15607,0,-19478402,Cash,Utilities
2024-05-15,Godown rment,Punjab Chpemicals,66744,0,-19462795,Cash,Rent
2024-05-15,cIBC tanks received bill,Al-Baraka Bank,368688,0,3880414,Bank,Purchases - IBC Tanks
2024-05-15,Phone bill,Meenzan Bank,12143,0,-25737385,Bank,Utilities
2024-05-15,Printer ink,Bank Al Falah,7166,0,-10668766,Bank,Office Supplies
2024-05-16,Electricqity bill,walk-in customer,16534,0,-6383104,Cash,Utilities
2024-05-16,Storage rent paid,Metro Traders,63868,0,-24449472,Cash,Rent
2024-05-16,Purchase IBC small tanks,Punjab Chemicals,279731,0,-7848232,Bank,Purchases - IBC Tanks
2024-05-16,Bank commission,Meezan Bank,4680,0,-13435410,Cash,Bank Charges
2024-05-16,Petty cash expense,HTG Petro,1859,0,87587,Bank,Miscellaneous
2024-05-16,Storage rxent paid,Metro Traders,38498,0,-7998939,Bank,Rent
2024-05-16,Plastic druxms received,Mzetro Traders,127628,0,-2250020,Cash,Purchases - Plastic Drums
2024-05-16,Sold steel drums,Habib Bank,0,327959,-19363647,Bank,Sales - Steel Drums
2024-05-16,Bought steel drums HTG Petro,M Ehtisham,759285,0,1765709,Bank,Purchases - Steel Drums
2024-05-16,Online truansfer fee,city freight,3680,0,-7543988,Cash,Bank Charges
2024-05-16,Plastic drums receiveyd,pakistan drums co,71615,0,-1003899,Bank,Purchases - Plastic Drums
2024-05-16,Purchase IBC small tanks,regular client,176415,0,565529,Bank,Purchases - IBC Tanks
2024-05-17,cheque book charges,TCS Courier,3216,0,-23181194,Bank,Bank Charges
2024-05-17,Sold steel drums,Punjab Chemicals,0,569713,-15790956,Bank,Sales - Steel Drums
2024-05-17,Paper stock,Pakistan Drums Co,13945,0,4021847,Bank,Office Supplies
2024-05-17,Drum refurbishing labour,Al-Baraka Bank,14468,0,-21670101,Bank,Refurbishing Costs
2024-05-17,Bank service chargces,HTG Petro,3732,0,-17403944,Cash,Bank Charges
2024-05-17,Bank service charges,Ahl-Baraka Bank,619,0,-21953847,Bank,Bank Charges
2024-05-17,Stationery purchase,Metro Traders,1988,0,-20642016,Cash,Office Supplies
2024-05-17,Plastic drum procurement,Regular Client,164207,0,-15258391,Bank,Purchases - Plastic Drums
2024-05-18,Transport expense,HeTG Petro,18141,0,-8667771,Cash,Freight & Conveyance
2024-05-18,awater bill,Meezan Bank,10580,0,-21440465,Cash,Utilities
2024-05-18,Plastic drum sale,Meezan Bnank,0,129621,-2315771,Bank,Sales - Plastic Drums
2024-05-18,Reconditioning expense,Habibh Bank,45459,0,-9829028,Cash,Refurbishing Costs
2024-05-18,Paper stock,Pakistan Drums Co,13220,0,-2743708,Bank,Office Supplies
2024-05-18,Storage rent paid,city freight,69881,0,-10304487,Cash,Rent
2024-05-18,Sandblasting cost,Punjab Chemicals,56435,0,-13936621,Bank,Refurbishing Costs
2024-05-18,Deliverry charges,HTG Petro,48579,0,1109759,Cash,Freight & Conveyance
2024-05-18,Sandblasting cost,HTG Petro,67749,0,-5802075,Cash,Refurbishing Costs
2024-05-18,plastic drums received,TCS Courier,81697,0,-4134359,Cash,Purchases - Plastic Drums
2024-05-18,Steel drums dispatched,TCS Courier,0,464918,-4452505,Cash,Sales - Steel Drums
2024-05-18,Office furniture,Local Supplier,9544,0,-9775013,Cash,Office Supplies
2024-05-18,Delivery charges,Local Supplier,41413,0,-17565037,Bank,Freight & Conveyance
2024-05-18,Office fuzrniture,pakistan drums co,4323,0,-19344623,Cash,Office Supplies
2024-05-19,IBC tanks received bill,HTG Petro,456054,0,-7568501,Bank,Purchases - IBC Tanks
2024-05-19,Water bill,Habib Bank,6886,0,-16207123,Bank,Utilities
2024-05-19,Trangsport expense,City Freight,28847,0,-19486935,Cash,Freight & Conveyance
2024-05-19,Steel drum sale,Bank Al Faldah,0,873686,-20223788,Cash,Sales - Steel Drums
2024-05-19,paper stock,Punjab Chemicals,14522,0,1328154,Cash,Office Supplies
2024-05-19,Plastic drums delivered,City Freight,0,143051,2724753,Bank,Sales - Plastic Drums
2024-05-20,General expense,TCS Courier,4226,0,-18110461,Cash,Miscellaneous
2024-05-20,Plastic drums delivered,Al-Baraka Bank,0,78395,-22467623,Cash,Sales - Plastic Drums
2024-05-20,Invoice steel drums,M Ehtisham,0,789382,-21496908,Cash,Sales - Steel Drums
2024-05-20,Paper stock,Local Supplier,5378,0,-22975849,Cash,Office Supplies
2024-05-20,IBC tank sale,Bank Al Falah,0,411110,-8901159,Bank,Sales - IBC Tanks
2024-05-20,Plasticg drums received,Bank Al Falah,50561,0,1810520,Cash,Purchases - Plastic Drums
2024-05-20,Plastic drums received,Al-Baraka Bank,174353,0,-53208,Cash,Purchases - Plastic Drums
2024-05-20,Electricity bill,xBank Al Falah,15050,0,-17262898,Bank,Utilities
2024-05-20,Miscellaneous expense,City Freight,1336,0,438222,Bank,Miscellaneous
2024-05-20,General expense,Habib Bank,2190,0,-10868651,Cash,Miscellaneous
2024-05-20,Bank service charges,Punjab Chemicals,2271,0,346691,Bank,Bank Charges
2024-05-20,Plastic drums deliverfed,Punjab Chemicals,0,178465,-20981192,Cash,Sales - Plastic Drums
2024-05-20,Refurbished drum sale,Al-Barbaka Bank,0,82705,-22774480,Cash,Sales - Refurbished Drums
2024-05-20,IBC tank sale,Metro Traders,0,239647,-19456188,Cash,Sales - IBC Tanks
2024-05-20,Notebook order,Metro Traders,6906,0,-22806569,Cash,Office Supplies
2024-05-20,IBC tanks dispatched,City Freight,0,498507,-19938511,Cash,Sales - IBC Tanks
2024-05-20,Invoice steel drumms,City Freight,0,194789,-18109359,Bank,Sales - Steel Drums
2024-05-21,Monthly warehouse rent,City Freight,22789,0,6241606,Bank,Rent
2024-05-21,iboc small tank invoice,Regular Client,0,707782,-15869960,Bank,Sales - IBC Tanks
2024-05-21,Plastic druvms received,Metros Traders,175986,0,-6098482,Cash,Purchases - Plastic Drums
2024-05-21,General expense,Meezan Bank,3709,0,-20712892,Cash,Miscellaneous
2024-05-21,Plastic drum sale,City Freight,0,73557,6717077,Bank,Sales - Plastic Drums
2024-05-21,Sold IBC tanks,Metro Traders,0,352440,-19264107,Bank,Sales - IBC Tanks
2024-05-21,Gas charges,Local Supplier,11417,0,2461124,Cash,Utilities
2024-05-21,Water bill,Pakistan Drums Co,6424,0,-21168408,Cash,Utilities
2024-05-21,Drum refurbishing labour,Metro Traders,71662,0,-8134086,Bank,Refurbishing Costs
2024-05-21,Plastic drum sale,Regular Client,0,65546,4923212,Cash,Sales - Plastic Drums
2024-05-21,Bank commission,HTG Petxro,2417,0,-22009724,Cash,Bank Charges
2024-05-21,Steel drums dispatched,Local Supplier,0,588234,-19055140,Bank,Sales - Steel Drums
2024-05-21,Steel drums received,Bank Ale Falah,526620,0,4245839,Cash,Purchases - Steel Drums
2024-05-21,steel drums received,Habib Bank,171498,0,-24844986,Cash,Purchases - Steel Drums
2024-05-21,Drum repair materials,Walk-in Customer,47356,0,7451903,Cash,Refurbishing Costs
2024-05-21,Plastic drum procurement,Al-Baraka Bank,100788,0,-19190045,Cash,Purchases - Plastic Drums
2024-05-21,gas charges,Meezan Bank,16428,0,-3238113,Bank,Utilities
2024-05-21,Plastic drgum procurement,TCS Courier,164250,0,8021363,Bank,Purchases - Plastic Drums
2024-05-21,Phone bill,Al-Baraka Bank,4954,0,2080938,Bank,Utilities
2024-05-21,Petty cash expense,Pakistan Drums Co,7150,0,-22719760,Bank,Miscellaneous
2024-05-21,Sundry charges,Al-Baraka Bank,8505,0,-675355,Cash,Miscellaneous
2024-05-21,IBC tanks dispatched,Regular Client,0,187913,-19230580,Bank,Sales - IBC Tanks
2024-05-22,Office furniture,Regular Client,10881,0,5178787,Bank,Office Supplies
2024-05-22,Purchasez IBC small tanks,Punjab Chemicals,98722,0,-20860865,Cash,Purchases - IBC Tanks
2024-05-22,IBC tank procurement,Regular Cliecnt,393281,0,-22294147,Bank,Purchases - IBC Tanks
2024-05-22,printer ink,TCS Courier,3290,0,-8291288,Cash,Office Supplies
2024-05-22,Customer pickup steel drums,Bank Al Fualah,0,856387,-15785226,Cash,Sales - Steel Drums
2024-05-22,Steel drums received,Pakistan Drums Co,721407,0,-6036498,Bank,Purchases - Steel Drums
2024-05-22,Bank service charges,City Freight,4153,0,-22983792,Cash,Bank Charges
2024-05-22,IBC tank sale,Al-Baraka Bank,0,127199,2689450,Cash,Sales - IBC Tanks
2024-05-22,Office rent,Meezan Bhank,37605,0,-8036544,Cash,Rent
2024-05-22,Plastic drum sale,Regular Client,0,151428,-22642600,Cash,Sales - Plastic Drums
2024-05-22,Purchase steel drums,Metro Tradeqrs,587865,0,-19936252,Cash,Purchases - Steel Drums
2024-05-23,Plastic drum procurwement,M Ehtisham,58206,0,6305165,Bank,Purchases - Plastic Drums
2024-05-23,Notebook order,Al-Baraka Bank,13983,0,-15744837,Bank,Office Supplies
2024-05-23,Bought IBC tanks HTG Petro,Regular Client,361456,0,7973133,Bank,Purchases - IBC Tanks
2024-05-23,IBC tank procurement,Metro Traders,390845,0,5891800,Cash,Purchases - IBC Tanks
2024-05-23,Transport expense,Alv-Baraka Bank,20019,0,-10446433,Bank,Freight & Conveyance
2024-05-23,sold reconditioned drums,Metro Traders,0,96328,6883582,Cash,Sales - Refurbished Drums
2024-05-23,Online transfer fee,Local Supplier,2953,0,-23281481,Bank,Bank Charges
2024-05-24,Paint and coating drums,Bank Al Fawlah,12577,0,-18340385,Cash,Refurbishing Costs
2024-05-24,Bank commission,Pakistan Drums Co,4824,0,-19618925,Bank,Bank Charges
2024-05-24,Sandblasting coswt,Habib Bank,43679,0,4965087,Cash,Refurbishing Costs
2024-05-24,Godown rent,Pakistan Drums Co,63134,0,-20163131,Bank,Rent
2024-05-24,Plastic drums received,Local Supplier,175485,0,5072682,Bank,Purchases - Plastic Drums
2024-05-24,Reconditioned barrel sale,Habib Bank,0,148962,-423196,Cash,Sales - Refurbished Drums
2024-05-24,Steel drum procurement,HTG Petro,344091,0,8163074,Cash,Purchases - Steel Drums
2024-05-24,Delivery charges,punjab chemicals,24535,0,-16342851,Cash,Freight & Conveyance
2024-05-24,Bank commission,al-baraka bank,4233,0,8450781,Bank,Bank Charges
2024-05-24,Petty cash expense,pakistan drums co,7945,0,-20518670,Cash,Miscellaneous
2024-05-24,purchase plastic drums,M Ehtisham,108759,0,-21605538,Cash,Purchases - Plastic Drums
2024-05-24,Plastic drum sale,TCS Courier,0,134142,-9588950,Bank,Sales - Plastic Drums
2024-05-24,Transport expense,M Ehtisham,38877,0,-6081,Bank,Freight & Conveyance
2024-05-24,Drum refurbishing labour,Al-Baraka Bank,47331,0,-19240149,Bank,Refurbishing Costs
2024-05-24,Sold IBC tanks,Pakistan Drums Co,0,760857,-23816782,Cash,Sales - IBC Tanks
2024-05-25,Bought IhBC tanks HTG Petro,pakistan drums co,161726,0,-9375659,Cash,Purchases - IBC Tanks
2024-05-25,Bank sfervice charges,HTG iPetro,4258,0,4460366,Cash,Bank Charges
2024-05-25,Purchase IBC small tanks,Al-Baraka Bank,168604,0,-20060806,Cash,Purchases - IBC Tanks
2024-05-25,Sold IBdC tanks,M Ehtisham,0,676929,804131,Bank,Sales - IBC Tanks
2024-05-25,IBC tanks dispatched,Metro Traders,0,491759,-19543581,Cash,Sales - IBC Tanks
2024-05-25,Purchase steel drums,TCS Copurier,745086,0,-19976981,Bank,Purchases - Steel Drums
2024-05-25,purchase steel drums,city freight,553024,0,-17911399,Cash,Purchases - Steel Drums
2024-05-25,Purchuase steel drums,HTG Petro,121849,0,-18372062,Cash,Purchases - Steel Drums
2024-05-25,Office furniture,m ehtisham,3252,0,-19775265,Cash,Office Supplies
2024-05-25,Paper stock,Meezan Bank,8390,0,-24524733,Bank,Office Supplies
2024-05-25,Shop rent,City Freight,54270,0,-19935526,Bank,Rent
2024-05-25,Purchase plastic drums,Regular Client,58121,0,-23378884,Bank,Purchases - Plastic Drums
2024-05-25,Internet bill,Local Supplier,2079,0,-8719958,Bank,Utilities
2024-05-25,Purchase plastic drums,Local Supplier,109267,0,-10851987,Bank,Purchases - Plastic Drums
2024-05-25,Purchase plastic drums,M Ehtisham,141036,0,-19583715,Bank,Purchases - Plastic Drums
2024-05-25,sold reconditionted drums,Punjab Chemicals,0,44557,-17342283,Bank,Sales - Refurbished Drums
2024-05-25,IBC tank procurement,Al-Baraka Bank,665266,0,-22267134,Bank,Purchases - IBC Tanks
2024-05-25,Office rent,TCS Courier,41490,0,-2663891,Bank,Rent
2024-05-25,Sold IBC tanks,Metro Traders,0,196576,1113067,Bank,Sales - IBC Tanks
2024-05-25,petty cash expense,Local Supplier,791,0,-19705168,Cash,Miscellaneous
2024-05-25,Drums conveyance,City Freight,26030,0,-10991396,Bank,Freight & Conveyance
2024-05-26,Truck hire drums,Bank Al Ffalah,55302,0,-19191297,Bank,Freight & Conveyance
2024-05-26,Purchase steel drums,Habib Balnk,574705,0,-22491001,Cash,Purchases - Steel Drums
2024-05-26,general expense,City Freight,8745,0,-14766681,Cash,Miscellaneous
2024-05-26,Monthly warehouse rent,Punjab Chemicals,69544,0,-14840226,Bank,Rent
2024-05-26,Bank service charges,Punjab Chemicals,1088,0,-6171066,Bank,Bank Charges
2024-05-26,Office rent,Punjab Chemicals,33044,0,-23959361,Bank,Rent
2024-05-26,aSold steel drums,Punjab Chemicals,0,460335,2881744,Bank,Sales - Steel Drums
2024-05-26,Cheque book charges,Metro Traders,4356,0,2085892,Bank,Bank Charges
2024-05-26,Water bill,City Frneight,14552,0,-22437777,Bank,Utilities
2024-05-26,Notebook order,tcs courier,6261,0,-23957244,Cash,Office Supplies
2024-05-26,IBC tanks dispatched,metro trvaders,0,787324,-24332926,Cash,Sales - IBC Tanks
2024-05-26,IBC tanks received bill,Walk-in Customer,534753,0,-17108905,Cash,Purchases - IBC Tanks
2024-05-26,Phone bill,TCS Courier,9213,0,-23602636,Cash,Utilities
2024-05-26,IBC tanks received bill,Al-Baraka Bank,522214,0,3035463,Cash,Purchases - IBC Tanks
2024-05-26,Transport expense,Regular Clizent,55383,0,-9214750,Cash,Freight & Conveyance
2024-05-26,Electricity bill,City Freight,5333,0,-8628682,Cash,Utilities
2024-05-27,Reconditioning expense,Meezan Bank,28470,0,-18282597,Bank,Refurbishing Costs
2024-05-27,Electricity bill,Metro Traders,15810,0,-23544183,Cash,Utilities
2024-05-27,IBC small tank invoice,Local Supplier,0,746920,-15520008,Bank,Sales - IBC Tanks
2024-05-27,Paper stock,City Freight,9270,0,6562617,Bank,Office Supplies
2024-05-27,Plastic drums received,Bank Al Falah,109047,0,7962240,Cash,Purchases - Plastic Drums
2024-05-27,drums conveyance,walk-in customer,29142,0,8424716,Cash,Freight & Conveyance
2024-05-27,Refurbished steel drums invoice,TCS Courier,0,122504,-24546244,Cash,Sales - Refurbished Drums
2024-05-27,Steel drum procurement,Habib Bank,261512,0,-19332302,Bank,Purchases - Steel Drums
2024-05-27,IBC tank procurement,Punjab Chemicals,559005,0,-18891607,Cash,Purchases - IBC Tanks
2024-05-27,Steel drums dispatched,Pakistan Drums Co,0,707229,-20658578,Cash,Sales - Steel Drums
2024-05-27,Customer pickup steel drums,M Ehtisham,0,481306,-19796433,Bank,Sales - Steel Drums
2024-05-28,eCustomer pickup steel drums,City Freight,0,491169,-12112121,Cash,Sales - Steel Drums
2024-05-28,Bought steel drums HTG Petro,TCS Courier,158725,0,-21655633,Bank,Purchases - Steel Drums
2024-05-28,Miscellaneous expense,M Ehtisham,7220,0,-23552567,Bank,Miscellaneous
2024-05-28,Delivery charges,City Freight,12354,0,7422762,Cash,Freight & Conveyance
2024-05-28,Reconditioned barrel sale,Local Supplier,0,93963,-21528877,Cash,Sales - Refurbished Drums
2024-05-28,bank service charges,HTG Petro,602,0,5623575,Cash,Bank Charges
2024-05-28,Purchase IBC small tanks,Bank Anl Falah,480061,0,-11471999,Bank,Purchases - IBC Tanks
2024-05-28,Sold IBC tanks,Walk-in Customer,0,503650,-18640544,Cash,Sales - IBC Tanks
2024-05-28,Water bill,local supplier,11712,0,-10208282,Cash,Utilities
2024-05-28,Notebook order,City Freight,5584,0,-11401688,Bank,Office Supplies
2024-05-28,Gas charges,Al-Baraka Bank,4879,0,-5798646,Bank,Utilities
2024-05-28,Phone bill,Meezan Bank,7202,0,-22649802,Bank,Utilities
2024-05-28,IBC tank sale,Punjab Chemicals,0,249882,-19711797,Cash,Sales - IBC Tanks
2024-05-28,Customer pieckup steel drums,City Freight,0,503438,-20558774,Cash,Sales - Steel Drums
2024-05-28,Injvoice steel drums,Aol-Baraka Bank,0,101063,-18414620,Bank,Sales - Steel Drums
2024-05-28,Sold IBC tanks,habib bank,0,141668,-19957683,Cash,Sales - IBC Tanks
2024-05-28,Purchase IBC small tanks,Punjab Chemicals,463085,0,-10659964,Bank,Purchases - IBC Tanks
2024-05-29,Reconditioning expense,M Ehtisham,55881,0,-22054885,Cash,Refurbishing Costs
2024-05-29,Purchase plastic drums,Metro Traders,178965,0,3911476,Cash,Purchases - Plastic Drums
2024-05-29,sundry charges,Regular aClient,6015,0,-22930342,Cash,Miscellaneous
2024-05-29,Bank commission,Habib Bank,984,0,-21512436,Bank,Bank Charges
2024-05-29,Truck hire drums,Metro Traders,49157,0,7911484,Cash,Freight & Conveyance
2024-05-29,Monthly warehouse rent,M Ehtisham,65019,0,-5471612,Bank,Rent
2024-05-29,Steel drum procurement,Al-Baraka Bank,244425,0,-2383550,Cash,Purchases - Steel Drums
2024-05-29,Office rent,TCS Courier,23349,0,-2464571,Cash,Rent
2024-05-29,Refurbished drum sale,htg petro,0,126279,-31915,Bank,Sales - Refurbished Drums
2024-05-29,Refurbished steel drums invoice,Meezan Bank,0,46103,-9891014,Bank,Sales - Refurbished Drums
2024-05-29,drums conveyance,M tEhtisham,39666,0,2487817,Cash,Freight & Conveyance
2024-05-29,General expense,M Ehtisham,5487,0,2653589,Cash,Miscellaneous
2024-05-29,General evxpense,M Ehtishuam,2644,0,-1966113,Cash,Miscellaneous
2024-05-29,Office furniture,HTG Petro,11993,0,-8360187,Bank,Office Supplies
2024-05-29,Cheque book charges,Habib Bank,3893,0,-13194505,Bank,Bank Charges
2024-05-30,Drums conveyance,Local Supplieqr,43846,0,-16601038,Bank,Freight & Conveyance
2024-05-30,Drum refurbishing labour,Al-Baraka Baunk,56086,0,-23371002,Cash,Refurbishing Costs
2024-05-30,Gas charges,Walk-in Customer,5098,0,911472,Cash,Utilities
2024-05-30,Online transfer fee,Punjab Chemicals,4108,0,8075253,Cash,Bank Charges
2024-05-30,Phone bill,Al-Baraka Bank,19613,0,-2335384,Cash,Utilities
2024-05-30,Bank commission,Walk-in Customer,4195,0,-19078858,Cash,Bank Charges
2024-05-30,Online transfern fee,City Freight,1132,0,-21045260,Bank,Bank Charges
2024-05-30,stseel drum sale,City Freight,0,545555,-4598123,Bank,Sales - Steel Drums
2024-05-30,Office furniture,Bank Al Falah,5358,0,-22407611,Bank,Office Supplies
2024-05-31,Notebook order,regular client,13675,0,-22799139,Bank,Office Supplies
2024-05-31,Bought steel drums HTG Petro,Al-Baraka Bank,522298,0,2074848,Cash,Purchases - Steel Drums
2024-05-31,ibc tanks received bill,M Ehtbisham,270681,0,-15516722,Bank,Purchases - IBC Tanks
2024-05-31,Cheque book charges,Local Supplier,2152,0,-14954469,Bank,Bank Charges
2024-05-31,stationery purchase,M Ehtisham,5087,0,-1753991,Cash,Office Supplies
2024-05-31,IBC tanks received bill,Regular Client,599086,0,-20712599,Bank,Purchases - IBC Tanks
2024-05-31,IBC tank procurement,pakistan drums co,344027,0,-22398912,Bank,Purchases - IBC Tanks
2024-05-31,Freigzht charges,M Ehtisham,8065,0,-5322544,Bank,Freight & Conveyance
2024-05-31,miscellaneouxs expense,Punjab Chemicals,4336,0,-23837692,Bank,Miscellaneous
2024-05-31,Purchase IBC small tanks,Punjazb Chemicals,396988,0,-21999004,Bank,Purchases - IBC Tanks
2024-05-31,Bought steel drums HTG Petro,Bank Al Falah,397101,0,-2690095,Bank,Purchases - Steel Drums
2024-05-31,Steel drum sale,Al-Baraka Bank,0,705520,7399982,Bank,Sales - Steel Drums
2024-05-31,Plastic drum procurement,Local Supplier,130461,0,-2901587,Bank,Purchases - Plastic Drums
2024-06-01,Paper styock,Pakistan Drums Co,10513,0,-19886629,Cash,Office Supplies
2024-06-01,Invoice steel drums,Pakistan Drums Co,0,586091,-20189045,Cash,Sales - Steel Drums
2024-06-01,IBC tank procurement,Metro Traders,96475,0,-18650133,Cash,Purchases - IBC Tanks
2024-06-01,Dtelivery charges,Pakistan Drums Co,58267,0,-24776864,Cash,Freight & Conveyance
2024-06-01,Drums conveyance,Punjab Chemicals,12979,0,-10080941,Cash,Freight & Conveyance
2024-06-01,Petty cash expeense,Al-Baraka Bank,3286,0,-17934049,Bank,Miscellaneous
2024-06-01,Steel drum procurement,M Ehtisham,734699,0,-4075149,Bank,Purchases - Steel Drums
2024-06-01,Storage rent paid,HTG Petro,63706,0,-1939703,Cash,Rent
2024-06-01,Officee furniture,Pakistan Drums Co,6351,0,-8497573,Bank,Office Supplies
2024-06-01,Shop rent,Habib Bank,61250,0,-8805731,Bank,Rent
2024-06-01,bank commission,TCS Courier,2578,0,-9388802,Bank,Bank Charges
2024-06-01,Water bill,Punjab Chemicals,8566,0,-20926138,Bank,Utilities
2024-06-01,Printer ink,Walk-in Customer,7484,0,-15064935,Bank,Office Supplies
2024-06-01,IBC tanks received bill,Al-Baraka Bank,671023,0,103872,Cash,Purchases - IBC Tanks
2024-06-01,Bank commission,Metro Traders,1342,0,-22938843,Bank,Bank Charges
2024-06-01,Steel drums dispatched,Al-Baraka Bank,0,239564,272539,Cash,Sales - Steel Drums
2024-06-01,sundry charges,Meezan Bank,3665,0,-19367312,Bank,Miscellaneous
2024-06-01,IBC tanks received bill,Meezan Bank,366254,0,-14273515,Cash,Purchases - IBC Tanks
2024-06-01,Office furniture,HTG Petro,11509,0,7307642,Bank,Office Supplies
2024-06-01,Bought IBC tanks HTG Petro,Local Supplier,641060,0,-20086726,Bank,Purchases - IBC Tanks
2024-06-01,Plastic drum sale,Local Supplier,0,134240,-17538818,Bank,Sales - Plastic Drums
2024-06-01,Steel drum sale,m ehtisham,0,259256,7351265,Bank,Sales - Steel Drums
2024-06-01,Sandblasting cost,local supplier,39161,0,-7131432,Bank,Refurbishing Costs
2024-06-01,Bank commission,M Ehtisham,3360,0,-9876371,Cash,Bank Charges
2024-06-01,Purchase IBC small tanks,Meezan Bank,438401,0,-6262759,Bank,Purchases - IBC Tanks
2024-06-01,Plastic drums delivered,Punjab Chemicals,0,123121,5559404,Cash,Sales - Plastic Drums
2024-06-02,Customer payment plastic drums,City Frqeight,0,196485,-10189411,Bank,Sales - Plastic Drums
2024-06-02,Purchase plastic drums,walk-in customekr,35678,0,187327,Cash,Purchases - Plastic Drums
2024-06-02,Shop rent,Bank Al Falah,46746,0,-12561551,Cash,Rent
2024-06-02,Sold IBC tanks,Al-Baraka Bank,0,722206,-14823707,Cash,Sales - IBC Tanks
2024-06-02,Reconditioning expense,M Ehtisham,41561,0,7449765,Cash,Refurbishing Costs
2024-06-02,Paper stock,M Ehtisham,10208,0,-5100634,Bank,Office Supplies
2024-06-02,IBC tank procurement,M Ehtisham,432278,0,2421409,Cash,Purchases - IBC Tanks
2024-06-02,Bank commission,Habib Banik,3613,0,-2343480,Cash,Bank Charges
2024-06-02,Steel drum procurement,metro traders,815040,0,-21595238,Cash,Purchases - Steel Drums
2024-06-02,ibc tank sale,Bank Al Falah,0,249795,-19816185,Bank,Sales - IBC Tanks
2024-06-02,Sold greconditioned drums,Bank Al Falah,0,137618,-8002207,Cash,Sales - Refurbished Drums
2024-06-03,office rent,Metro Traders,68108,0,-20724803,Bank,Rent
2024-06-03,plastic drums delivered,Pakistan Drums Co,0,31877,722968,Bank,Sales - Plastic Drums
2024-06-03,Godaown rent,City Freight,44113,0,-9319735,Cash,Rent
2024-06-03,Godown rent,Metro Traders,27056,0,2090248,Cash,Rent
2024-06-03,Purchase steel drums,city freight,745001,0,-25629223,Cash,Purchases - Steel Drums
2024-06-03,Sold steel drums,yTCS Courier,0,618303,-21154741,Cash,Sales - Steel Drums
2024-06-03,Bank comwmission,Meezazn Bank,4141,0,-19293175,Bank,Bank Charges
2024-06-03,Godown rent,dM Ehtisham,36774,0,-3125112,Cash,Rent
2024-06-03,Sandblasting cost,City Freaight,65776,0,-18879729,Cash,Refurbishing Costs
2024-06-03,Refurbished drum sale,Walk-in Customer,0,146228,-21375345,Bank,Sales - Refurbished Drums
2024-06-03,Miscellaneous expense,Regular Client,8556,0,-9783569,Cash,Miscellaneous
2024-06-03,Transport expense,Habib Bank,48041,0,-19608777,Cash,Freight & Conveyance
2024-06-03,General expense,Local Smupplier,9545,0,-1765911,Bank,Miscellaneous
2024-06-03,Steel drums received,Regular Client,50081,0,-10710045,Cash,Purchases - Steel Drums
2024-06-03,Customer pickup steel drums,Pakistan Drums Co,0,272883,-19366745,Cash,Sales - Steel Drums
2024-06-03,Reconditionedg barrel sale,Melezan Bank,0,136170,-6027853,Bank,Sales - Refurbished Drums
2024-06-03,Sundry charges,Al-Baraka Bank,7084,0,-17279830,Cash,Miscellaneous
2024-06-04,Drum repair materials,Habib Bank,36234,0,67638,Bank,Refurbishing Costs
2024-06-04,Plastic drum sale,TCS Courier,0,172298,-37322,Cash,Sales - Plastic Drums
2024-06-04,Water bill,Pakistan Drums Co,8527,0,-22935444,Cash,Utilities
2024-06-04,Online transfer fee,Meezan Bank,2542,0,-20756366,Bank,Bank Charges
2024-06-04,General expense,Pakistan Drums Co,4672,0,-20739536,Bank,Miscellaneous
2024-06-04,transport expense,bWalk-in Customer,24821,0,-16674753,Cash,Freight & Conveyance
2024-06-04,Transport expense,Regular Client,17392,0,-22722660,Cash,Freight & Conveyance
2024-06-04,IBC small tank invoice,Meezan Bank,0,759978,7770927,Cash,Sales - IBC Tanks
2024-06-04,Purchase steel drums,Al-Baraka Bank,799260,0,-14213904,Bank,Purchases - Steel Drums
2024-06-04,Reconditioned barrel sale,TCS Courier,0,104140,-18802726,Bank,Sales - Refurbished Drums
2024-06-04,truck hire drums,Bank Al Falah,42385,0,385477,Bank,Freight & Conveyance
2024-06-04,IBC tank procurement,HTG Peztro,623735,0,-13898493,Bank,Purchases - IBC Tanks
2024-06-04,IBC tank procurement,City Frehight,666816,0,-2224243,Bank,Purchases - IBC Tanks
2024-06-04,bank commission,Regular Client,2863,0,-19560736,Bank,Bank Charges
2024-06-04,Petty cash expense,metro traders,2336,0,-19102330,Bank,Miscellaneous
2024-06-05,Godown rent,Regular Client,68874,0,-21986673,Cash,Rent
2024-06-05,phone bill,City Freight,11534,0,-3045707,Bank,Utilities
2024-06-05,Monthly warehouse rent,Pakistan Drums Co,55099,0,7177188,Cash,Rent
2024-06-05,IBC tank procurement,Metro Tradeprs,675863,0,-22174212,Bank,Purchases - IBC Tanks
2024-06-05,monthly warehouse rent,Meezan Bank,25312,0,-10106253,Bank,Rent
2024-06-05,petty cash expense,Meezan Bank,2527,0,-8512223,Cash,Miscellaneous
2024-06-05,Paint and coating drums,Local Supplier,22017,0,-11776052,Bank,Refurbishing Costs
2024-06-05,Purchase IBC small tanks,TCS Courier,655972,0,-19383597,Bank,Purchases - IBC Tanks
2024-06-05,Godown rent,City Freight,71814,0,-5394358,Bank,Rent
2024-06-05,Stuorage rent paid,Regular Client,79214,0,-25228095,Bank,Rent
2024-06-05,Sundry charges,M Ehtisham,8499,0,-553643,Bank,Miscellaneous
2024-06-06,IBC tanks received bill,City Freight,260763,0,-22710536,Bank,Purchases - IBC Tanks
2024-06-06,IBC tanks dispatched,City Freight,0,779316,-9848699,Bank,Sales - IBC Tanks
2024-06-06,solsd plastic drums,Punjab Chemicals,0,73744,-24046283,Bank,Sales - Plastic Drums
2024-06-06,Steel drums received,Regular Client,542363,0,-16297101,Bank,Purchases - Steel Drums
2024-06-06,Paper stock,Metro Tradesrs,10195,0,-20860093,Bank,Office Supplies
2024-06-06,Internet bill,Punjajb Chemicals,17762,0,-750816,Bank,Utilities
2024-06-06,Paint and coating drums,walk-in customer,51527,0,-21392264,Bank,Refurbishing Costs
2024-06-06,Bought IBC tanks HTG Petro,Bank Al Falah,253700,0,-14952317,Bank,Purchases - IBC Tanks
2024-06-06,Office rent,Habib Bank,28352,0,-21540788,Bank,Rent
2024-06-06,Storage rent paid,Punjab Chemicals,42050,0,-10797106,Bank,Rent
2024-06-06,Invoice steel drums,Punjab Chemicals,0,431457,-12318568,Bank,Sales - Steel Drums
2024-06-06,Notebook order,Habib Bank,9005,0,-23883679,Cash,Office Supplies
2024-06-06,Godown rent,Bank Al Falah,26277,0,4318487,Bank,Rent
2024-06-06,Invoice steel drums,Meezan Bank,0,69311,-24380161,Cash,Sales - Steel Drums
2024-06-07,Cheque book charges,Punjab Chemicals,4390,0,-13417893,Cash,Bank Charges
2024-06-07,Reconditioned barrel sale,Pakistan Drums Co,0,129554,-24873941,Cash,Sales - Refurbished Drums
2024-06-07,Plastic drum procurement,punjab chemlicals,156953,0,-13414603,Cash,Purchases - Plastic Drums
2024-06-07,Notebook order,Punjab Chemicals,14748,0,-11754035,Bank,Office Supplies
2024-06-07,drum refurbishing labour,Punjab Chemicals,34017,0,6175822,Cash,Refurbishing Costs
2024-06-07,Shop rent,Local Supplier,53778,0,-22878307,Bank,Rent
2024-06-07,Electricity bill,TCS Courier,9163,0,-5141882,Bank,Utilities
2024-06-07,inbc small tank invoice,HTG Petro,0,225267,-19097936,Cash,Sales - IBC Tanks
2024-06-07,Godown rent,Meezan Bank,62553,0,-17466204,Bank,Rent
2024-06-07,Water bill,TCS Courier,9715,0,-20766081,Bank,Utilities
2024-06-08,Reconditioned barrel sale,Al-Baraka Bank,0,54112,6640402,Cash,Sales - Refurbished Drums
2024-06-08,Steel drums dispatched,Banke Al Falah,0,830167,7990732,Cash,Sales - Steel Drums
2024-06-08,Cheque book charges,Metro Traders,4274,0,-17558671,Bank,Bank Charges
2024-06-08,Notebook order,TCS Courier,1797,0,6407513,Cash,Office Supplies
2024-06-08,IBC tank procurement,Pakistan Drums Co,351461,0,-10302005,Cash,Purchases - IBC Tanks
2024-06-08,Drum refvurbishing labour,Habib Boank,24972,0,-9960738,Cash,Refurbishing Costs
2024-06-08,Revfurbished drum sale,Punjab Chemicals,0,120679,42012,Cash,Sales - Refurbished Drums
2024-06-08,Gas chaurges,HTG Petro,18819,0,8205186,Cash,Utilities
2024-06-08,Refurbished steel drumgs invoice,Regular Client,0,142036,356051,Cash,Sales - Refurbished Drums
2024-06-08,Paint and coating drums,Regular Client,62835,0,7697625,Bank,Refurbishing Costs
2024-06-09,Refurbished steel drumsn invoice,Walk-in Customer,0,35239,-11760200,Cash,Sales - Refurbished Drums
2024-06-09,IBC tank procurement,Habib Bank,627925,0,-20306926,Cash,Purchases - IBC Tanks
2024-06-09,Miscellaneous expense,Bank Al Falah,6489,0,-18772107,Bank,Miscellaneous
2024-06-09,Steel fdrum procurement,waxlk-in customer,438086,0,-20706853,Bank,Purchases - Steel Drums
2024-06-09,Shop rent,TCS Courier,24213,0,-10169064,Cash,Rent
2024-06-09,IBC tanks hdispatched,TCS Courier,0,554492,-7146771,Cash,Sales - IBC Tanks
2024-06-09,Refurbished steel drums invoice,Walk-in Ceustomer,0,20543,5589581,Cash,Sales - Refurbished Drums
2024-06-09,Electricity bill,M Ehtisham,12027,0,-19291989,Bank,Utilities
2024-06-09,Miscellaneous expense,Habib Bank,6449,0,-8015491,Cash,Miscellaneous
2024-06-09,Purchase plastgic drums,Metro Traders,61337,0,-23353450,Bank,Purchases - Plastic Drums
2024-06-09,Plastic drums received,Bank Al Falah,166032,0,-22898185,Cash,Purchases - Plastic Drums
2024-06-10,Sold IBC tanks,Al-Baraka Bank,0,642172,-19104832,Bank,Sales - IBC Tanks
2024-06-10,Bought plastic drums,m ehtisham,112434,0,8363654,Cash,Purchases - Plastic Drums
2024-06-10,Printer ink,Habib Bank,9569,0,-13472866,Cash,Office Supplies
2024-06-10,IBC tanks received bill,Habib Bank,591843,0,-20200620,Bank,Purchases - IBC Tanks
2024-06-10,Sold reconditioned drums,Habib Bank,0,27467,-5774608,Cash,Sales - Refurbished Drums
2024-06-10,bought ibc tanks htg petro,Walk-in Customer,450007,0,-22959429,Bank,Purchases - IBC Tanks
2024-06-10,Shop zrent,HTG Petro,64661,0,-21586063,Bank,Rent
2024-06-10,Purchase steel drums,Regular Client,76788,0,-18821499,Bank,Purchases - Steel Drums
2024-06-10,Refurbished steel drums invoice,Local Supplieer,0,90893,-18638314,Bank,Sales - Refurbished Drums
2024-06-10,Reconditioned barrel sale,Walk-in Customer,0,125984,-18708404,Cash,Sales - Refurbished Drums
2024-06-10,Stationery purchase,Habib Banhk,1739,0,-24117975,Cash,Office Supplies
2024-06-10,Sandblasting cost,Metro Traders,73352,0,-984548,Cash,Refurbishing Costs
2024-06-10,Reconditioned barrel sale,Habib Bank,0,94890,8519606,Cash,Sales - Refurbished Drums
2024-06-10,Refurbished steel drumsz invoice,Regular Client,0,132544,-3793495,Cash,Sales - Refurbished Drums
2024-06-10,Invoicoe steel drums,Local Supplier,0,495094,-2816664,Cash,Sales - Steel Drums
2024-06-11,Transport expense,Metro Traders,56330,0,-17914921,Cash,Freight & Conveyance
2024-06-11,Monthly warehouse rent,Pakistan Drums Co,53874,0,6747061,Cash,Rent
2024-06-11,Water bill,M Ehtisham,11436,0,-2779147,Cash,Utilities
2024-06-11,Customer pickup steel drums,punnjab chemicals,0,220984,-21953228,Cash,Sales - Steel Drums
2024-06-11,Stationery purchase,Bank Al Falah,7372,0,-19094101,Cash,Office Supplies
2024-06-11,IBC small tank invoice,Al-Baraka Bank,0,465421,-19018313,Cash,Sales - IBC Tanks
2024-06-11,Reconditioned barrel sale,City Freight,0,92704,4907457,Cash,Sales - Refurbished Drums
2024-06-11,Reconditioned barrel sale,HTG Petro,0,91150,-20467624,Bank,Sales - Refurbished Drums
2024-06-11,Petty cash expense,Meezan Bank,7275,0,-3085788,Bank,Miscellaneous
2024-06-11,Reconditioned barrel sale,Meedzan Bank,0,50317,-20951101,Cash,Sales - Refurbished Drums
2024-06-11,ibc tanks dispatched,Regular Client,0,591798,-21874172,Cash,Sales - IBC Tanks
2024-06-11,Cheque book charges,Habib Bank,2993,0,-9103365,Bank,Bank Charges
2024-06-11,Reconditioned barrel sale,metro traderzs,0,73884,-12799948,Cash,Sales - Refurbished Drums
2024-06-11,Purchase steel drums,local supplier,96010,0,-7495076,Cash,Purchases - Steel Drums
2024-06-11,Purchase plastic drums,Metro Traders,57831,0,-15574553,Bank,Purchases - Plastic Drums
2024-06-12,stationery purchase,Metro Traders,1966,0,-5519044,Bank,Office Supplies
2024-06-12,Bought IBC tanks HTG Petro,Al-Baraka Bank,680888,0,-16462206,Cash,Purchases - IBC Tanks
2024-06-12,Plastic drum sale,punjab chemicals,0,77003,-20775136,Cash,Sales - Plastic Drums
2024-06-12,Stationery purchase,Pakistan Drums Co,8901,0,4187017,Cash,Office Supplies
2024-06-12,Purchase plastic drums,Waslk-in Customer,104569,0,-2759383,Cash,Purchases - Plastic Drums
2024-06-12,Steel drum procurement,htg petro,387050,0,-24270729,Bank,Purchases - Steel Drums
2024-06-12,Reconditioned barrel sale,TCS dCourier,0,48499,-8715203,Bank,Sales - Refurbished Drums
2024-06-12,ibc tanks received bill,Walk-in Customer,105398,0,-20306018,Cash,Purchases - IBC Tanks
2024-06-12,Customer payment plastic drums,Local Supplier,0,120757,-2216700,Cash,Sales - Plastic Drums
2024-06-12,monthly wwarehouse rent,Local Supplier,46724,0,-10653542,Bank,Rent
2024-06-12,Steel drum sale,Habib Bank,0,118796,-16437984,Bank,Sales - Steel Drums
2024-06-12,Reqconditioned barrel sale,Habib Bank,0,76852,-14213656,Cash,Sales - Refurbished Drums
2024-06-12,Drum refurbishing labour,M Ehtishqam,44112,0,-21969770,Cash,Refurbishing Costs
2024-06-13,Shop rent,Walk-in Customer,67158,0,2908018,Bank,Rent
2024-06-13,Electricity bill,Walk-in Customer,16798,0,-23663540,Cash,Utilities
2024-06-13,Online transfer fee,city freight,2668,0,-9824483,Cash,Bank Charges
2024-06-13,Recojnditioning expense,Habib Bank,29431,0,-3405420,Bank,Refurbishing Costs
2024-06-13,Sold IBC tanks,Walk-in Customer,0,161761,-20241717,Bank,Sales - IBC Tanks
2024-06-13,Plastic drums received,City Freight,120985,0,-13535482,Cash,Purchases - Plastic Drums
2024-06-13,Plastic drums delivered,Regular Client,0,149578,7240859,Cash,Sales - Plastic Drums
2024-06-13,Plastic drums receinved,HTG Petro,118677,0,-10578365,Bank,Purchases - Plastic Drums
2024-06-13,Customer pickup steel drumns,HTG Petro,0,84550,3380888,Cash,Sales - Steel Drums
2024-06-14,Water bill,Bank Al Falah,17693,0,-23327377,Cash,Utilities
2024-06-14,Phone bill,m ehtisham,19327,0,-19082279,Cash,Utilities
2024-06-14,Notebookp order,Walk-in Custjomer,11760,0,-974391,Cash,Office Supplies
2024-06-14,Water bill,Regular Client,4312,0,4464624,Bank,Utilities
2024-06-14,General expense,tcs courier,1251,0,-21857241,Cash,Miscellaneous
2024-06-14,Paint and coating drums,M Ehtisham,35847,0,-14445763,Cash,Refurbishing Costs
2024-06-14,IBC small tavnk invoice,Regular Client,0,382011,-19643444,Bank,Sales - IBC Tanks
2024-06-14,Onrline transfer fee,City Freight,3820,0,-26264971,Cash,Bank Charges
2024-06-14,Bought plastic drums,TCS Courier,109027,0,-18391624,Cash,Purchases - Plastic Drums
2024-06-14,Water bill,HTG Petro,16071,0,-14098715,Cash,Utilities
2024-06-14,Customer payment plaostic drums,aMeezan Bank,0,53877,-10614889,Bank,Sales - Plastic Drums
2024-06-14,Office rent,Meezan Bank,64886,0,-5492671,Cash,Rent
2024-06-14,Purchayse steel drums,Walk-in Customer,844077,0,-19772013,Cash,Purchases - Steel Drums
2024-06-14,Steel drums dispatched,Metro Traders,0,336710,-20676280,Cash,Sales - Steel Drums
2024-06-14,Sold IBC tanks,TCS Courier,0,151357,-20374770,Bank,Sales - IBC Tanks
2024-06-15,Water bill,bank al falah,7841,0,6353612,Bank,Utilities
2024-06-15,Plastic drum procurement,HTG Petro,64625,0,-17247848,Cash,Purchases - Plastic Drums
2024-06-15,Bought plastic drums,Punjab Chemicals,144223,0,-21049000,Cash,Purchases - Plastic Drums
2024-06-15,Plastic drum procurement,Local Supplier,31585,0,-1208911,Bank,Purchases - Plastic Drums
2024-06-15,General expense,Local Supplier,6580,0,-16650689,Bank,Miscellaneous
2024-06-15,Reconditioned nbarrel sale,Metro Traders,0,57218,-5514768,Cash,Sales - Refurbished Drums
2024-06-15,Paint and coating drums,Pakistan Drums Co,32324,0,-9386224,Cash,Refurbishing Costs
2024-06-16,Internet bill,City Freight,12774,0,-24792375,Cash,Utilities
2024-06-16,Paint and coating drums,HTaG Petro,10461,0,-6300964,Bank,Refurbishing Costs
2024-06-16,Paint and coating xdrums,M Ehtisham,32423,0,-11045803,Cash,Refurbishing Costs
2024-06-16,Petty cash expense,Regular Client,9961,0,-11599479,Bank,Miscellaneous
2024-06-16,ibc tank procurement,Habib Bank,189248,0,-11643655,Cash,Purchases - IBC Tanks
2024-06-16,Refurbished drum sale,Al-Baraka Bank,0,72298,-450176,Bank,Sales - Refurbished Drums
2024-06-16,Invoice steel drums,Pnunjab Chemicals,0,205440,6922517,Cash,Sales - Steel Drums
2024-06-16,Internet bill,Al-Baraka Bank,13667,0,2986635,Bank,Utilities
2024-06-16,Bought IBC tanks HTG Petro,Habib Bank,124613,0,5403713,Bank,Purchases - IBC Tanks
2024-06-16,Boughgt steel drums HTG Petro,M Ehtisham,192582,0,-15718179,Bank,Purchases - Steel Drums
2024-06-16,Bought plastic drums,Pakistan Drums Co,87231,0,-18647404,Cash,Purchases - Plastic Drums
2024-06-16,Refurbished drum sale,TCSx Courier,0,89770,-21333236,Cash,Sales - Refurbished Drums
2024-06-16,tpurchase ibc small tanks,Meezan Bank,669512,0,-17026528,Cash,Purchases - IBC Tanks
2024-06-16,Storage rent paid,M Ehtisham,55619,0,-25491941,Bank,Rent
2024-06-17,Printer ink,M Ehtisham,1232,0,-10183635,Bank,Office Supplies
2024-06-17,Bank service charges,Meezan Bank,4329,0,-19041468,Bank,Bank Charges
2024-06-17,Storage rent paid,M Ehftisham,67251,0,-16644109,Bank,Rent
2024-06-17,Reconditioned barrel sale,M Ehtishdam,0,32374,-9648992,Cash,Sales - Refurbished Drums
2024-06-17,online transfer fee,Habib Bank,1701,0,-18419578,Bank,Bank Charges
2024-06-17,Pettyp cash expense,Punjab Chemicals,9823,0,-10091955,Bank,Miscellaneous
2024-06-17,bought ibc tanks htg petro,Habib Bank,300457,0,-10426414,Cash,Purchases - IBC Tanks
2024-06-17,Steel drum procurement,Pakistan Drums Co,672606,0,-12445573,Cash,Purchases - Steel Drums
2024-06-17,Bank commission,Pakistan Drums Co,4791,0,-21787839,Bank,Bank Charges
2024-06-17,Sundry charges,Metro Traders,9478,0,4230035,Cash,Miscellaneous
2024-06-17,Transporkt expense,M Ehtisham,38593,0,-14961168,Bank,Freight & Conveyance
2024-06-17,Plastic drum procurement,M Ehtisham,96575,0,-24476736,Cash,Purchases - Plastic Drums
2024-06-18,Petty cash expense,Local Supplier,4559,0,-20387347,Cash,Miscellaneous
2024-06-18,Office rent,Pakistan Drums Co,57477,0,-5550148,Cash,Rent
2024-06-18,Petty cash expense,Bank Al Falah,4230,0,-19424211,Bank,Miscellaneous
2024-06-18,statioanery purchase,Regular Client,1650,0,-11824130,Cash,Office Supplies
2024-06-18,Online transfer fee,Pakistan Drums Co,2269,0,-13670998,Cash,Bank Charges
2024-06-18,plastic drums received,Bank Al Falah,171381,0,-21687897,Bank,Purchases - Plastic Drums
2024-06-18,Office furniture,city freight,12654,0,-26186169,Cash,Office Supplies
2024-06-18,IBC tanks received bill,city freight,303168,0,-23646742,Bank,Purchases - IBC Tanks
2024-06-18,Steel drums dispatxched,city freight,0,259616,-11500584,Cash,Sales - Steel Drums
2024-06-18,sold reconditioned drums,TCS Courier,0,59576,-23486953,Bank,Sales - Refurbished Drums
2024-06-18,Bought plagstic drums,Metro Tradegrs,105611,0,-10295022,Bank,Purchases - Plastic Drums
2024-06-18,IBC tank procurement,City Freight,421298,0,-20449712,Cash,Purchases - IBC Tanks
2024-06-18,IBC tanks received bill,M Ehtisham,547997,0,-19614101,Bank,Purchases - IBC Tanks
2024-06-19,Godown rent,Pakistan Drums Co,20707,0,-144860,Bank,Rent
2024-06-19,Sundry tcharges,Bank Al Falah,8262,0,-19627607,Bank,Miscellaneous
2024-06-19,Office furniture,Pakistan Drums Co,2400,0,-20258503,Bank,Office Supplies
2024-06-19,Sundry charges,City Freright,4051,0,-23527268,Bank,Miscellaneous
2024-06-19,Transport emxpense,Pakistan Drums Co,52244,0,-8824507,Bank,Freight & Conveyance
2024-06-19,Bought plastic drums,M Edhtisham,62278,0,-19434992,Bank,Purchases - Plastic Drums
2024-06-19,Water bill,Habib Bank,10492,0,-19108428,Cash,Utilities
2024-06-19,Painwt and coating drums,Habib Bank,41041,0,-2704932,Bank,Refurbishing Costs
2024-06-19,Sundry charges,Pakistan Drums Co,7247,0,-3324934,Cash,Miscellaneous
2024-06-19,Sold plastic drums,Habib Bank,0,73168,-19645309,Bank,Sales - Plastic Drums
2024-06-19,Sold IBC tanks,Walk-in Customer,0,544989,-12590300,Bank,Sales - IBC Tanks
2024-06-19,Miscellaneous expense,Local Supplieyr,7987,0,-14092743,Bank,Miscellaneous
2024-06-19,ibc tanks dispatched,Regular Client,0,287869,3155637,Bank,Sales - IBC Tanks
2024-06-19,Drums conveyance,Al-Baraka Baynk,38133,0,-16276821,Bank,Freight & Conveyance
2024-06-19,Office furniture,HTG Petro,7609,0,-4431038,Bank,Office Supplies
2024-06-20,Steel drums dispatched,Walk-in Customer,0,299832,-2088542,Cash,Sales - Steel Drums
2024-06-20,Bought steel drums HTG Petro,TCS Courrier,102360,0,5574334,Bank,Purchases - Steel Drums
2024-06-20,Customer IBC payment,City Freight,0,239893,4854168,Cash,Sales - IBC Tanks
2024-06-20,Plastic drums delivered,Habib Bank,0,158342,-13267414,Bank,Sales - Plastic Drums
2024-06-20,Miscellaneous expense,Bank Al Falah,672,0,-23527940,Bank,Miscellaneous
2024-06-20,Sundry charges,Loocal Supplier,3174,0,-2253194,Cash,Miscellaneous
2024-06-20,Sold IBC tanks,Punjab Chemicals,0,244639,-23336694,Cash,Sales - IBC Tanks
2024-06-20,Steel drums dispatched,Hbabib Bank,0,573037,-14922575,Cash,Sales - Steel Drums
2024-06-20,Reconditioned barrel sale,Bank Al Falah,0,50385,-22216041,Cash,Sales - Refurbished Drums
2024-06-20,Bought steel drums HTG Petro,City Freight,799474,0,-21177097,Bank,Purchases - Steel Drums
2024-06-20,Sold reconditioned drujms,Metro Traders,0,93399,-16944143,Bank,Sales - Refurbished Drums
2024-06-20,Online transfer fee,Bank Al Fcalah,3336,0,4129688,Cash,Bank Charges
2024-06-20,Sold IBC tanks,Al-Baraka wBank,0,279119,-21351482,Cash,Sales - IBC Tanks
2024-06-20,Sandblasting cost,Local Supplier,55947,0,-19394495,Bank,Refurbishing Costs
2024-06-20,Cheque book charges,tcs courier,2406,0,-21058684,Cash,Bank Charges
2024-06-20,IBC tank procurement,Metro Traders,281870,0,7441923,Cash,Purchases - IBC Tanks
2024-06-20,Electricity bill,Punjab Chemicals,10847,0,-23905719,Cash,Utilities
2024-06-20,Bought steewl drums HTG Petro,m ehtisham,476553,0,-19826503,Cash,Purchases - Steel Drums
2024-06-20,Plastic drums received,Pakistan Drums Co,54348,0,-19153666,Cash,Purchases - Plastic Drums
2024-06-20,Online transfer fee,m ehtisham,1542,0,-19268021,Cash,Bank Charges
2024-06-21,Invoice plastic drums,City Freight,0,73692,-25804647,Bank,Sales - Plastic Drums
2024-06-21,Cheque book charges,Metro Traders,2289,0,-16304576,Bank,Bank Charges
2024-06-21,Steel drums received,M Ehtisham,577281,0,-10881768,Bank,Purchases - Steel Drums
2024-06-21,Paint and coating drums,HTG Petro,53466,0,-24290633,Cash,Refurbishing Costs
2024-06-21,Bank cxommission,metro traders,4048,0,-653471,Cash,Bank Charges
2024-06-21,Steelj drum sale,Walk-in Customer,0,144069,-11680061,Bank,Sales - Steel Drums
2024-06-21,bought steel drums htg petro,Punjab Chemicals,739427,0,713375,Cash,Purchases - Steel Drums
2024-06-21,oBought steel drums HTG Petro,Habib Bank,332921,0,-21684403,Cash,Purchases - Steel Drums
2024-06-21,plastic drums received,Bank Al Falah,160401,0,-3432137,Cash,Purchases - Plastic Drums
2024-06-21,Printefr ink,uHabib Bank,7022,0,-9820651,Cash,Office Supplies
2024-06-21,Sundry charges,Regular Client,7696,0,-19743584,Bank,Miscellaneous
2024-06-21,freight charges,Al-Baraka Bank,50185,0,-21395455,Bank,Freight & Conveyance
2024-06-21,Purchase IBC small tanks,Local Supplier,622532,0,-23606324,Bank,Purchases - IBC Tanks
2024-06-21,Drum repair materials,Walk-in Customer,19900,0,-2337457,Bank,Refurbishing Costs
2024-06-21,online transfer fee,TCS Courier,1544,0,-17422083,Bank,Bank Charges
2024-06-22,plastic drum sale,Regular Client,0,140896,-9055581,Cash,Sales - Plastic Drums
2024-06-22,Bank commission,Bank Al Falah,1825,0,-23332779,Bank,Bank Charges
2024-06-22,Plastic drum procurement,lRegular Client,130741,0,332170,Cash,Purchases - Plastic Drums
2024-06-22,paint anqd coating drums,HTG Petro,48742,0,-20707320,Bank,Refurbishing Costs
2024-06-22,Office furniture,Meezan Bank,11071,0,-16488824,Bank,Office Supplies
2024-06-23,Reconditioned barrel sale,al-baraka bank,0,92216,-19680399,Bank,Sales - Refurbished Drums
2024-06-23,Refurbished steel drums invoice,Al-Baraka Bank,0,59012,517162,Cash,Sales - Refurbished Drums
2024-06-23,Miscellaneous expense,habib bank,3294,0,-23464558,Bank,Miscellaneous
2024-06-23,Purchase steel drums,Pakistan Drums Co,135827,0,-21207082,Bank,Purchases - Steel Drums
2024-06-23,Purchase plastic drums,Al-Baraka Bank,137259,0,-21423006,Bank,Purchases - Plastic Drums
2024-06-23,Purchase plastic drums,Habib Bank,105613,0,4310713,Cash,Purchases - Plastic Drums
2024-06-23,Steelc drums received,Meezan Bank,210262,0,-20300271,Bank,Purchases - Steel Drums
2024-06-23,shop rcent,Bank Al Falah,59130,0,1140516,Bank,Rent
2024-06-23,Office furniture,Bank Al Falah,1573,0,-10360227,Bank,Office Supplies
2024-06-23,petty cash expense,metro traders,6874,0,-407900,Cash,Miscellaneous
2024-06-23,Plastic drum procurement,Walkk-in Customer,146040,0,-14649772,Cash,Purchases - Plastic Drums
2024-06-23,Bank servirce charges,Punjab Chemicals,1039,0,-18777019,Cash,Bank Charges
2024-06-23,IBC tank procurement,Meezan Bank,259371,0,-7492873,Cash,Purchases - IBC Tanks
2024-06-24,Steel drum sale,Badnk Al Falah,0,251988,-18930727,Bank,Sales - Steel Drums
2024-06-24,Purchase steel drums,TCS Courier,71868,0,-16449430,Bank,Purchases - Steel Drums
2024-06-24,Shop rent,TCS Couryier,27924,0,-13785035,Cash,Rent
2024-06-24,Invoice plastic drums,m ehtisham,0,147353,-14619328,Bank,Sales - Plastic Drums
2024-06-24,Refurbished steel drums invoice,Localg Supplier,0,98295,-22524958,Bank,Sales - Refurbished Drums
2024-06-24,IBC tank procurement,TCS Courier,556211,0,311501,Bank,Purchases - IBC Tanks
2024-06-24,Invoice plastic drums,Regular Client,0,139400,-21068060,Bank,Sales - Plastic Drums
2024-06-24,Notebook order,HTG Pfetro,11670,0,-24056604,Cash,Office Supplies
2024-06-24,Miscellaneous expense,Mleezan Bank,7314,0,316806,Cash,Miscellaneous
2024-06-24,Cwheque book charges,Meezan Bank,1821,0,-20753359,Cash,Bank Charges
2024-06-24,Reconditioning expense,Regular Client,54048,0,-19535818,Bank,Refurbishing Costs
2024-06-24,Plastic drrums delivered,habib bank,0,159020,-5320972,Cash,Sales - Plastic Drums
2024-06-24,Invoice steel drums,bank al falah,0,313427,-19761435,Bank,Sales - Steel Drums
2024-06-25,IBC tank sale,vTCS Courier,0,598616,8545184,Cash,Sales - IBC Tanks
2024-06-25,General expense,TCS Courier,5061,0,-10111721,Cash,Miscellaneous
2024-06-25,Plastic drums received,regular bclient,42871,0,-21803031,Bank,Purchases - Plastic Drums
2024-06-25,Miscellaneous expense,TCS Courier,7113,0,5388248,Cash,Miscellaneous
2024-06-25,Plastic drums delivered,Pakistan Drums Co,0,97993,-19058552,Cash,Sales - Plastic Drums
2024-06-25,Cheque book charges,Metro Traders,2506,0,-19119614,Cash,Bank Charges
2024-06-25,customer payment plastic drums,TCS Courier,0,165730,-24384778,Cash,Sales - Plastic Drums
2024-06-25,Petty cash expense,Local Supplier,613,0,-3218256,Cash,Miscellaneous
2024-06-25,bPurchase plastic drums,TCS Courier,192234,0,5794255,Bank,Purchases - Plastic Drums
2024-06-25,Paper stoqck,Local Supplier,4441,0,8016922,Bank,Office Supplies
2024-06-25,Purchase plastic drums,Mettro Traders,118414,0,-24072379,Bank,Purchases - Plastic Drums
2024-06-25,Sold IBC tanks,Metro Traders,0,715779,-21464987,Bank,Sales - IBC Tanks
2024-06-25,Plastic drum procurement,Regular Client,191774,0,-21587443,Bank,Purchases - Plastic Drums
2024-06-25,Delivery charges,Regular Client,25712,0,-5824358,Cash,Freight & Conveyance
2024-06-25,Paint and coating drums,City Freight,35594,0,-20904777,Cash,Refurbishing Costs
2024-06-25,Office rrent,Meezan Bank,41501,0,-15545913,Cash,Rent
2024-06-25,Office furniture,Habib Bank,3370,0,1314341,Cash,Office Supplies
2024-06-26,Bank service charges,Meezan Bank,1268,0,-2996671,Cash,Bank Charges
2024-06-26,Internet bill,Cityq Freight,2161,0,8455014,Cash,Utilities
2024-06-26,Sktationery purchase,Pakistan Drums Co,10008,0,-11874241,Cash,Office Supplies
2024-06-26,Customer IBC payment,TCS Courier,0,218899,-9887354,Bank,Sales - IBC Tanks
2024-06-26,Office rent,Pakistan Drums Co,53131,0,-23875816,Bank,Rent
2024-06-26,Monthly warehouse rent,Punjbab Chemicals,55241,0,-20768133,Cash,Rent
2024-06-26,Sold reconditioned gdrums,Punjab Chemicals,0,104972,-9749524,Bank,Sales - Refurbished Drums
2024-06-26,IBC tanks received bill,Bgank Al Falah,369694,0,-20074862,Bank,Purchases - IBC Tanks
2024-06-26,Steel drum procurement,Punjab Chemicals,345004,0,-16817995,Bank,Purchases - Steel Drums
2024-06-26,Bank service charges,Pakistan Drums Co,2419,0,1372529,Bank,Bank Charges
2024-06-26,Steel drums received,city freight,480074,0,-80770,Cash,Purchases - Steel Drums
2024-06-26,Drum refurbishing labour,htgw petro,40295,0,-4960782,Cash,Refurbishing Costs
2024-06-26,Plastic drums delivered,TCS Courier,0,148009,-19276202,Cash,Sales - Plastic Drums
2024-06-26,Sundry charges,Punjab Chemicals,3958,0,6574314,Bank,Miscellaneous
2024-06-26,Online transfer fee,Al-Baraka Bank,1468,0,-21396923,Cash,Bank Charges
2024-06-27,Interznet bill,City Freight,8543,0,-910130,Bank,Utilities
2024-06-27,Miscellaneous expense,Punjab Chemicals,2319,0,3146448,Bank,Miscellaneous
2024-06-27,Drum rmepair materials,M Ehtrisham,44376,0,-17586087,Cash,Refurbishing Costs
2024-06-27,Plastic drums delivered,Bank Al Falah,0,191638,-20574443,Bank,Sales - Plastic Drums
2024-06-27,Sold ImBC tanks,HTG Petro,0,467288,-3078513,Bank,Sales - IBC Tanks
2024-06-27,Purchase steel drums,Walk-in Customer,448292,0,-16655415,Bank,Purchases - Steel Drums
2024-06-27,Drum refturbishing labour,Regular Client,78884,0,537503,Bank,Refurbishing Costs
2024-06-27,Steel drums dispatched,M Ehtisham,0,375939,1881770,Bank,Sales - Steel Drums
2024-06-27,Bought plastic druhms,Local Supplier,126555,0,-522474,Bank,Purchases - Plastic Drums
2024-06-27,Reconditioned barrel sale,City Freight,0,119171,-19372525,Cash,Sales - Refurbished Drums
2024-06-27,Bank commission,HTG Petro,2802,0,-10635544,Cash,Bank Charges
2024-06-27,Sold IBC tanks,Al-Baraka Bank,0,663053,-19423673,Cash,Sales - IBC Tanks
2024-06-27,Office rent,Al-Baraka Bank,42378,0,-11998445,Bank,Rent
2024-06-27,Petty cash expense,HTG Petro,4231,0,4244311,Bank,Miscellaneous
2024-06-27,Sundry charges,Punjab Chemicals,8385,0,-22283007,Cash,Miscellaneous
2024-06-27,Storage rent paid,Pakistan Drums Co,65038,0,-4867248,Cash,Rent
2024-06-28,Steel drum sale,Al-Baraka Bank,0,370432,-21551836,Cash,Sales - Steel Drums
2024-06-28,customer pickup steel drums,Metro Traders,0,225297,-23317359,Bank,Sales - Steel Drums
2024-06-28,Storage rent paid,TCS Courier,47961,0,-20691771,Bank,Rent
2024-06-28,Phone bill,HTG Petro,3990,0,-16672189,Bank,Utilities
2024-06-28,Steel drum procurement,Reghular Client,349770,0,5569038,Bank,Purchases - Steel Drums
2024-06-28,Monthly warehouse rent,Metoro Traders,76648,0,-16669793,Cash,Rent
2024-06-28,Sundry charges,metro traders,8119,0,-20770659,Cash,Miscellaneous
2024-06-28,Steel drum procurement,Hasbib Bank,561688,0,-1222714,Cash,Purchases - Steel Drums
2024-06-28,Customer xpickup steel drums,Local Supplier,0,603174,-18097408,Bank,Sales - Steel Drums
2024-06-28,Miscellaneous expense,Walk-in Customer,4294,0,-21349924,Cash,Miscellaneous
2024-06-28,Sold steel drums,Bank Al Falah,0,763692,-7724211,Bank,Sales - Steel Drums
2024-06-28,Monthly warehouse rent,Metro Traders,78916,0,-10096729,Cash,Rent
2024-06-29,Bank commission,Bank Al Falah,3280,0,-10041350,Bank,Bank Charges
2024-06-29,bank service charges,bank al falah,4016,0,-16238688,Cash,Bank Charges
2024-06-29,Stationery purchase,City Freight,13194,0,-19606291,Cash,Office Supplies
2024-06-29,Invoice steel drums,Metro Traders,0,854525,-4123842,Bank,Sales - Steel Drums
2024-06-29,Purchase IBC small tanks,Pakistan Drums Co,212865,0,-15791516,Cash,Purchases - IBC Tanks
2024-06-29,IBC tank procuhrement,City Freight,349920,0,1894911,Cash,Purchases - IBC Tanks
2024-06-29,Printer ink,Metro Traders,8827,0,-18106235,Bank,Office Supplies
2024-06-29,Cheque book chargbes,M Ehtishxam,3495,0,-18409191,Cash,Bank Charges
2024-06-29,sold steel drums,Regular Client,0,151986,-8497700,Cash,Sales - Steel Drums
2024-06-29,Transport expense,TCS Ceourier,8559,0,1796066,Bank,Freight & Conveyance
2024-06-29,Sold plastic druyms,punjab chemicals,0,155701,-23456840,Bank,Sales - Plastic Drums
2024-06-29,Cheque book charges,city freight,4692,0,-19766127,Cash,Bank Charges
2024-06-29,Electricity bill,Bank Al Falah,5671,0,-16467877,Cash,Utilities
2024-06-29,Bought steel drums HTG Petro,Bank Al Falah,612798,0,-888061,Cash,Purchases - Steel Drums
2024-06-29,Reconditioned barrel esale,Regular Client,0,94408,-11788621,Cash,Sales - Refurbished Drums
2024-06-29,Bank commission,Metro Traders,3397,0,-20858373,Bank,Bank Charges
2024-06-29,IBC small tank invoice,Al-Baraka Bank,0,728667,-23242302,Cash,Sales - IBC Tanks
2024-06-30,Notebook order,Metro Traders,1615,0,5502655,Cash,Office Supplies
2024-06-30,Shop rent,Walk-in Customer,75549,0,6371519,Cash,Rent
2024-06-30,Bought IBC tanks HTG Petro,Pakistnan Drums Co,312166,0,-23906174,Cash,Purchases - IBC Tanks
2024-06-30,Bank service charges,Pakistan Drums Co,2241,0,-2552173,Cash,Bank Charges
2024-06-30,Plastic drum fsale,Habib Bank,0,158567,509737,Bank,Sales - Plastic Drums
2024-06-30,IBC tank procurement,Local Supplier,604552,0,3803353,Bank,Purchases - IBC Tanks
2024-06-30,Steel drumgs dispatched,regular client,0,556080,-4516857,Bank,Sales - Steel Drums
2024-06-30,Sold IBC tanks,al-baraka bank,0,753763,-3674041,Bank,Sales - IBC Tanks
2024-06-30,Statiopnery purchase,Habib Bank,3337,0,-17515643,Cash,Office Supplies
2024-06-30,IBCp tanks received bill,Pakistan Drums Co,542979,0,-18824283,Bank,Purchases - IBC Tanks
2024-06-30,Printer ink,Al-Baraka Bank,10002,0,4205693,Cash,Office Supplies
2024-07-01,Purchase IBC small tanks,M Ehtisham,335155,0,4723363,Cash,Purchases - IBC Tanks
2024-07-01,Refurbished drum sale,Habib Bank,0,102303,-4052662,Cash,Sales - Refurbished Drums
2024-07-01,Steel drum procurement,M Ehtisham,42513,0,-21094322,Cash,Purchases - Steel Drums
2024-07-01,Plastic drum procurement,Pakistan Drums Co,160856,0,-8763702,Cash,Purchases - Plastic Drums
2024-07-01,Phone bill,HTG Petro,10970,0,-23065721,Bank,Utilities
2024-07-01,online transfer fee,HTG Petro,2006,0,-17480311,Cash,Bank Charges
2024-07-01,Refurbished drum sale,Habib Bank,0,79765,-20543049,Cash,Sales - Refurbished Drums
2024-07-01,IBC tank sale,TCS Couhrier,0,551537,-8199640,Cash,Sales - IBC Tanks
2024-07-01,Stationery purchase,local supplier,14474,0,-10866461,Bank,Office Supplies
2024-07-01,Ovffice rent,Walk-ine Customer,52393,0,-20913258,Bank,Rent
2024-07-01,Miscellaneous emxpense,Metro Traders,4057,0,-22883153,Bank,Miscellaneous
2024-07-01,Water bill,al-baraka bank,4911,0,-5057508,Cash,Utilities
2024-07-01,Printer ink,Local Supplier,12111,0,-22895139,Cash,Office Supplies
2024-07-02,customer ibc payment,Bank Al Falah,0,442429,-6312997,Cash,Sales - IBC Tanks
2024-07-02,Customer IBC payment,bank al falah,0,322464,8462092,Bank,Sales - IBC Tanks
2024-07-02,Refurbished drum sale,Citye Freight,0,27671,-19772615,Cash,Sales - Refurbished Drums
2024-07-02,Storage rent paid,Local Supplier,76761,0,-20990019,Bank,Rent
2024-07-02,Customer payment plastic drums,Pakistan Drums Co,0,185903,501345,Cash,Sales - Plastic Drums
2024-07-02,Reconditioning expense,Habib Bank,61209,0,-20088884,Bank,Refurbishing Costs
2024-07-02,Bank service chargjes,TCS Courier,4373,0,-21602016,Bank,Bank Charges
2024-07-02,Drum refurbishing labour,Al-Baraka Bank,10397,0,1048289,Cash,Refurbishing Costs
2024-07-02,Bought plastic drums,Walk-in Customer,173810,0,-15916178,Bank,Purchases - Plastic Drums
2024-07-02,Customer IBC payment,Pakistan Drums Cfo,0,194235,-16360669,Cash,Sales - IBC Tanks
2024-07-02,Internet bill,Regular Client,6759,0,359287,Cash,Utilities
2024-07-02,Sold recondkitioned drums,htg petro,0,73592,-20665944,Cash,Sales - Refurbished Drums
2024-07-02,Storage rent pmaid,sTCS Courier,57805,0,2244831,Cash,Rent
2024-07-02,Reconditioned barrel sale,Meezan Bank,0,70564,-352632,Cash,Sales - Refurbished Drums
2024-07-02,Miscellaneous expense,Regular Client,6931,0,-9891622,Bank,Miscellaneous
2024-07-03,Online transfer fee,Habib Bank,4853,0,-16949720,Bank,Bank Charges
2024-07-03,Invoice plastic drums,Bank Al Falah,0,75714,-10196570,Bank,Sales - Plastic Drums
2024-07-03,Transport expense,Pakistan vDrums Co,20011,0,7857428,Bank,Freight & Conveyance
2024-07-03,Refurbished steel drums invoice,Bank Al Falah,0,91798,-21749823,Bank,Sales - Refurbished Drums
2024-07-03,Notebook order,M Ehtisham,14915,0,437761,Bank,Office Supplies
2024-07-03,Delivery charges,Walk-in Customer,53016,0,1862833,Bank,Freight & Conveyance
2024-07-03,Sold reconditioned drums,Bank Al Falah,0,44908,-14047835,Bank,Sales - Refurbished Drums
2024-07-03,Plastic drums received,Pakistan Drums Co,121483,0,-6193387,Bank,Purchases - Plastic Drums
2024-07-03,Bought plastic drums,Local Supplier,98487,0,-19483734,Cash,Purchases - Plastic Drums
2024-07-03,Steel drums received,Walk-in Customer,494787,0,-15466583,Cash,Purchases - Steel Drums
2024-07-03,Bought plastic drums,Punjajb Chemicals,148928,0,1198128,Cash,Purchases - Plastic Drums
2024-07-03,Paper stock,Local Supplier,9529,0,-13510094,Bank,Office Supplies
2024-07-03,purchase plastic drums,City Freight,152246,0,-11355182,Cash,Purchases - Plastic Drums
2024-07-04,Customer pickup steel drums,Bank Al Falah,0,450808,-2396875,Bank,Sales - Steel Drums
2024-07-04,Plastic drums received,Habib Bantk,157787,0,2137204,Cash,Purchases - Plastic Drums
2024-07-04,IBC tank sale,HTG Petro,0,345690,2935149,Cash,Sales - IBC Tanks
2024-07-04,Steel drum procurement,Punjab Chemicals,739497,0,4648751,Bank,Purchases - Steel Drums
2024-07-04,petty lcash expense,Punjab Chemicals,2598,0,-19156534,Cash,Miscellaneous
2024-07-04,Sold IBC tanks,Walk-in Customer,0,207084,-9694459,Bank,Sales - IBC Tanks
2024-07-04,Bank commission,Pakistan Drums Co,2935,0,-14779137,Cash,Bank Charges
2024-07-04,Storage rent paid,M Ehtisham,64518,0,-15246041,Cash,Rent
2024-07-04,Gas charges,Regular Client,10566,0,-22228878,Cash,Utilities
2024-07-04,Sold reconditioned drums,Regular Client,0,24349,-26246146,Cash,Sales - Refurbished Drums
2024-07-04,Pestty cash expense,M Ehtisham,3399,0,-21471428,Cash,Miscellaneous
2024-07-04,Drum refurbishing labour,Metro Traders,28255,0,-27174987,Bank,Refurbishing Costs
2024-07-04,Plastic drums delivered,Meezan Bank,0,192793,4558850,Bank,Sales - Plastic Drums
2024-07-04,Inxvoice steel drums,City Freight,0,450607,5147255,Cash,Sales - Steel Drums
2024-07-05,ibc tanks dispatched,Walk-in Customer,0,433862,532828,Cash,Sales - IBC Tanks
2024-07-05,refurbished steel drums invoice,Punjab Chemicals,0,52185,-1041018,Cash,Sales - Refurbished Drums
2024-07-05,Internet bill,Regular Client,3420,0,-19747004,Cash,Utilities
2024-07-05,Bank commission,TCS Courier,4357,0,-8649630,Cash,Bank Charges
2024-07-05,dShop rent,Al-Baraka Bank,74123,0,-21755949,Bank,Rent
2024-07-05,Bought steel drums HTG Petro,Habib Bank,438299,0,4313582,Cash,Purchases - Steel Drums
2024-07-05,Stationery purchase,Local Supplier,1068,0,7160565,Bank,Office Supplies
2024-07-05,Plastic drum sale,Bank Al Falah,0,175469,1804625,Cash,Sales - Plastic Drums
2024-07-05,Electricity bill,Metro Traders,14202,0,-18268030,Bank,Utilities
2024-07-06,Refurbished drum sale,Walk-in Customer,0,81364,-24997275,Cash,Sales - Refurbished Drums
2024-07-06,Bank commission,M Ehtisham,2271,0,-10938072,Cash,Bank Charges
2024-07-06,Delivery charges,TCS Courier,48753,0,-19373193,Cash,Freight & Conveyance
2024-07-06,Customer pickup steel drums,Walk-in Customer,0,819609,-173720,Bank,Sales - Steel Drums
2024-07-06,stationery purchase,Al-Baraka Bank,12023,0,-19271147,Cash,Office Supplies
2024-07-06,IBC tank sale,htg petro,0,146321,-27051769,Cash,Sales - IBC Tanks
2024-07-06,Refurbished steel drums invoice,Al-Baraka Bank,0,61793,-3369355,Bank,Sales - Refurbished Drums
2024-07-06,Cheque book charges,Al-Baraka Bank,1151,0,746396,Cash,Bank Charges
2024-07-06,Water bill,Walk-in Customer,6593,0,-11507177,Bank,Utilities
2024-07-06,Invoice plastic drums,Pakistan Drums Co,0,43851,-23563696,Bank,Sales - Plastic Drums
2024-07-06,Customer payment plastic drums,Meezan Bank,0,134762,2649195,Bank,Sales - Plastic Drums
2024-07-06,Steel drums jreceived,HTG Petrdo,613107,0,4826384,Cash,Purchases - Steel Drums
2024-07-06,Purchase IBCn small tanks,Meezan Bank,595344,0,-22263288,Cash,Purchases - IBC Tanks
2024-07-06,Cheque book charges,City Freight,516,0,-20780198,Cash,Bank Charges
2024-07-06,General expense,al-baraka bank,1387,0,-3238265,Bank,Miscellaneous
2024-07-07,Plastic drum sale,Local Supplier,0,116061,-19259124,Bank,Sales - Plastic Drums
2024-07-07,Online transfer fee,Regular Client,3638,0,-208163,Cash,Bank Charges
2024-07-07,Water bill,Habib Bank,16223,0,-14746647,Cash,Utilities
2024-07-07,Bought IBC tanks HTG Petro,Bank Al Falah,269953,0,-23950983,Cash,Purchases - IBC Tanks
2024-07-07,Shop rent,bank al falah,20101,0,-21055319,Bank,Rent
2024-07-07,sundry charges,Punjabw Chemicals,1252,0,-19083531,Bank,Miscellaneous
2024-07-07,Steel drums received,Al-Baraka Bank,323350,0,-21051809,Bank,Purchases - Steel Drums
2024-07-07,Bank commission,City Freight,1955,0,-23364395,Bank,Bank Charges
2024-07-07,General expense,Pakistan Drums Co,1547,0,6394013,Cash,Miscellaneous
2024-07-07,Refurbished drum sale,Metro Traders,0,91612,-13924310,Bank,Sales - Refurbished Drums
2024-07-07,Internet bill,m ehtisham,10663,0,-19634457,Cash,Utilities
2024-07-07,Customer payment plastic drums,HTG Petro,0,91832,-18578706,Bank,Sales - Plastic Drums
2024-07-07,Storage rent paid,Walk-in Customer,24032,0,-20064012,Cash,Rent
2024-07-07,Purchase steel drums,HTG Petro,489287,0,-24604125,Bank,Purchases - Steel Drums
2024-07-07,Drum refurbishing labour,Punjab Chemhicals,62322,0,-9129213,Cash,Refurbishing Costs
2024-07-07,shop rent,Meemzan Bank,59551,0,6741493,Cash,Rent
2024-07-07,Bank service charges,Pakistan Drums Co,4917,0,8457175,Cash,Bank Charges
2024-07-08,Water bxill,Al-Baraka Bank,19244,0,-23320763,Bank,Utilities
2024-07-08,Purchase IBC small tanks,HkTG Petro,433496,0,-21776379,Bank,Purchases - IBC Tanks
2024-07-08,Gas charges,Walk-in Customer,10545,0,5189668,Bank,Utilities
2024-07-08,Freight charges,M Ehtisham,47362,0,-8851481,Cash,Freight & Conveyance
2024-07-08,Storage rent paid,aLocal Supplier,48247,0,4316389,Cash,Rent
2024-07-08,water bill,m ehtisham,3251,0,5369414,Cash,Utilities
2024-07-08,customer payment plastic drums,Al-Barakva Bank,0,31529,-10715620,Cash,Sales - Plastic Drums
2024-07-08,IBC tanks received bill,Local Supplier,317322,0,-15157548,Bank,Purchases - IBC Tanks
2024-07-09,Steel drum procurement,Mketro Traders,311468,0,2004317,Bank,Purchases - Steel Drums
2024-07-09,Sandblasting cost,Regular Client,64203,0,-19359975,Cash,Refurbishing Costs
2024-07-09,General expense,Local Supplier,3797,0,7380393,Cash,Miscellaneous
2024-07-09,Purchase stieel drums,Local Supplier,517385,0,-23198377,Cash,Purchases - Steel Drums
2024-07-09,Reconditioned barrel sale,Pakistan Drums Co,0,26205,-19669479,Cash,Sales - Refurbished Drums
2024-07-09,Bank service charges,Metro Traders,4153,0,-17190394,Bank,Bank Charges
2024-07-09,Electricity bill,Punjab Chemicals,5311,0,-10321222,Bank,Utilities
2024-07-09,sold smteel drums,Metro Traders,0,802296,-22645040,Cash,Sales - Steel Drums
2024-07-09,Plastic drum sale,Regular Client,0,153948,-9601959,Cash,Sales - Plastic Drums
2024-07-09,dSold IBC tanks,Pakistan Drums Co,0,254137,-5520471,Bank,Sales - IBC Tanks
2024-07-09,Refurbished drum sale,Al-Baraka Bank,0,54563,-5475098,Cash,Sales - Refurbished Drums
2024-07-09,Purchase IBC small tanks,local supplier,385793,0,-21097763,Bank,Purchases - IBC Tanks
2024-07-09,bank service charges,TCSw Courier,1660,0,-22000872,Bank,Bank Charges
2024-07-09,Bought IBC tanks HTG Petro,Meezan Bank,559521,0,-9353900,Bank,Purchases - IBC Tanks
2024-07-09,Sundry charges,Metro Traders,8268,0,2411325,Cash,Miscellaneous
2024-07-09,Steel drum sale,Regular Client,0,210413,-13133160,Bank,Sales - Steel Drums
2024-07-10,gas charges,City Freigkht,17819,0,1036587,Cash,Utilities
2024-07-10,bought steel drums htg petro,Metro Traders,133850,0,-7483889,Cash,Purchases - Steel Drums
2024-07-10,office rent,Pakistan Drums Co,42732,0,4406671,Cash,Rent
2024-07-10,Purchase plastic drums,Al-Bapraka Bank,97832,0,-9005588,Bank,Purchases - Plastic Drums
2024-07-10,Stationery purchase,city freight,8276,0,-5592275,Bank,Office Supplies
2024-07-10,Freight charges,Paqkistan Drums Co,25776,0,-19144194,Bank,Freight & Conveyance
2024-07-10,Gas chargwes,Pakistan Drums Co,17127,0,-15003573,Cash,Utilities
2024-07-10,Customer IBC payment,Regular Client,0,773922,-21452717,Bank,Sales - IBC Tanks
2024-07-10,Office furniture,TCS Courier,10795,0,-11959308,Cash,Office Supplies
2024-07-10,Steel drums received,regular client,604719,0,-21699366,Bank,Purchases - Steel Drums
2024-07-10,Plastic drums received,Local Supplier,168560,0,-22291827,Bank,Purchases - Plastic Drums
2024-07-10,Phone bill,Metro Tradexrs,11754,0,-2911421,Bank,Utilities
2024-07-10,Electvricity bill,Punjab Chemicals,15749,0,5008766,Cash,Utilities
2024-07-11,Paint and coating drums,meezan bank,21809,0,-19021942,Cash,Refurbishing Costs
2024-07-11,Purchase IBC small tanks,Metro Traders,188616,0,-19215166,Bank,Purchases - IBC Tanks
2024-07-11,Internet bill,Al-Baraka Bank,9054,0,5773755,Cash,Utilities
2024-07-11,Purchase IBC small tanks,Al-Baraka Bank,355918,0,-5338552,Bank,Purchases - IBC Tanks
2024-07-11,Drum rewfurbishing labour,Regular Client,58969,0,-57241,Cash,Refurbishing Costs
2024-07-12,IBC tank sale,TCS Courier,0,321532,-16077733,Bank,Sales - IBC Tanks
2024-07-12,Refurbished steel drums invoice,Pakistan Drums Co,0,113199,616387,Cash,Sales - Refurbished Drums
2024-07-12,Transport expense,Bank Al Faladh,58275,0,-21665731,Bank,Freight & Conveyance
2024-07-12,Purchase steel drums,City Freight,248275,0,6787254,Bank,Purchases - Steel Drums
2024-07-12,sold ibc tanks,rBank Al Falah,0,743761,1245371,Bank,Sales - IBC Tanks
2024-07-12,IBC tank sale,Punjab Chemicals,0,363028,-634985,Cash,Sales - IBC Tanks
2024-07-12,Bought steel drums HTG Petro,M Ehtisham,516722,0,5372665,Cash,Purchases - Steel Drums
2024-07-12,Steel drum sale,Al-Barakqa Bank,0,670502,-20929775,Bank,Sales - Steel Drums
2024-07-12,Transport expense,Regular Client,38794,0,-22475347,Cash,Freight & Conveyance
2024-07-12,Miscellaneous expense,Walk-in Customer,5877,0,-3637721,Bank,Miscellaneous
2024-07-13,Delivery charges,TCS Courier,9334,0,-18717738,Bank,Freight & Conveyance
2024-07-13,Online transfer fee,City Freight,1078,0,-22249426,Bank,Bank Charges
2024-07-13,Reconditioned barrel sale,Local Supplier,0,128462,-10142940,Cash,Sales - Refurbished Drums
2024-07-13,IBC tanks received bill,Pakistan Drums Co,379684,0,-2749678,Cash,Purchases - IBC Tanks
2024-07-13,Printer ink,Punjab Chemicals,12360,0,-13310774,Cash,Office Supplies
2024-07-13,Purchase IBC small tanks,Meezan Bank,84753,0,2541591,Bank,Purchases - IBC Tanks
2024-07-13,Customer payment plastic drums,Local Supplier,0,91731,-9376345,Bank,Sales - Plastic Drums
2024-07-13,Cheque book charges,Habib Bank,1255,0,-17037542,Bank,Bank Charges
2024-07-13,Steel drums received,M Ehtisham,740184,0,5874677,Cash,Purchases - Steel Drums
2024-07-13,Steel drums raeceived,Local Supplier,370534,0,-8902354,Bank,Purchases - Steel Drums
2024-07-13,Electricity bill,Metro Tradekrs,9459,0,-18435926,Cash,Utilities
2024-07-13,office furnitugre,M Ehtisham,5485,0,-18822815,Bank,Office Supplies
2024-07-13,Gas charges,Al-Baraka Bank,9276,0,-12905096,Cash,Utilities
2024-07-13,online transfer fee,Local Supplier,4593,0,-998013,Cash,Bank Charges
2024-07-13,Water bill,Habib Bank,10002,0,-4093451,Bank,Utilities
2024-07-13,Plastic drum sale,Metro Traders,0,182022,-3611473,Cash,Sales - Plastic Drums
2024-07-14,Internet bill,City Freight,13448,0,7428475,Bank,Utilities
2024-07-14,IBC tank procurement,Meezan Bank,678327,0,-18253633,Cash,Purchases - IBC Tanks
2024-07-14,Cheque book charges,Local Supplier,3359,0,-20929497,Bank,Bank Charges
2024-07-14,Customer payment plastic drums,Metro Traders,0,142080,-24718597,Cash,Sales - Plastic Drums
2024-07-14,storage rent paid,Punjab Chemicals,38546,0,-19005563,Cash,Rent
2024-07-14,Bought IBC tanks HTG Petro,Punjab Chemicals,474210,0,-5200883,Bank,Purchases - IBC Tanks
2024-07-14,Monthly warehouse rent,Bank Al Falah,76401,0,-9794652,Cash,Rent
2024-07-14,Steel drum procurement,Walk-in Customer,521169,0,-18724031,Cash,Purchases - Steel Drums
2024-07-14,Electricity bill,Local Supplier,7115,0,7723793,Cash,Utilities
2024-07-14,Plfastic drums delivered,Al-Baraka Bank,0,55546,-23542656,Bank,Sales - Plastic Drums
2024-07-14,Plastic drum procurement,Al-Baraka Bank,83974,0,-15828811,Cash,Purchases - Plastic Drums
2024-07-14,bought steel drums htg petro,Metro Traders,349893,0,-19473847,Cash,Purchases - Steel Drums
2024-07-14,Bank service charges,Walk-in oCustomer,2485,0,-3375989,Bank,Bank Charges
2024-07-15,Stationery purchase,walk-in customer,11765,0,-18444169,Bank,Office Supplies
2024-07-15,Drum repair materials,Regular Client,50471,0,-12895820,Cash,Refurbishing Costs
2024-07-15,Office furniture,HTG Petro,7905,0,-21720683,Cash,Office Supplies
2024-07-15,Reconditioning expense,tcs courier,64363,0,-2317557,Cash,Refurbishing Costs
2024-07-15,Purchaose IBC small tanks,Al-Baraka Bank,140212,0,-25654763,Bank,Purchases - IBC Tanks
2024-07-15,Purchase steel drums,TCS Courier,296564,0,5189159,Cash,Purchases - Steel Drums
2024-07-15,Steel drum sale,Regular Client,0,277243,-18525483,Bank,Sales - Steel Drums
2024-07-15,general gexpense,tacs courier,6926,0,-16519504,Cash,Miscellaneous
2024-07-15,Purchase plastic drums,Metro Traders,165707,0,-22799663,Cash,Purchases - Plastic Drums
2024-07-15,Stationery purchasue,HpTG Petro,5556,0,5100061,Cash,Office Supplies
2024-07-15,Purchase IBC small tanks,Pakistan Drums Co,528011,0,2713171,Cash,Purchases - IBC Tanks
2024-07-15,Refurbished drum sale,Punjab Chemicals,0,37086,-18496673,Bank,Sales - Refurbished Drums
2024-07-15,Refurbished steel drums invoice,Bank Al Falah,0,38831,-23278528,Bank,Sales - Refurbished Drums
2024-07-16,Sandblasting cost,TCS Courier,15297,0,-20390067,Bank,Refurbishing Costs
2024-07-16,Truck hire drums,Local Supplier,10200,0,-2548771,Cash,Freight & Conveyance
2024-07-16,Phonle bill,TCS Courier,6235,0,-23874674,Bank,Utilities
2024-07-16,Miscellaneous expense,Metro Traders,3609,0,-3716511,Cash,Miscellaneous
2024-07-16,Sold plastic drums,Al-Baraka Bank,0,134930,-18795778,Cash,Sales - Plastic Drums
2024-07-16,Purchase IBC small tanks,TCS Courier,169972,0,-3071559,Bank,Purchases - IBC Tanks
2024-07-16,Sundry chagrges,TCS Courier,7834,0,-20347187,Cash,Miscellaneous
2024-07-16,Paper stock,Bank Al Falah,12481,0,1075273,Cash,Office Supplies
2024-07-16,Customer IBC payment,City Freight,0,236763,-19738647,Cash,Sales - IBC Tanks
2024-07-16,Bank service charges,meezan bank,1258,0,-8855711,Bank,Bank Charges
2024-07-16,Online transfer fee,al-baraka bank,4273,0,-572860,Cash,Bank Charges
2024-07-17,Sold steel drums,M Ehtisham,0,678779,-18742832,Cash,Sales - Steel Drums
2024-07-17,General expense,Walk-in Customer,8711,0,-10317483,Bank,Miscellaneous
2024-07-17,Customer pickup steel drums,Al-Baraka Bank,0,876244,-17952342,Bank,Sales - Steel Drums
2024-07-17,Purchase IBC small tanks,City Freight,681794,0,7010949,Cash,Purchases - IBC Tanks
2024-07-17,Customer IBC payment,Metro Traders,0,568034,5931936,Cash,Sales - IBC Tanks
2024-07-17,Bought steel drums HTG Petro,fWalk-in Customer,484490,0,475945,Bank,Purchases - Steel Drums
2024-07-17,plastic drums received,Habib Bank,174660,0,-22583343,Bank,Purchases - Plastic Drums
2024-07-17,Bought plastic drums,TCS Courier,54618,0,-13365392,Bank,Purchases - Plastic Drums
2024-07-17,Internet bill,Habib Bank,19499,0,-8597457,Bank,Utilities
2024-07-17,Bank commission,Bank Alv Falah,1802,0,4183443,Cash,Bank Charges
2024-07-17,Drum refurbishing labour,City Freight,46205,0,-5565249,Cash,Refurbishing Costs
2024-07-17,Sundry charges,Al-Baraka Bank,7295,0,-25092053,Bank,Miscellaneous
2024-07-17,Invoice plastic drums,TCS Courier,0,110310,-23447336,Cash,Sales - Plastic Drums
2024-07-17,Steel drums dispatched,Habib Bank,0,642453,5049629,Cash,Sales - Steel Drums
2024-07-17,Online transfer fee,Meezan Bank,2690,0,-14889637,Cash,Bank Charges
2024-07-17,Delivery charges,htg petro,59387,0,-8124281,Bank,Freight & Conveyance
2024-07-17,Delivery charges,HTG Petro,49435,0,-19265686,Cash,Freight & Conveyance
2024-07-17,Bank service charges,M Ehtuisham,4539,0,-20081334,Cash,Bank Charges
2024-07-18,Cheque book charges,Metro Traders,3768,0,-22605865,Bank,Bank Charges
2024-07-18,Sold IBC tanks,Metro Traders,0,134572,3524825,Bank,Sales - IBC Tanks
2024-07-18,Intcernet bill,TCS Courier,3963,0,-21772488,Bank,Utilities
2024-07-18,Printer ink,Local Supplier,1507,0,-3239620,Bank,Office Supplies
2024-07-18,bought plastic drums,City Freight,97404,0,7308255,Bank,Purchases - Plastic Drums
2024-07-18,Refurbished drum sale,Meezan Bank,0,147066,-19197330,Cash,Sales - Refurbished Drums
2024-07-18,IBC tank sale,Habib Bank,0,512351,-21536428,Cash,Sales - IBC Tanks
2024-07-18,Steel drums received,Local Supplier,605164,0,-19233781,Cash,Purchases - Steel Drums
2024-07-19,Sundry charges,Regular Client,4086,0,-9941194,Bank,Miscellaneous
2024-07-19,Paint and coating drums,Regular Client,75578,0,-16173883,Bank,Refurbishing Costs
2024-07-19,Bought plastic drums,Habib Bank,140953,0,-21917799,Cash,Purchases - Plastic Drums
2024-07-19,Office furniture,M Ehtisham,11403,0,-20890149,Cash,Office Supplies
2024-07-19,Plastic drum sale,M Ehtisham,0,45375,-17054659,Bank,Sales - Plastic Drums
2024-07-19,Reconditioning expense,Al-Baraka Bank,42399,0,-22625742,Bank,Refurbishing Costs
2024-07-19,General expense,Punjab Chemicals,9554,0,-4103005,Cash,Miscellaneous
2024-07-19,Drum repair materials,Punjab Chemicals,13524,0,2559600,Bank,Refurbishing Costs
2024-07-19,Bought plastic drums,Bank Al Falah,69613,0,-22208870,Cash,Purchases - Plastic Drums
2024-07-19,Purchase IBC small tanks,Metro Traders,329799,0,2485499,Bank,Purchases - IBC Tanks
2024-07-19,ibc tank procurement,HTG Petgro,252855,0,-2800265,Bank,Purchases - IBC Tanks
2024-07-20,Purchase IBC small tanks,Walk-in Customer,506720,0,-22964530,Bank,Purchases - IBC Tanks
2024-07-20,hPaint and coating drums,TCS Courier,40231,0,1996001,Cash,Refurbishing Costs
2024-07-20,Painqt and coating drums,Punjab Chemicals,78174,0,4780420,Cash,Refurbishing Costs
2024-07-20,plastic drums delivered,Bank Al Falah,0,96804,5482941,Cash,Sales - Plastic Drums
2024-07-20,Plastic drumjs received,Punjab Chemicals,54829,0,-19321319,Cash,Purchases - Plastic Drums
2024-07-20,soldu reconditioned drums,HTG Petro,0,121578,-4935930,Bank,Sales - Refurbished Drums
2024-07-20,Bought IBC tanks HTG Petro,Punjab Chemicals,584763,0,8334589,Bank,Purchases - IBC Tanks
2024-07-20,Bought steel drums HTG Petro,Local Supplier,414945,0,-2204594,Cash,Purchases - Steel Drums
2024-07-20,Miscellaneous expense,Bank Al Falah,5200,0,-21243515,Cash,Miscellaneous
2024-07-20,Bank commission,Habib Bank,4818,0,5251745,Bank,Bank Charges
2024-07-20,Purchase IBC small tanks,TCS Courier,381789,0,-9765469,Bank,Purchases - IBC Tanks
2024-07-20,Printer ink,Al-Baraka Bank,14091,0,-22986872,Cash,Office Supplies
2024-07-20,drums conveyance,Punjab Chemicals,27062,0,214015,Cash,Freight & Conveyance
2024-07-20,Refurbished drum sale,Punjab Chemicals,0,49525,-10314176,Bank,Sales - Refurbished Drums
2024-07-20,Internet bill,HTG Petro,12637,0,-1952340,Cash,Utilities
2024-07-21,IBC small tank invoice,walk-in customer,0,617916,-16944867,Bank,Sales - IBC Tanks
2024-07-21,Sold plastic drums,HTG Petrfo,0,77269,-18648161,Bank,Sales - Plastic Drums
2024-07-21,Plastic drums delivered,Habib Bank,0,99378,-5101505,Cash,Sales - Plastic Drums
2024-07-21,Petty cash expense,Punjab Chemicals,7221,0,-8426581,Cash,Miscellaneous
2024-07-21,Electricity bill,tcs courier,12199,0,-3174489,Cash,Utilities
2024-07-21,Godown rent,Al-Baraka Bank,27563,0,-18831522,Cash,Rent
2024-07-21,Steel drum salqe,Metro Traders,0,613111,686148,Bank,Sales - Steel Drums
2024-07-21,Gas charges,Pakistan Drums Co,12160,0,-24624764,Bank,Utilities
2024-07-21,Refurbished drum sale,bPunjab Chemicals,0,55437,-6699891,Cash,Sales - Refurbished Drums
2024-07-21,Transport expense,Metro Traders,30905,0,-6743203,Cash,Freight & Conveyance
2024-07-22,Petty cash expense,Al-Baraka uBank,4572,0,-21693148,Bank,Miscellaneous
2024-07-22,Customer pickup steel drums,Punjab Chemicals,0,727474,-5585523,Bank,Sales - Steel Drums
2024-07-22,Plastic drums received,Al-Baraka Bank,49592,0,-21094647,Bank,Purchases - Plastic Drums
2024-07-22,Steel drums dispatched,TCS Courier,0,241021,-7276167,Cash,Sales - Steel Drums
2024-07-22,Plastic drums received,Habib Bank,184838,0,-10902392,Bank,Purchases - Plastic Drums
2024-07-22,Steel drums received,Local Supplier,108278,0,-21002258,Cash,Purchases - Steel Drums
2024-07-22,Sold reconditioned drums,M Ehtisham,0,131075,-19072048,Cash,Sales - Refurbished Drums
2024-07-22,Plastic drum procurement,Metlro Traders,38730,0,-24371656,Cash,Purchases - Plastic Drums
2024-07-22,gas charges,Walk-in Customer,17123,0,7760460,Cash,Utilities
2024-07-22,Notebook order,meezsan bank,13617,0,-19290148,Cash,Office Supplies
2024-07-22,Invoice plasstic drums,Local Supplier,0,99518,-10524819,Cash,Sales - Plastic Drums
2024-07-22,Purchase steel drums,Al-Baraka Bank,603816,0,-17464491,Bank,Purchases - Steel Drums
2024-07-22,bank commission,Meezan Bank,1150,0,-4508567,Bank,Bank Charges
2024-07-23,Purchase IBC small tanks,Al-Baraka Bank,86814,0,810764,Cash,Purchases - IBC Tanks
2024-07-23,Invoice plastic drums,Al-Baraka Bank,0,141906,2562169,Cash,Sales - Plastic Drums
2024-07-23,sundry charges,Local Supyplier,6014,0,-9664688,Bank,Miscellaneous
2024-07-23,Cheque book charges,al-baraka bank,3990,0,-10845951,Bank,Bank Charges
2024-07-23,Bought plastic drums,Metro Traders,32058,0,-5626826,Cash,Purchases - Plastic Drums
2024-07-23,IBC small tank invoice,Meezan Bank,0,708081,1058686,Cash,Sales - IBC Tanks
2024-07-23,Steel drums received,Meezan Bank,843248,0,-25240901,Cash,Purchases - Steel Drums
2024-07-23,IBC small tank invoice,Habifb Bank,0,193095,-19783886,Bank,Sales - IBC Tanks
2024-07-23,Bought steel drums HTG Petro,Metro Traderfs,108470,0,-23103785,Cash,Purchases - Steel Drums
2024-07-24,Steel drum procurement,tcs courier,44675,0,-21436939,Bank,Purchases - Steel Drums
2024-07-24,Notebook order,Local Supplier,2900,0,-22278024,Bank,Office Supplies
2024-07-24,Invoice plastic drums,punjab chemicals,0,160404,-20734864,Cash,Sales - Plastic Drums
2024-07-24,Bought plastic drums,Punjab Chemicals,135907,0,8396253,Cash,Purchases - Plastic Drums
2024-07-24,Internet bill,Walk-in Customer,17812,0,-4885060,Cash,Utilities
2024-07-24,plastic drums delivered,rHTG Petro,0,85914,-209620,Cash,Sales - Plastic Drums
2024-07-24,Plastic drums received,cifty freight,149124,0,-25068442,Bank,Purchases - Plastic Drums
2024-07-24,Notebook order,M Ehtisham,10059,0,-21605297,Bank,Office Supplies
2024-07-24,Purchase IBC small tanks,TCS Courier,656684,0,-969056,Cash,Purchases - IBC Tanks
2024-07-24,Monthly warehouse rent,Metro Traders,34120,0,-8531820,Bank,Rent
2024-07-24,Sold steel drums,local supplier,0,79266,-18737826,Bank,Sales - Steel Drums
2024-07-24,Sold steel drums,Habib Bank,0,620744,-20503729,Cash,Sales - Steel Drums
2024-07-25,IBC smalil tank invoice,Pakistan Drums Co,0,138399,6762076,Bank,Sales - IBC Tanks
2024-07-25,General expense,M Ehtisham,8400,0,-20394797,Cash,Miscellaneous
2024-07-25,Drum repair matedrials,Regular Client,59177,0,-19272101,Bank,Refurbishing Costs
2024-07-25,Sold steel drums,Walk-in Customer,0,657507,-25178271,Bank,Sales - Steel Drums
2024-07-25,Delivery charges,Punjab Chemicals,48065,0,-6574353,Cash,Freight & Conveyance
2024-07-25,Purchase steel drums,M Ehtisham,814133,0,-395919,Bank,Purchases - Steel Drums
2024-07-25,drums conveyance,Metro Traders,24158,0,-18557474,Cash,Freight & Conveyance
2024-07-25,Purchase IBC small tanks,Meezan Bank,86115,0,-18020164,Cash,Purchases - IBC Tanks
2024-07-25,Delivery charges,al-baraka bank,19401,0,4228679,Bank,Freight & Conveyance
2024-07-25,Purchase IBC small tanks,punjabw chemicals,276852,0,-8001063,Cash,Purchases - IBC Tanks
2024-07-25,Reconditioning expense,TCS Courier,55067,0,-19427592,Cash,Refurbishing Costs
2024-07-25,Reconditioning expense,HTG Petro,12875,0,-10196879,Cash,Refurbishing Costs
2024-07-25,Rewconditioning expense,Metro Traders,73779,0,-22043549,Cash,Refurbishing Costs
2024-07-25,Stationery purchase,Pakistan Drums Co,5676,0,-19029043,Bank,Office Supplies
2024-07-25,Miscellaneous expense,Habib Bank,3222,0,-24248627,Bank,Miscellaneous
2024-07-25,kMiscellaneous expense,Meezan Bank,4781,0,-24619414,Cash,Miscellaneous
2024-07-25,Drums conveyance,Metro Tradelrs,33316,0,-24099951,Cash,Freight & Conveyance
2024-07-25,Purchase steel drums,Bagnk Al Falah,845631,0,-18797973,Bank,Purchases - Steel Drums
2024-07-25,stationery purchase,HTG Petro,6713,0,-21676814,Bank,Office Supplies
2024-07-25,sold plastict drums,Al-Baraka Bank,0,68555,6429508,Cash,Sales - Plastic Drums
2024-07-25,Bought steel drums HTG Petro,Pakistan Drums Co,654176,0,-3271736,Cash,Purchases - Steel Drums
2024-07-25,delivery charges,Punjab Chemicals,42675,0,-8474266,Bank,Freight & Conveyance
2024-07-25,Steel drum procurement,Meezan Bank,408531,0,-23454503,Cash,Purchases - Steel Drums
2024-07-25,Sold reconditioned drums,M Ehtisham,0,22931,-6703964,Cash,Sales - Refurbished Drums
2024-07-26,Miscellaneous expense,tcs courier,5615,0,-22575959,Cash,Miscellaneous
2024-07-26,Drum refurbishing labour,Pakistan Drums Co,21543,0,-11810164,Cash,Refurbishing Costs
2024-07-26,Truck hire drums,metezan bank,35785,0,170350,Bank,Freight & Conveyance
2024-07-26,Bought steel drums HTG Petro,TCS Courier,533598,0,-9045821,Bank,Purchases - Steel Drums
2024-07-26,Petty cash expense,pakistan drums co,5303,0,-10489330,Cash,Miscellaneous
2024-07-26,Sandblasting cost,Habib Bank,32103,0,-17557030,Bank,Refurbishing Costs
2024-07-26,Sold reconditioned drums,Habib Bank,0,88189,5160871,Bank,Sales - Refurbished Drums
2024-07-26,Bought steel drums HTG Petro,HTG Petro,474729,0,-19558260,Bank,Purchases - Steel Drums
2024-07-26,Steel drum sale,Metro Traders,0,872971,-19970921,Bank,Sales - Steel Drums
2024-07-26,reconditioned barrel sale,Metro Traders,0,93999,7692743,Bank,Sales - Refurbished Drums
2024-07-26,prrinter ink,bank al falah,11728,0,-23917447,Bank,Office Supplies
2024-07-26,Printer ink,Pakistan Drums Co,14967,0,-19410892,Cash,Office Supplies
2024-07-27,Refurbished drum sale,M Ehtisham,0,90614,-9829771,Cash,Sales - Refurbished Drums
2024-07-27,Petty cash expense,Metro Traders,4687,0,-10699508,Cash,Miscellaneous
2024-07-27,General expense,Regular Client,5995,0,-20543651,Cash,Miscellaneous
2024-07-27,Sold steel drums,Punjab Chemicals,0,611823,-23496857,Cash,Sales - Steel Drums
2024-07-27,sold reconditioned drums,TCS Courier,0,71615,-20028414,Bank,Sales - Refurbished Drums
2024-07-27,Cjustomer IBC payment,punjab chemicals,0,537842,-19089257,Cash,Sales - IBC Tanks
2024-07-27,Bank service charges,Pakistan Drums Co,679,0,-14814263,Cash,Bank Charges
2024-07-27,Printer ink,Punjab Chemicals,4222,0,-5571986,Bank,Office Supplies
2024-07-28,Plastic drum sale,Regular Client,0,128768,-9901543,Bank,Sales - Plastic Drums
2024-07-28,Purchase IBC small tanks,Local Supplier,151859,0,-18974674,Cash,Purchases - IBC Tanks
2024-07-28,Invoice plastic drums,Pakistan Drums Co,0,155432,-19348387,Cash,Sales - Plastic Drums
2024-07-28,Purchase plastic drums,Al-Baraka Bank,121958,0,7319151,Cash,Purchases - Plastic Drums
2024-07-28,Phone bill,Metro Traders,18925,0,5391022,Bank,Utilities
2024-07-28,Paint and coating drums,Al-Baraka Bank,64049,0,-20833583,Bank,Refurbishing Costs
2024-07-28,Bought plastic drums,Pakistan Drums Co,105793,0,4138518,Cash,Purchases - Plastic Drums
2024-07-28,Plastic drums delivered,Local Supplier,0,172174,8067249,Cash,Sales - Plastic Drums
2024-07-28,Cheque book charges,City Freight,2191,0,-13941259,Cash,Bank Charges
2024-07-28,Gas charges,Punjab Chemicals,6017,0,-681372,Bank,Utilities
2024-07-28,Stationery purchase,Walk-in Customer,1401,0,-20769534,Bank,Office Supplies
2024-07-28,Drum repair materials,Al-Baraka Bank,33104,0,-19051417,Cash,Refurbishing Costs
2024-07-28,Truck hire drums,Alt-Baraka Bank,32184,0,-20120534,Cash,Freight & Conveyance
2024-07-28,Invoice steel drums,City Freight,0,369154,-23718578,Bank,Sales - Steel Drums
2024-07-29,purchase steel drums,Pakistan Drums Co,652613,0,-4038328,Cash,Purchases - Steel Drums
2024-07-29,Bought IBC tanks HTG Petro,Metro Traders,379738,0,-20007345,Bank,Purchases - IBC Tanks
2024-07-29,Office furniture,Metro Traders,1106,0,-3209082,Cash,Office Supplies
2024-07-29,purchase plastic drums,pakistan drums co,135455,0,-21337469,Bank,Purchases - Plastic Drums
2024-07-29,Stationery purchase,Walk-in Customer,1567,0,-23545750,Bank,Office Supplies
2024-07-29,Steel drums received,Punjab Chemicals,52120,0,-22014190,Cash,Purchases - Steel Drums
2024-07-29,Sold IBC tanks,Alb-Baraka Bank,0,407602,6043167,Cash,Sales - IBC Tanks
2024-07-29,Paper stock,City Freight,11460,0,-21112537,Cash,Office Supplies
2024-07-29,Online transfer fee,Pakistan Drums Co,561,0,-21875743,Bank,Bank Charges
2024-07-30,Purchase IBC small tanks,HTG Petro,559663,0,-4144697,Cash,Purchases - IBC Tanks
2024-07-30,Invoice steel drums,Bank Al Falah,0,80109,-24811082,Bank,Sales - Steel Drums
2024-07-30,Sold plastic drums,Metro Traders,0,64619,-22920413,Bank,Sales - Plastic Drums
2024-07-30,IBC tanks received bill,tcs courier,491592,0,2413417,Bank,Purchases - IBC Tanks
2024-07-30,Online transfer fee,Walk-in Customer,3120,0,-11746964,Bank,Bank Charges
2024-07-30,Sold steel drums,Pakistan Drums Co,0,715871,-14135567,Cash,Sales - Steel Drums
2024-07-30,Freight charges,Punjab Chemicals,20455,0,-22890576,Cash,Freight & Conveyance
2024-07-30,IBCz tanks received bill,Punjab Chemicals,355267,0,-13484082,Cash,Purchases - IBC Tanks
2024-07-30,Steel drums dispatched,Local Supplkier,0,647062,-18646113,Cash,Sales - Steel Drums
2024-07-30,Notebook order,City Freight,14598,0,-18658986,Bank,Office Supplies
2024-07-30,Bought IBC tanks HTG Petro,al-baraka bank,609828,0,-19221807,Bank,Purchases - IBC Tanks
2024-07-30,sundry charges,Punjab Chemicals,6012,0,7618694,Bank,Miscellaneous
2024-07-30,Godown rent,City Freight,23377,0,-13155978,Bank,Rent
2024-07-30,Gas charges,M Ehtisham,7753,0,-21773044,Cash,Utilities
2024-07-30,Notebook order,Walk-in Customer,13531,0,-15480114,Bank,Office Supplies
2024-07-31,Water bill,Metro Traders,18262,0,7954871,Bank,Utilities
2024-07-31,Purchase plastic drums,Habib Bank,32297,0,-20489263,Cash,Purchases - Plastic Drums
2024-07-31,Online transfcer fee,Alg-Baraka Bank,520,0,137192,Cash,Bank Charges
2024-07-31,Paper stock,Punjab Chemicals,11622,0,321553,Cash,Office Supplies
2024-07-31,Bought steel drums HjTG Petro,regular client,241844,0,-23016324,Cash,Purchases - Steel Drums
2024-07-31,Office furniture,HTG Petro,14520,0,-10643224,Cash,Office Supplies
2024-07-31,Invoice steel drums,City Freight,0,856279,-10561549,Cash,Sales - Steel Drums
2024-07-31,Bank service charges,Local Supplier,4538,0,-12703573,Bank,Bank Charges
2024-07-31,Shop rent,Bank Al Falah,78370,0,-10363701,Cash,Rent
2024-07-31,Stationery purchase,meezan bank,10640,0,-18935615,Cash,Office Supplies
2024-07-31,Drum repair materials,Meezan Bank,17360,0,-9937117,Cash,Refurbishing Costs
2024-07-31,Reconditioning expense,Walk-in Customer,5955,0,-20995974,Bank,Refurbishing Costs
2024-07-31,Sandblasting cost,Bank Al Falah,27364,0,-21632661,Bank,Refurbishing Costs
2024-07-31,Cheque book charges,TCS eCourier,1481,0,-661335,Cash,Bank Charges
2024-07-31,Sold steel drums,Meezan Bank,0,385624,-19789446,Cash,Sales - Steel Drums
2024-07-31,Gas charges,Pakistan Drums Co,4512,0,7005971,Bank,Utilities
2024-07-31,Cheque book charges,Metro Traders,2024,0,-7278191,Cash,Bank Charges
2024-08-01,Notebook order,Meezan Bank,13836,0,-736041,Cash,Office Supplies
2024-08-01,Invoice steel drums,al-baraka bank,0,870125,-10038070,Bank,Sales - Steel Drums
2024-08-01,Petty cash expense,HTG Petro,5538,0,-390456,Bank,Miscellaneous
2024-08-01,Godowrn rent,Regular Client,61696,0,-3299961,Bank,Rent
2024-08-01,Sold plastic drums,City Freight,0,70339,-4050508,Bank,Sales - Plastic Drums
2024-08-01,Shop rent,Al-Baraka Bank,26337,0,-13182315,Bank,Rent
2024-08-01,Reconditioning expense,Bank Al Falah,24509,0,4316789,Bank,Refurbishing Costs
2024-08-01,Reconditioning expense,Meezan Bank,76011,0,-9638257,Cash,Refurbishing Costs
2024-08-01,Monthly warehouse rent,Pakistan Drums Co,50148,0,-11949971,Bank,Rent
2024-08-01,Bought steel drums HTG Petro,M Ehtishapm,573064,0,-746784,Bank,Purchases - Steel Drums
2024-08-01,Steel drums dispatched,TCS Courier,0,829771,-1157176,Bank,Sales - Steel Drums
2024-08-01,Transport expense,Waltk-in Customer,58947,0,-15502286,Bank,Freight & Conveyance
2024-08-01,Internet bill,Metro Traders,12642,0,-15413793,Cash,Utilities
2024-08-01,Electricity bill,TCS Courier,16585,0,-2332646,Bank,Utilities
2024-08-02,Godown rent,Punjab Chemicalgs,35246,0,-20860437,Cash,Rent
2024-08-02,Drums conveyance,Regular Client,48311,0,-19340300,Cash,Freight & Conveyance
2024-08-02,Purchagse plastic drums,City Freight,81929,0,-9986066,Bank,Purchases - Plastic Drums
2024-08-02,Online transfer fee,Al-Baraka Bank,583,0,-20782065,Cash,Bank Charges
2024-08-02,Bank commission,M Ehtisham,1038,0,-19160513,Cash,Bank Charges
2024-08-02,Bought plastic drums,Punjab Chemicals,163716,0,-21127939,Cash,Purchases - Plastic Drums
2024-08-02,Water bill,Pakistan Drums Co,11964,0,-5090426,Bank,Utilities
2024-08-02,Bank commission,TCS Courier,3867,0,-21136483,Bank,Bank Charges
2024-08-02,Purchase plastic drums,Pakistan Drums Co,171327,0,-24442056,Cash,Purchases - Plastic Drums
2024-08-02,Plastic drums delivered,Bank Al Falah,0,141669,6091341,Cash,Sales - Plastic Drums
2024-08-02,sold reconditioned drums,regular client,0,106440,-21634334,Bank,Sales - Refurbished Drums
2024-08-02,Eflectricity bill,Regular Client,5626,0,-9999871,Bank,Utilities
2024-08-02,Purchase steel drums,metro traders,612851,0,-10917786,Bank,Purchases - Steel Drums
2024-08-02,Bought IBC tanks HTG Petro,Habirb Bank,138556,0,8107487,Cash,Purchases - IBC Tanks
2024-08-03,Water bill,Local Supplier,18722,0,-19961679,Bank,Utilities
2024-08-03,Refurbishged steel drums invoice,Local Supplier,0,117736,-15781318,Cash,Sales - Refurbished Drums
2024-08-03,Steel drum procurement,Punjab Chemicals,741332,0,-18967017,Cash,Purchases - Steel Drums
2024-08-03,IBC tanks received bill,al-baraka bank,309398,0,-7254213,Bank,Purchases - IBC Tanks
2024-08-03,Bought stoeel drums HTG Petro,Punjab Chemicals,447050,0,-7701263,Bank,Purchases - Steel Drums
2024-08-03,IBC tank csale,Regular Client,0,567404,-6989210,Bank,Sales - IBC Tanks
2024-08-03,IBC tanks received bill,Pakistan Drudms Co,200940,0,-25858289,Bank,Purchases - IBC Tanks
2024-08-03,Sundry charges,Pakistan Drums Co,6230,0,-2122679,Bank,Miscellaneous
2024-08-03,plastic drums received,Pakistan Drumsd Co,98810,0,-23017932,Cash,Purchases - Plastic Drums
2024-08-03,Sundry charges,HTvG Petro,8037,0,5933509,Bank,Miscellaneous
2024-08-03,frefurbished drum sale,TCS Courier,0,111571,-22449773,Bank,Sales - Refurbished Drums
2024-08-03,Steel drums received,Habib Bank,476791,0,-8974364,Bank,Purchases - Steel Drums
2024-08-04,Notebook order,Habib Bank,8485,0,-21966617,Bank,Office Supplies
2024-08-04,Invoice plastic drums,Meezan Bank,0,45766,-10717903,Bank,Sales - Plastic Drums
2024-08-04,Plastic drum savle,Pakistan Drums Co,0,168729,-845603,Bank,Sales - Plastic Drums
2024-08-04,IBC tank sale,M Ehtisham,0,584762,-11330741,Cash,Sales - IBC Tanks
2024-08-04,Bank commission,Locsal Supplier,3148,0,-5016926,Cash,Bank Charges
2024-08-04,Plastic drums delivered,Al-Baraka Bank,0,97332,-14229626,Bank,Sales - Plastic Drums
2024-08-04,Phone bill,Metro Traders,3009,0,2905009,Cash,Utilities
2024-08-04,Sold plastic drums,TCS lCourier,0,73931,-20884461,Bank,Sales - Plastic Drums
2024-08-04,Sundry charges,Punjab Chemicals,3550,0,-22228639,Cash,Miscellaneous
2024-08-04,Sold reconditioned drums,Meezan Bank,0,71238,7159565,Bank,Sales - Refurbished Drums
2024-08-04,Bought plastic drums,Regular Client,113636,0,-6700991,Bank,Purchases - Plastic Drums
2024-08-04,Notebook order,Regdular Client,4935,0,-13656506,Bank,Office Supplies
2024-08-05,Reconditioned barrel sale,Bank Al Falah,0,79596,-17497052,Cash,Sales - Refurbished Drums
2024-08-05,Freight charges,Punjab Cahemicals,40708,0,-20992538,Cash,Freight & Conveyance
2024-08-05,Bought plastic drums,Al-Barakaj Bank,162642,0,-10049996,Cash,Purchases - Plastic Drums
2024-08-05,IBC tank procurement,Metro Traders,171429,0,-3012651,Cash,Purchases - IBC Tanks
2024-08-05,Online transfer fee,Punjab Chemicals,2229,0,-6999,Cash,Bank Charges
2024-08-05,Customer payment plastic drums,Punjab Chemicals,0,182856,2934770,Bank,Sales - Plastic Drums
2024-08-05,Cheque book charges,Habib Bank,1180,0,5663198,Bank,Bank Charges
2024-08-05,Bank commission,Bank Al Falah,2095,0,-19060647,Bank,Bank Charges
2024-08-05,Drums conveyance,Walk-in Customer,8790,0,359919,Cash,Freight & Conveyance
2024-08-05,General expense,Habib Bank,8058,0,-10661600,Cash,Miscellaneous
2024-08-05,Drum repair materials,TCS Courier,28831,0,2853687,Bank,Refurbishing Costs
2024-08-05,Invoice steel drums,City Freight,0,722791,-21808903,Bank,Sales - Steel Drums
2024-08-05,Plastic drums received,Walk-in Customer,197162,0,-10017813,Cash,Purchases - Plastic Drums
2024-08-05,Drum refurbishing labour,Pakistan Drums Co,71038,0,-21467961,Bank,Refurbishing Costs
2024-08-05,ibc tank procurement,TCS Courier,219178,0,-3236878,Cash,Purchases - IBC Tanks
2024-08-05,Refurbished drum sale,Metro Traders,0,27190,-22182638,Bank,Sales - Refurbished Drums
2024-08-05,Customer pickup steel drums,HTGs Petro,0,565840,-15262971,Cash,Sales - Steel Drums
2024-08-05,IBC tank procurement,City Freight,319839,0,-22406522,Cash,Purchases - IBC Tanks
2024-08-06,Delivery charges,TCS Courier,24847,0,-22995315,Cash,Freight & Conveyance
2024-08-06,Storage remnt paid,Bank Al Falah,51172,0,-18323547,Bank,Rent
2024-08-06,Plastic drum sale,Punjab Chemicals,0,187645,-18452899,Cash,Sales - Plastic Drums
2024-08-06,IBC tank procurement,Metro Traders,551087,0,-24066635,Cash,Purchases - IBC Tanks
2024-08-06,Godown rent,Meezan Bank,66113,0,-18623587,Cash,Rent
2024-08-06,Gas charges,Local Supplier,11620,0,-21020826,Cash,Utilities
2024-08-06,Customer IBC payment,city freight,0,352558,-15990293,Bank,Sales - IBC Tanks
2024-08-06,IBC tank procurement,HTG Petro,121222,0,-12357085,Cash,Purchases - IBC Tanks
2024-08-06,Bought plastic drums,City Freight,38676,0,-18974660,Bank,Purchases - Plastic Drums
2024-08-06,Steelk drum sale,Habib Bank,0,646718,-18295389,Bank,Sales - Steel Drums
2024-08-06,Petty cash expense,Punjab Chemicals,6426,0,-23759211,Bank,Miscellaneous
2024-08-06,Delivery charges,M Ehtisham,50494,0,1573669,Cash,Freight & Conveyance
2024-08-06,Bank service charges,M Ehtisham,3556,0,-22310895,Cash,Bank Charges
2024-08-06,Reconditioned barrel sale,TCS Courier,0,107927,-21436210,Cash,Sales - Refurbished Drums
2024-08-07,Purchase plastic drums,City Freight,51072,0,-3311758,Cash,Purchases - Plastic Drums
2024-08-07,Bank sdervice charges,Al-Baraka Bank,3293,0,-1720876,Cash,Bank Charges
2024-08-07,sold plastic drums,TCS Cosurier,0,114250,27693,Cash,Sales - Plastic Drums
2024-08-07,Steel drum sale,Al-Baraka Bank,0,229207,-5942589,Cash,Sales - Steel Drums
2024-08-07,Online transfer fee,Habib Bank,1997,0,8268949,Bank,Bank Charges
2024-08-07,Storage rent paid,HTG Petro,30925,0,106267,Bank,Rent
2024-08-07,IxBC tanks dispatched,Pakistan Drums Co,0,563032,981038,Cash,Sales - IBC Tanks
2024-08-07,Cheque book charges,Al-Baraka Bank,2474,0,-5406593,Cash,Bank Charges
2024-08-07,Paper stock,Pakistan Drums Co,2069,0,4857666,Bank,Office Supplies
2024-08-07,Sold reconditioned drums,M Ehtisham,0,31761,-13536898,Bank,Sales - Refurbished Drums
2024-08-07,Bought plastic drums,Meezan Bank,189432,0,-19411239,Bank,Purchases - Plastic Drums
2024-08-07,Refurbished steel drums invoice,Punjab Chemicals,0,119379,-9821815,Cash,Sales - Refurbished Drums
2024-08-07,Bought steel drums HTG Petro,Bank Al Falah,196955,0,-24620536,Bank,Purchases - Steel Drums
2024-08-07,Bought steel drums HTG Petro,Regular Client,785446,0,-22419780,Bank,Purchases - Steel Drums
2024-08-07,Customer payment plastic drums,Pakistan Drums Co,0,169309,-18183909,Bank,Sales - Plastic Drums
2024-08-07,Office rent,Meezan Bank,70112,0,-14842357,Cash,Rent
2024-08-07,Refurbished drum sale,Al-Baraka Bank,0,109358,-20370867,Cash,Sales - Refurbished Drums
2024-08-08,Bought steel drums HTG Petro,Punjabq Chemicals,433688,0,-15395437,Bank,Purchases - Steel Drums
2024-08-08,Refurbished drum sale,Punjab Chemicals,0,133037,351350,Cash,Sales - Refurbished Drums
2024-08-08,Drum refurbishing labour,Bank Al Falah,39977,0,6023711,Bank,Refurbishing Costs
2024-08-08,Recondiytioned barrel sale,HTG Petro,0,60487,-19374848,Cash,Sales - Refurbished Drums
2024-08-08,Purchase steel drums,Bank Al Falah,543993,0,-14727410,Cash,Purchases - Steel Drums
2024-08-08,Online transfber fee,Al-Baraka Bank,505,0,-5449918,Bank,Bank Charges
2024-08-08,IBC tanks dispatched,HTG Petro,0,797203,-22625734,Bank,Sales - IBC Tanks
2024-08-08,Reconditioning expense,regular client,34519,0,498309,Bank,Refurbishing Costs
2024-08-08,Phone bill,Avl-Baraka Bank,18936,0,-21684667,Cash,Utilities
2024-08-08,Sandblasting cost,Walk-in Customer,21055,0,800363,Bank,Refurbishing Costs
2024-08-08,Purchase plastic drums,Local Supplier,127864,0,-19515576,Bank,Purchases - Plastic Drums
2024-08-08,refurbished steel drums invoizce,Local Supplier,0,98430,-26064368,Cash,Sales - Refurbished Drums
2024-08-09,Godown rent,Meezan Bank,78777,0,-21071315,Cash,Rent
2024-08-09,Papeqr stock,TCS Courier,13850,0,-10416628,Cash,Office Supplies
2024-08-09,Office furniture,Bank Al Falah,9610,0,-20730024,Bank,Office Supplies
2024-08-09,Gas chamrges,Bank Al Falah,13659,0,-9448511,Bank,Utilities
2024-08-09,Bank commission,TCS Courier,2673,0,-4328663,Cash,Bank Charges
2024-08-09,Paint and coatilng drums,M Ehtisham,46673,0,-6432545,Cash,Refurbishing Costs
2024-08-09,Delivery charges,M Ehtisham,27549,0,1493698,Bank,Freight & Conveyance
2024-08-09,Delivery charges,M Ehtisham,9511,0,-14874242,Bank,Freight & Conveyance
2024-08-09,Office rent,HTG Petro,65445,0,-21310103,Cash,Rent
2024-08-09,Customer pickup steel drums,TCS Courier,0,231053,-17233438,Bank,Sales - Steel Drums
2024-08-09,Electricity bill,Habib Bank,7385,0,6035782,Bank,Utilities
2024-08-09,Plastic drums delivered,Meerzan Bank,0,43246,-19637153,Bank,Sales - Plastic Drums
2024-08-09,Bought IBC tanks HTG Petro,al-baraka bank,600509,0,-21396309,Cash,Purchases - IBC Tanks
2024-08-09,Miscellaneous expense,Metro Traders,604,0,-13757111,Bank,Miscellaneous
2024-08-10,general expense,Walk-in Customer,3586,0,6409310,Bank,Miscellaneous
2024-08-10,truck hire drums,TCS Courier,34234,0,-10394461,Cash,Freight & Conveyance
2024-08-10,Steel drums received,Meezan Bank,519871,0,-6032851,Bank,Purchases - Steel Drums
2024-08-10,Plastic drum procurement,m ehtisham,101012,0,-21917719,Bank,Purchases - Plastic Drums
2024-08-10,Freight charges,City Freight,17709,0,-23855401,Bank,Freight & Conveyance
2024-08-10,Steel drums received,punjab chemicals,296277,0,-22306001,Cash,Purchases - Steel Drums
2024-08-10,Online transfer fee,bank al falah,520,0,-14726131,Bank,Bank Charges
2024-08-10,Drum refurbishing labour,Meezan Bank,58150,0,-24087732,Bank,Refurbishing Costs
2024-08-10,Steel drums received,Local Supplier,388531,0,-21382858,Bank,Purchases - Steel Drums
2024-08-11,Purchase plastic drums,Al-Baraka Bank,86733,0,207994,Bank,Purchases - Plastic Drums
2024-08-11,Phone bill,Walqk-in Customer,3981,0,-24120928,Cash,Utilities
2024-08-11,Miscellaneous expense,Punjab Chemicals,514,0,396400,Cash,Miscellaneous
2024-08-11,Phone bill,City Freight,14382,0,-1105562,Bank,Utilities
2024-08-11,IBC tanks received bill,M Ehtishazm,491864,0,-19475201,Cash,Purchases - IBC Tanks
2024-08-11,Monthly warehouse rent,Al-Baraka Bqank,64744,0,2302636,Cash,Rent
2024-08-11,Bnank commission,Pakistan Drums Co,2137,0,4614275,Cash,Bank Charges
2024-08-11,Water bill,Habib Bank,7694,0,-19061599,Cash,Utilities
2024-08-11,Printer ink,mMeezan Bank,14096,0,-10285331,Cash,Office Supplies
2024-08-11,Steel drum procurement,TCS Courier,158184,0,238216,Cash,Purchases - Steel Drums
2024-08-11,IBC tanks received baill,City Freight,282561,0,-22750184,Bank,Purchases - IBC Tanks
2024-08-11,steel drums received,Punjab Chemicals,618717,0,-25003495,Cash,Purchases - Steel Drums
2024-08-11,Customer IBC payment,Local Supplier,0,672486,-21765291,Bank,Sales - IBC Tanks
2024-08-11,internet bill,M Ehtisham,18446,0,-3533172,Bank,Utilities
2024-08-11,Purchase IBC small tanks,yMeezan Bank,699418,0,-20386743,Cash,Purchases - IBC Tanks
2024-08-11,Customer payment plastic drums,Local Supplier,0,174015,503188,Cash,Sales - Plastic Drums
2024-08-11,Paint and coating drums,pakistan drums co,26268,0,-4977303,Cash,Refurbishing Costs
2024-08-12,Bought steel drums HTG Petro,Meezan Bank,431128,0,4464645,Bank,Purchases - Steel Drums
2024-08-12,Refurbished drum sale,TCS Courier,0,72515,-678466,Bank,Sales - Refurbished Drums
2024-08-12,IBC tanks dispatched,City Freight,0,689864,-25011375,Cash,Sales - IBC Tanks
2024-08-12,Shop rent,Local Supplier,36827,0,426587,Bank,Rent
2024-08-12,Purchase steel drums,Al-Baraka Bank,679795,0,301243,Cash,Purchases - Steel Drums
2024-08-12,Reconditioning expense,M Ehtisham,9464,0,6589619,Bank,Refurbishing Costs
2024-08-12,Customer payment plastic drums,M Ehtisham,0,138631,-10199036,Cash,Sales - Plastic Drums
2024-08-12,Gas charges,Punjab Chemicals,6173,0,-19690676,Bank,Utilities
2024-08-12,Phone bill,Metro Traders,2867,0,-18628617,Cash,Utilities
2024-08-12,Printer ink,M Ehtisham,12993,0,-22531694,Bank,Office Supplies
2024-08-13,Bought plastic drums,Habib Bank,153722,0,6578272,Bank,Purchases - Plastic Drums
2024-08-13,Phone bill,habib bank,16738,0,385013,Cash,Utilities
2024-08-13,Notebook order,TCS Courier,10685,0,8453858,Cash,Office Supplies
2024-08-13,Truck hire drums,Al-Baraka Bank,24152,0,-17460279,Cash,Freight & Conveyance
2024-08-13,Reconditioned barrel sale,Mentro Traders,0,50076,-19491378,Bank,Sales - Refurbished Drums
2024-08-13,IBC tank procurement,Punjab Chemicals,253104,0,-10082132,Cash,Purchases - IBC Tanks
2024-08-13,Petty cash expense,TCS Csourier,3603,0,-5926014,Cash,Miscellaneous
2024-08-13,Sandblasting cost,Habib Bank,46827,0,-14393545,Bank,Refurbishing Costs
2024-08-13,Bougrht plastic drums,Walk-in Customer,194499,0,295361,Cash,Purchases - Plastic Drums
2024-08-13,Purchase steel drums,Bank Al Falah,677613,0,-19327746,Bank,Purchases - Steel Drums
2024-08-13,Storage rent paid,Punjab Chemicals,22481,0,4035792,Bank,Rent
2024-08-13,Gas chargees,City Frceight,12001,0,-993420,Cash,Utilities
2024-08-13,invoice steel drums,Habib Bank,0,712581,-18931918,Bank,Sales - Steel Drums
2024-08-13,Sold IBC tanks,pakistan drums co,0,446563,-20804760,Bank,Sales - IBC Tanks
2024-08-13,Drum refurbishing labour,Meezan Bank,11519,0,-19440888,Bank,Refurbishing Costs
2024-08-14,Customer pickupn steel drums,HzTG Petro,0,90725,-2825407,Bank,Sales - Steel Drums
2024-08-14,Freight charges,Habib Bank,41138,0,-3259394,Bank,Freight & Conveyance
2024-08-14,IBC tanks dispatched,Metro Traders,0,757201,-22496308,Bank,Sales - IBC Tanks
2024-08-14,Purchase IBC small tanks,Bank Abl Falah,436099,0,-17183223,Cash,Purchases - IBC Tanks
2024-08-14,Bank service charges,Walk-in Customer,1829,0,-7101380,Cash,Bank Charges
2024-08-14,Petty cash expense,Pakistan Drums Co,7561,0,8351228,Cash,Miscellaneous
2024-08-14,Bank commission,M Ehtisham,3344,0,-16465858,Cash,Bank Charges
2024-08-14,paper stock,TCS Courier,4726,0,-21345630,Bank,Office Supplies
2024-08-14,Gas charges,tcs courier,3632,0,-5143678,Cash,Utilities
2024-08-15,Steel drums dispatched,TCSt Courier,0,737623,-9392017,Cash,Sales - Steel Drums
2024-08-15,Reconditioined barrel sale,Punjab Chemicals,0,45292,-10097648,Bank,Sales - Refurbished Drums
2024-08-15,Bank commissiqon,City Freight,4452,0,-11045113,Bank,Bank Charges
2024-08-15,Refurbished drum sale,m ehwtisham,0,121004,4258817,Cash,Sales - Refurbished Drums
2024-08-15,Monthly warehouse rent,Meezan Bank,72617,0,-22324555,Cash,Rent
2024-08-15,Delivery charges,pakistan drums co,13341,0,-27198090,Bank,Freight & Conveyance
2024-08-15,Online transfer fee,Punjab Chemicals,1164,0,-11899823,Cash,Bank Charges
2024-08-15,Reconditioned barrel sale,City Freight,0,115067,-14397061,Cash,Sales - Refurbished Drums
2024-08-15,Sold IBC tanks,Al-Baraka Bank,0,473850,-22296986,Bank,Sales - IBC Tanks
2024-08-15,Sold reconditioned drums,City Freight,0,41695,-17603449,Cash,Sales - Refurbished Drums
2024-08-15,Steel drum sale,Walk-in Customer,0,63656,-15443339,Cash,Sales - Steel Drums
2024-08-15,Reconditioning expense,City Freight,16821,0,89446,Bank,Refurbishing Costs
2024-08-15,Customer IBC payment,Local Supplier,0,671019,-2116449,Bank,Sales - IBC Tanks
2024-08-15,Bought plastic drums,Meezan Bank,159966,0,5889387,Bank,Purchases - Plastic Drums
2024-08-16,plastic drums delivered,Walk-in Customer,0,136838,-10039445,Bank,Sales - Plastic Drums
2024-08-16,IBC tanks received bill,Punjab Chemicals,191815,0,-10890342,Bank,Purchases - IBC Tanks
2024-08-16,Bought plastic drums,City Freight,159592,0,-18822345,Bank,Purchases - Plastic Drums
2024-08-16,ibc taenk sale,HTG Peatro,0,239145,-19127600,Bank,Sales - IBC Tanks
2024-08-16,Invoice plastic drums,Pakistan Drums Co,0,65517,-8649686,Bank,Sales - Plastic Drums
2024-08-16,Sold reconditioned drums,Local Supplier,0,118754,641555,Bank,Sales - Refurbished Drums
2024-08-16,IBC tanks received bill,City Freight,374163,0,7193688,Bank,Purchases - IBC Tanks
2024-08-16,Electricity bigll,regular client,2520,0,-236541,Bank,Utilities
2024-08-16,Plastic drums delicvered,Habib Bank,0,176328,-17848635,Bank,Sales - Plastic Drums
2024-08-16,Drum refurbishing labour,Walk-in Customer,51555,0,-7099551,Cash,Refurbishing Costs
2024-08-16,Sold plastic drums,Mj Ehtisham,0,33437,1492223,Cash,Sales - Plastic Drums
2024-08-16,monthly warehouse rent,Habib Bank,75236,0,1132368,Cash,Rent
2024-08-16,sandblasting cost,rMeezan Bank,13975,0,-19253728,Cash,Refurbishing Costs
2024-08-17,ibc tanks received bill,Psakistan Drums Co,301714,0,-23006725,Bank,Purchases - IBC Tanks
2024-08-17,Drum repair materials,M Ehtisham,40918,0,-9801852,Cash,Refurbishing Costs
2024-08-17,Miscellaneous expense,Regular Client,7819,0,-19070790,Cash,Miscellaneous
2024-08-17,online transfer fee,HTG Petro,985,0,-10606818,Cash,Bank Charges
2024-08-17,Godown rent,Metro Traders,45269,0,-20953927,Cash,Rent
2024-08-17,Paint and coating drums,Metro Traders,32891,0,-10427352,Cash,Refurbishing Costs
2024-08-17,Transport expense,pakistan drums co,24395,0,-18952475,Bank,Freight & Conveyance
2024-08-17,General expense,Meezan Bank,3268,0,-21340737,Bank,Miscellaneous
2024-08-17,transport expense,City Freight,54091,0,-7185523,Cash,Freight & Conveyance
2024-08-17,Godown rent,Walk-in Customer,30463,0,-9968742,Bank,Rent
2024-08-17,Sold reconditioned drums,HTG Petro,0,133485,5505150,Bank,Sales - Refurbished Drums
2024-08-18,IBC smalyl tank invoice,Meezan Bank,0,271601,-14346718,Bank,Sales - IBC Tanks
2024-08-18,Onlwine transfer fee,Regular Client,1625,0,-5252081,Bank,Bank Charges
2024-08-18,Delivery charges,Walk-in Customer,14011,0,-5051508,Cash,Freight & Conveyance
2024-08-18,phone bill,Pakistan Drums Co,3586,0,315442,Bank,Utilities
2024-08-18,General expennse,Walk-in Customer,7240,0,-16657929,Bank,Miscellaneous
2024-08-18,Bank service charges,TCS Courier,3178,0,-20795800,Cash,Bank Charges
2024-08-18,Plastic drum sale,City Freight,0,198331,8549559,Bank,Sales - Plastic Drums
2024-08-18,Reconditioned barrel sale,City Freight,0,68586,-20002590,Bank,Sales - Refurbished Drums
2024-08-18,Steel drum procurement,Punjab Chemicals,380252,0,-20500786,Bank,Purchases - Steel Drums
2024-08-18,plastic drums delivered,m ehtisham,0,81519,-649423,Bank,Sales - Plastic Drums
2024-08-18,General expense,Al-Baraka Bank,4549,0,-21922268,Bank,Miscellaneous
2024-08-18,Online transfer fee,Habib Bank,3797,0,-17555069,Cash,Bank Charges
2024-08-18,delivery charges,Habib Bank,19882,0,-19057778,Bank,Freight & Conveyance
2024-08-18,Paper stock,Metro Traders,6870,0,3148767,Cash,Office Supplies
2024-08-18,Paint and coating drums,Regular Client,15689,0,-6288872,Bank,Refurbishing Costs
2024-08-19,IBC small tank invoice,M Ehtisham,0,665321,5388611,Bank,Sales - IBC Tanks
2024-08-19,Bought plastic drums,M Ehtisham,145201,0,-5691174,Bank,Purchases - Plastic Drums
2024-08-19,drum repair materials,bank al faljah,43248,0,-21123681,Bank,Refurbishing Costs
2024-08-19,Petty cash expense,Bank Al Falah,7743,0,-5402101,Cash,Miscellaneous
2024-08-19,Steel drums received,Pakistan Drudms Co,333579,0,-23225010,Cash,Purchases - Steel Drums
2024-08-19,Plastic drum procurement,HTG Petro,85302,0,-20792622,Cash,Purchases - Plastic Drums
2024-08-19,Sold reconditioned drums,Walk-in Customer,0,72386,-23953965,Cash,Sales - Refurbished Drums
2024-08-19,Papder stock,TCS Courier,4723,0,6051057,Cash,Office Supplies
2024-08-19,Plastic drums delivered,Regular Client,0,119061,-13413503,Bank,Sales - Plastic Drums
2024-08-19,yIBC tank procurement,Al-Baraka Bank,405717,0,-9873011,Cash,Purchases - IBC Tanks
2024-08-19,Refurbished steel drums invoice,HTG Petro,0,75598,-6876347,Bank,Sales - Refurbished Drums
2024-08-19,Drum refurbishing labour,Bank Al Falah,32101,0,-9385456,Cash,Refurbishing Costs
2024-08-20,bought ibc tanks htg petro,Memtro Traders,603674,0,-20490303,Cash,Purchases - IBC Tanks
2024-08-20,Plastic drums received,Al-Baraka Bank,184547,0,-22327971,Bank,Purchases - Plastic Drums
2024-08-20,Paint and coating drums,M Ehtisham,16961,0,-19172058,Bank,Refurbishing Costs
2024-08-20,IBC tanks dispatched,Citoy Freight,0,452432,-5490157,Bank,Sales - IBC Tanks
2024-08-20,steelq drum sale,Pakistan Drumos Co,0,268177,-20752649,Cash,Sales - Steel Drums
2024-08-20,Reconditioning expense,Local Supplier,73581,0,-20617319,Bank,Refurbishing Costs
2024-08-20,Reconditioned barrel sale,Meezan Bank,0,63300,-5427785,Cash,Sales - Refurbished Drums
2024-08-20,Refurbished drum sale,M Ehtisham,0,75336,-22216491,Bank,Sales - Refurbished Drums
2024-08-20,Refurbished mdrum sale,Locall Supplier,0,105848,2691282,Bank,Sales - Refurbished Drums
2024-08-20,Gas charges,Regular Client,16847,0,-17881790,Cash,Utilities
2024-08-20,Petty cash expense,HTG Petro,4559,0,1342676,Cash,Miscellaneous
2024-08-20,Officle rent,Local Supplier,41076,0,385435,Cash,Rent
2024-08-20,Bought plastic drums,Punjab Chemicals,122048,0,-19153936,Cash,Purchases - Plastic Drums
2024-08-21,Plastic drums received,Pjakistan Drums Co,182636,0,-7174778,Bank,Purchases - Plastic Drums
2024-08-21,Bought IBC tanks HTG Petro,habib bank,288560,0,-24237167,Bank,Purchases - IBC Tanks
2024-08-21,Delivery charges,Walk-in Customer,52507,0,-18684809,Bank,Freight & Conveyance
2024-08-21,Drumss conveyance,TCS Courier,32593,0,-21843398,Cash,Freight & Conveyance
2024-08-21,Drum repair materials,Bank Al Falah,11176,0,-20899924,Cash,Refurbishing Costs
2024-08-21,Drum refurbishing labour,Regular Client,69751,0,-2848898,Bank,Refurbishing Costs
2024-08-21,Sold plastic drums,M Ehtisham,0,188224,-5910258,Cash,Sales - Plastic Drums
2024-08-21,Steel drums yreceived,TCS Courielr,774872,0,-10129640,Cash,Purchases - Steel Drums
2024-08-21,Printer ink,Punjab Chemicals,2205,0,-20769174,Bank,Office Supplies
2024-08-21,monthly warehouse rent,Bank Al Falah,22718,0,-6059216,Cash,Rent
2024-08-21,Godown rent,Regular Client,50946,0,-16600043,Cash,Rent
2024-08-21,IBC tank procuremhent,Pakistan Drums Co,671334,0,-4401385,Cash,Purchases - IBC Tanks
2024-08-21,Godown rent,Local Supplier,30610,0,-11432298,Bank,Rent
2024-08-22,Sold steel drums,Meezan Bank,0,349681,-13939068,Cash,Sales - Steel Drums
2024-08-22,Gas charges,Habib Bank,18826,0,324120,Bank,Utilities
2024-08-22,Bought IBC tanks HTG Petro,TCS Courier,508525,0,-20895268,Bank,Purchases - IBC Tanks
2024-08-22,IBC tank procurement,Mevezan Bank,457702,0,-13257650,Cash,Purchases - IBC Tanks
2024-08-22,Sundry charges,HTG Petro,5737,0,-17160656,Cash,Miscellaneous
2024-08-22,Freight charges,Metro Traders,27236,0,-19299337,Cash,Freight & Conveyance
2024-08-22,Miscellaneous expense,Pakistan Drums Co,5058,0,-23467479,Bank,Miscellaneous
2024-08-22,Invoice plastic drums,Meezan Bank,0,157025,-15181523,Cash,Sales - Plastic Drums
2024-08-22,Plastic drums received,Walk-in Customer,187739,0,-15781647,Bank,Purchases - Plastic Drums
2024-08-23,Plastic drum sale,Meezan Bank,0,161641,7780335,Cash,Sales - Plastic Drums
2024-08-23,drum repair materials,City Freibght,30630,0,-2153309,Bank,Refurbishing Costs
2024-08-23,IBC small tank invoice,Walk-in Customer,0,585482,7877439,Bank,Sales - IBC Tanks
2024-08-23,Gas charges,Local Supplier,8758,0,5306496,Bank,Utilities
2024-08-23,Monthly warehouse rent,Metro Treaders,69734,0,722432,Cash,Rent
2024-08-23,Purrchase steel drums,Local Supplier,52794,0,-22377349,Cash,Purchases - Steel Drums
2024-08-23,IBC tanks dispaatched,Bank Al Falah,0,712061,-18662787,Cash,Sales - IBC Tanks
2024-08-23,Steel drums dispatched,Punjab Chemicals,0,286161,-25835778,Bank,Sales - Steel Drums
2024-08-23,Cheque book charges,City Freight,4067,0,-19454969,Bank,Bank Charges
2024-08-23,Gas charges,tcs courier,8125,0,7522185,Cash,Utilities
2024-08-23,Sandblasting cost,Regular Client,22047,0,-16458335,Cash,Refurbishing Costs
2024-08-23,Steel drum procurement,regular client,510415,0,1156802,Cash,Purchases - Steel Drums
2024-08-23,sold steel drums,Punjab Chemicals,0,889871,510166,Cash,Sales - Steel Drums
2024-08-24,Steel drum sale,Metro Traders,0,674553,-24117822,Cash,Sales - Steel Drums
2024-08-24,Sold reconditioned drums,Local Supplier,0,63746,-17849166,Cash,Sales - Refurbished Drums
2024-08-24,Sandblasting cost,pCity Freight,19306,0,-16472991,Bank,Refurbishing Costs
2024-08-24,Steel drums received,HTG Petro,325330,0,5177325,Cash,Purchases - Steel Drums
2024-08-24,Invoice steel drums,Local Supplier,0,608585,-21607456,Cash,Sales - Steel Drums
2024-08-24,Inrternet bill,Al-Baraka Bank,9874,0,794257,Bank,Utilities
2024-08-24,IBC tank sale,rMetro Traders,0,547153,-19386372,Cash,Sales - IBC Tanks
2024-08-24,Bought steel drums HTG Petro,Punjab Chemicals,458601,0,-22530536,Cash,Purchases - Steel Drums
2024-08-24,Recnonditioning expense,Regular Client,7035,0,-9868404,Cash,Refurbishing Costs
2024-08-24,Steel drum procurement,Pakistan Drums Co,463233,0,-20967315,Cash,Purchases - Steel Drums
2024-08-24,Bank commission,Pakistan Drums Co,2126,0,-15504412,Bank,Bank Charges
2024-08-24,Steel drums dispatcohed,Local Supplier,0,68849,-16641613,Cash,Sales - Steel Drums
2024-08-24,Water bill,Metro Traders,6558,0,4218465,Cash,Utilities
2024-08-24,ibc tank sale,Al-Baraka pBank,0,134787,4378368,Cash,Sales - IBC Tanks
2024-08-24,bought plastic drums,Punjab Chemicals,166007,0,-148849,Bank,Purchases - Plastic Drums
2024-08-25,IBC small tank invoice,Bank Al Falah,0,379444,-15525597,Cash,Sales - IBC Tanks
2024-08-25,IBC tanks dispatched,Metro Traders,0,279002,-11396104,Bank,Sales - IBC Tanks
2024-08-25,Sundry rcharges,Metro Traders,9682,0,-5558540,Cash,Miscellaneous
2024-08-25,Plastic drum sale,Walk-in Customer,0,168728,-10182403,Cash,Sales - Plastic Drums
2024-08-25,Sold plastic drums,Punjab Chemicals,0,82629,-2667049,Cash,Sales - Plastic Drums
2024-08-25,Sold plastic drums,Regular Client,0,174240,-21812433,Cash,Sales - Plastic Drums
2024-08-25,office furniture,Pakistan Drums Co,5117,0,-20711970,Bank,Office Supplies
2024-08-25,Internet bill,Al-Baraka Bank,12624,0,-21322727,Bank,Utilities
2024-08-25,Miscellaneous expense,Al-Baraka Bank,855,0,-22891431,Bank,Miscellaneous
2024-08-25,Banbk service charges,HTG Petro,1934,0,-10717554,Bank,Bank Charges
2024-08-25,Monthly warlehouse rent,Regular Client,59969,0,-25274567,Cash,Rent
2024-08-25,Bought steel drums HTG Petro,Walk-in Customer,206308,0,-16298981,Bank,Purchases - Steel Drums
2024-08-25,Monthly warehouse rent,Walk-in Customer,46456,0,-13987715,Cash,Rent
2024-08-26,Electricity bill,TCS Courier,6300,0,679848,Bank,Utilities
2024-08-26,Customer payment plastic drums,Regular Client,0,86818,32975,Bank,Sales - Plastic Drums
2024-08-26,IBC tank sale,Bank Al Falah,0,280401,-20238269,Bank,Sales - IBC Tanks
2024-08-26,Bought plastic drums,Habib Bank,133367,0,7877592,Cash,Purchases - Plastic Drums
2024-08-26,sold reconditioned drums,Metro Traders,0,91876,4350762,Bank,Sales - Refurbished Drums
2024-08-26,Online transfer fee,jMetro Traders,4441,0,-21340904,Cash,Bank Charges
2024-08-26,Godown rent,Bank Al Falah,55181,0,4366057,Bank,Rent
2024-08-26,Sundry charges,Walk-in Customer,5640,0,-21159657,Cash,Miscellaneous
2024-08-26,refurbished drum sale,City Freight,0,116947,4028423,Bank,Sales - Refurbished Drums
2024-08-27,Phone bill,Regular Client,2749,0,-22741108,Bank,Utilities
2024-08-27,Officen furniture,Walk-in Customer,7877,0,-16665806,Cash,Office Supplies
2024-08-27,Sold reconditioned drums,HTG Petro,0,21365,-10635112,Bank,Sales - Refurbished Drums
2024-08-27,Bcought steel drums HTG Petro,City Freight,236049,0,-5488130,Bank,Purchases - Steel Drums
2024-08-27,Customer IBC payment,City Freight,0,697112,-22238332,Cash,Sales - IBC Tanks
2024-08-27,Petty cash expense,m ehtisham,6572,0,2934909,Cash,Miscellaneous
2024-08-27,Printer ink,Habib Bank,3370,0,-19421611,Cash,Office Supplies
2024-08-27,delivery charges,Habib Bank,48894,0,-16649932,Cash,Freight & Conveyance
2024-08-27,Miscellaneous expednse,bank al falah,4193,0,331775,Bank,Miscellaneous
2024-08-27,plastic drum procurement,M Ehtisham,184716,0,-19458088,Cash,Purchases - Plastic Drums
2024-08-27,Customer IBC paymennt,HTG Petro,0,493659,-6681119,Bank,Sales - IBC Tanks
2024-08-27,Bank service charges,Pakistan Dprums Co,3503,0,7082690,Cash,Bank Charges
2024-08-27,Paint and coating drums,Meezan nBank,44224,0,-4178583,Bank,Refurbishing Costs
2024-08-27,Bought steel drums HTG Petro,Punjab Chezmicals,516183,0,-20691335,Cash,Purchases - Steel Drums
2024-08-28,Phone bill,Bank Al Falah,7658,0,-8340106,Cash,Utilities
2024-08-28,ibc tank sale,al-baraka bank,0,685000,-9950544,Cash,Sales - IBC Tanks
2024-08-28,Paint and coating drums,Metro Traders,28806,0,-11697910,Bank,Refurbishing Costs
2024-08-28,Sold steel drums,Bank Afl Falah,0,746191,-9354768,Bank,Sales - Steel Drums
2024-08-28,notebook orzder,M Ehtisham,7892,0,-8792737,Cash,Office Supplies
2024-08-28,Plastic drums received,Punjab Chemicals,141460,0,-19381609,Bank,Purchases - Plastic Drums
2024-08-28,Reconditioning expense,Meezan Bank,25167,0,-4495942,Cash,Refurbishing Costs
2024-08-28,Delivery chargces,Habib Bank,44673,0,-14868380,Bank,Freight & Conveyance
2024-08-28,Water bill,Bank Al Falah,5198,0,-3130310,Bank,Utilities
2024-08-28,Freight charges,Lwocal Supplier,12990,0,-12603290,Bank,Freight & Conveyance
2024-08-28,Phone bill,Habib Bank,12431,0,-733054,Cash,Utilities
2024-08-28,Sold recjonditioned drums,Pakistan Drums Co,0,135517,-19049412,Cash,Sales - Refurbished Drums
2024-08-29,Freight charges,Punjab Chemicals,53253,0,-20707480,Bank,Freight & Conveyance
2024-08-29,Printer ink,kMeezan Bank,6531,0,-18585237,Bank,Office Supplies
2024-08-29,Electbricity bill,Bank Al Falah,2086,0,-14770682,Bank,Utilities
2024-08-29,Water bill,walk-in customer,15300,0,-8745483,Cash,Utilities
2024-08-29,Paint aund coating drums,City Freight,35283,0,-21667944,Bank,Refurbishing Costs
2024-08-29,Printer ink,Habib Bank,10546,0,4449820,Bank,Office Supplies
2024-08-29,stationery purchase,Pakistan Drums Co,3853,0,-19800286,Cash,Office Supplies
2024-08-29,Sandblasting cost,City Freight,59139,0,-22841815,Cash,Refurbishing Costs
2024-08-29,Bank commission,TCS Courier,2173,0,-18839268,Bank,Bank Charges
2024-08-29,Bank service charges,Local Supplier,4041,0,-14277556,Cash,Bank Charges
2024-08-29,Plastic drum sale,Regular Client,0,103457,-25662439,Bank,Sales - Plastic Drums
2024-08-30,Nnotebook order,tcs courier,8696,0,-21062733,Bank,Office Supplies
2024-08-30,cheque book charges,TCS Courier,1191,0,-8034951,Cash,Bank Charges
2024-08-30,ibc tanks received bill,Punjab gChemicals,284844,0,-17036287,Cash,Purchases - IBC Tanks
2024-08-30,Steel drums received,Al-Baraka Bank,304917,0,-7047996,Cash,Purchases - Steel Drums
2024-08-30,Storage rent paid,TCS Courier,23534,0,223005,Cash,Rent
2024-08-30,Gas charges,M Ehtisham,10820,0,2865252,Cash,Utilities
2024-08-30,Steel drums dispatched,M Ehtisham,0,328601,2890770,Cash,Sales - Steel Drums
2024-08-30,Sold IBC tanks,TCS Courier,0,498107,-21304924,Bank,Sales - IBC Tanks
2024-08-30,Refurbished drum sale,TCS Courier,0,75955,-18240054,Cash,Sales - Refurbished Drums
2024-08-30,Sandblasting cost,TCS Courier,42896,0,-120058,Bank,Refurbishing Costs
2024-08-30,Seandblasting cost,Al-Baraka Bank,41165,0,-21498349,Bank,Refurbishing Costs
2024-08-30,Bought plastic drums,bank al falah,92765,0,-19535380,Cash,Purchases - Plastic Drums
2024-08-30,Bank service charges,City Freight,3406,0,-18827689,Bank,Bank Charges
2024-08-30,Truck hirev drums,TCS Cosurier,17428,0,-8064894,Cash,Freight & Conveyance
2024-08-30,Sold steel drums,Al-Baraka Bank,0,73113,-680408,Bank,Sales - Steel Drums
2024-08-31,Purchase steel drums,HTG Petro,239811,0,-23324624,Bank,Purchases - Steel Drums
2024-08-31,Paint and coating drums,Meezan Bank,12837,0,-13430730,Bank,Refurbishing Costs
2024-08-31,Bank service charges,Punjab Chemicals,3841,0,5185318,Bank,Bank Charges
2024-08-31,Paper stock,Mcetro Traders,3973,0,-16790576,Cash,Office Supplies
2024-08-31,Reconditioned barsrel sale,Meezaun Bank,0,58043,6146939,Cash,Sales - Refurbished Drums
2024-08-31,Petty cash expense,City Freight,1737,0,-3431148,Cash,Miscellaneous
2024-08-31,Freight charges,Citwy Freight,44049,0,-22569007,Cash,Freight & Conveyance
2024-08-31,Reconditioning expense,Local Supplier,66215,0,-18434309,Bank,Refurbishing Costs
2024-08-31,Monthly warehouse rent,HTG Peutro,70039,0,-17230695,Cash,Rent
2024-08-31,Notebook order,Al-Baraka Bank,14804,0,4248542,Bank,Office Supplies
2024-08-31,Invoice steel drums,Habib Bank,0,455483,3390253,Cash,Sales - Steel Drums
2024-08-31,plastic drum procurement,m ehtisham,102362,0,-21270770,Cash,Purchases - Plastic Drums
2024-08-31,Office furniture,Local Supplier,7813,0,-158194,Cash,Office Supplies
2024-08-31,Prhone bill,regular hclient,14616,0,-15386113,Cash,Utilities
2024-08-31,Plastic drums deliverzed,Habib Bank,0,130866,-22175135,Bank,Sales - Plastic Drums
2024-08-31,refurbished drum sale,Pakistan Drums Co,0,66355,-23216563,Bank,Sales - Refurbished Drums
2024-08-31,Plastic drum sale,Bank Al Falah,0,45199,-10272284,Bank,Sales - Plastic Drums
2024-09-01,IBC tank sale,Metro Traders,0,637431,-23611196,Bank,Sales - IBC Tanks
2024-09-01,Paint and coating drums,Walk-in Customer,52729,0,-25280824,Bank,Refurbishing Costs
2024-09-01,Bank service charges,City Freight,559,0,5449454,Bank,Bank Charges
2024-09-01,Reconditioning expense,rM Ehtisham,28556,0,-22926917,Cash,Refurbishing Costs
2024-09-01,Drums conveyance,Local Supplier,28578,0,-19059765,Cash,Freight & Conveyance
2024-09-01,Miscellaneous expense,bank al falah,3182,0,-20290667,Cash,Miscellaneous
2024-09-01,Steel drums received,Metro Traders,252265,0,247735,Bank,Purchases - Steel Drums
2024-09-01,sold reconditioned drums,Punjab Chemicals,0,51641,-11767917,Cash,Sales - Refurbished Drums
2024-09-01,Steel drum procurement,Local Srupplier,824673,0,-10489361,Cash,Purchases - Steel Drums
2024-09-01,Purchase plastic drumas,Regular Client,122312,0,-14851438,Bank,Purchases - Plastic Drums
2024-09-01,Storage rent paid,Habib Bank,75728,0,-12035036,Bank,Rent
2024-09-01,IBC tank prbocurement,City Freight,528478,0,-9904137,Bank,Purchases - IBC Tanks
2024-09-02,Drum repair materials,Pakistan Drums Co,23180,0,-4454218,Bank,Refurbishing Costs
2024-09-02,Bought steel drums HTG Petro,Regular Client,350023,0,7813051,Bank,Purchases - Steel Drums
2024-09-02,Sold reconditioned drums,Al-Baraka Bank,0,49664,-932284,Cash,Sales - Refurbished Drums
2024-09-02,Storage rent paid,kM Ehtisham,55187,0,-20798493,Bank,Rent
2024-09-02,Petty cash expense,TCS Courier,3119,0,-18935037,Bank,Miscellaneous
2024-09-02,Plastic drum sale,Pakistan Drums Co,0,86658,-13262757,Bank,Sales - Plastic Drums
2024-09-02,Purchase steel drums,Metro Traders,787841,0,5504270,Cash,Purchases - Steel Drums
2024-09-02,IBC tank sale,Punjab Chemicals,0,453024,6882532,Bank,Sales - IBC Tanks
2024-09-02,Customer IBC payment,Bank Al Falah,0,470472,-19776647,Bank,Sales - IBC Tanks
2024-09-03,Steel drum procurement,Al-Baraka Bank,116881,0,-14288749,Bank,Purchases - Steel Drums
2024-09-03,Water bill,Al-Baraka Bank,13720,0,-2830384,Cash,Utilities
2024-09-03,Freight charges,meezan bank,8764,0,-8435345,Bank,Freight & Conveyance
2024-09-03,Online transfer fee,Regular Client,3845,0,-11905935,Cash,Bank Charges
2024-09-03,Drtum refurbishing labour,HTG Petro,70381,0,7634821,Cash,Refurbishing Costs
2024-09-03,Paper stock,Metro Traders,7555,0,-661026,Bank,Office Supplies
2024-09-03,Refurbished drum sale,City Freight,0,71798,98966,Cash,Sales - Refurbished Drums
2024-09-03,petty cash cexpense,TCS Courier,9513,0,7319463,Bank,Miscellaneous
2024-09-03,Petty cash expense,Habib Bank,2752,0,7777583,Cash,Miscellaneous
2024-09-03,Bank commission,Metro Traders,3656,0,-10003527,Bank,Bank Charges
2024-09-03,Bank service charges,Walk-in Customer,4382,0,-8075747,Cash,Bank Charges
2024-09-03,Phone bill,regular client,11012,0,-3983335,Cash,Utilities
2024-09-03,Reconditioned barrel sale,Walk-in Customer,0,82532,-3545801,Cash,Sales - Refurbished Drums
2024-09-03,Stationery purchase,Pakistan Drums Co,7826,0,-22246974,Cash,Office Supplies
2024-09-04,Bought IBC tanks HTG Petro,M Ehtisham,128718,0,-19894845,Cash,Purchases - IBC Tanks
2024-09-04,Internet bill,punjab chemicals,5175,0,4262002,Bank,Utilities
2024-09-04,IBC tank procurement,Pakistan Drums Co,157555,0,-23071629,Cash,Purchases - IBC Tanks
2024-09-04,delivery charges,HTG Petro,22645,0,-25214598,Bank,Freight & Conveyance
2024-09-04,Steel drums received,Habixb Bank,488842,0,-22727174,Cash,Purchases - Steel Drums
2024-09-04,shop rent,Pakistan Drums Co,64661,0,7950969,Bank,Rent
2024-09-04,Sandblasting cost,TCS Courier,63201,0,-14007666,Cash,Refurbishing Costs
2024-09-04,IBC tanks received bill,Local Supplier,173506,0,-24087199,Cash,Purchases - IBC Tanks
2024-09-04,Bank service charges,Pakisgtan Drums Co,3538,0,-9395555,Cash,Bank Charges
2024-09-04,Drum refurbishing labour,HTG Petro,62717,0,-15670433,Bank,Refurbishing Costs
2024-09-04,Steel drums received,M Ehtisham,569968,0,6531408,Bank,Purchases - Steel Drums
2024-09-05,cheque book charges,Regular Client,723,0,2639613,Cash,Bank Charges
2024-09-05,Steel drums dispatched,TCS Courier,0,759941,-22996023,Cash,Sales - Steel Drums
2024-09-05,Customer IBC payment,Punjab Chemicals,0,645453,560093,Bank,Sales - IBC Tanks
2024-09-05,Customer payment plastic drums,Pakistan Drums Co,0,120903,-17436127,Cash,Sales - Plastic Drums
2024-09-05,Rxefurbished steel drums invoice,Habib Bank,0,140096,-720623,Bank,Sales - Refurbished Drums
2024-09-05,Refurbished drum sale,Habibi Bank,0,147465,-19118221,Cash,Sales - Refurbished Drums
2024-09-05,IBC small tank invoice,Walk-in Customer,0,769629,8063806,Cash,Sales - IBC Tanks
2024-09-05,Sold reconditioned drums,M Ehtisham,0,149320,-6732491,Cash,Sales - Refurbished Drums
2024-09-05,Office furniture,Al-Baraka Bank,8734,0,-20908658,Cash,Office Supplies
2024-09-05,Drum repair materials,Habib iBank,20951,0,-8602846,Bank,Refurbishing Costs
2024-09-05,IBC tanks dispatcxhed,Metro Traders,0,631800,-17575306,Cash,Sales - IBC Tanks
2024-09-05,freight charges,tcs cwourier,53188,0,-21925376,Cash,Freight & Conveyance
2024-09-05,Invoice steel drums,HTG Petro,0,54378,-22160061,Bank,Sales - Steel Drums
2024-09-05,reconditioned barrel sale,M Ehtisham,0,49960,-357210,Bank,Sales - Refurbished Drums
2024-09-05,Water bill,Pakistan Drums Co,8417,0,6447068,Bank,Utilities
2024-09-05,petty cash expense,HTG Petro,1523,0,-24373179,Bank,Miscellaneous
2024-09-05,Plastic drums delivered,punjab chemicals,0,159694,-19184929,Bank,Sales - Plastic Drums
2024-09-05,Transport expense,city freight,26587,0,-22982902,Cash,Freight & Conveyance
2024-09-05,Customer IBC payment,Habib Bank,0,310886,8470550,Bank,Sales - IBC Tanks
2024-09-06,Plastic drum procuremenwt,City Freight,121893,0,-9916545,Cash,Purchases - Plastic Drums
2024-09-06,Bank service charges,Bank Al Falah,4887,0,2684563,Cash,Bank Charges
2024-09-06,ePurchase steel drums,Local Supplier,181198,0,-19339720,Cash,Purchases - Steel Drums
2024-09-06,Sundry charoges,Punjab bChemicals,5932,0,-25421957,Cash,Miscellaneous
2024-09-06,IBC small tank invoice,Pakistan Drums Co,0,435672,-23354095,Cash,Sales - IBC Tanks
2024-09-06,Cheque book charges,TCS Courier,2495,0,-6061711,Cash,Bank Charges
2024-09-06,Sundry charges,Regular Client,3827,0,-6043330,Cash,Miscellaneous
2024-09-06,Plastic drum procurement,metro traders,107467,0,-22542201,Cash,Purchases - Plastic Drums
2024-09-06,Bank service charges,Habib Bank,3312,0,4258886,Bank,Bank Charges
2024-09-06,Refurbished drum sale,Punjab Chemicals,0,100721,-3585034,Cash,Sales - Refurbished Drums
2024-09-06,Sundry charges,Local Supplier,9776,0,-23771317,Cash,Miscellaneous
2024-09-06,Steel drum procurement,meezan bank,72092,0,-711177,Bank,Purchases - Steel Drums
2024-09-06,Drums conveyance,TCS Courier,36387,0,439558,Bank,Freight & Conveyance
2024-09-06,Paint and cobating drums,tcs courier,75323,0,-5409787,Bank,Refurbishing Costs
2024-09-06,Drums conveyance,Al-Baraka Bank,25795,0,-22436553,Cash,Freight & Conveyance
2024-09-07,Sold reconditiojned drums,regular client,0,103024,-11909638,Cash,Sales - Refurbished Drums
2024-09-07,IBC tank procurement,Punjab Chemiycals,92671,0,-23003675,Bank,Purchases - IBC Tanks
2024-09-07,Invoice plastic drums,Pakistant Drums Co,0,101319,-15773786,Cash,Sales - Plastic Drums
2024-09-07,IBC tanks receivzed bill,M Ehtisham,579881,0,-22143424,Cash,Purchases - IBC Tanks
2024-09-07,miscellaneous expense,Meezan Bank,4112,0,-17562783,Bank,Miscellaneous
2024-09-07,IBC tanks received bill,Al-Baraka Bank,268915,0,-6467750,Cash,Purchases - IBC Tanks
2024-09-07,IBC small tank invoice,Bank Al Falah,0,276350,1374948,Bank,Sales - IBC Tanks
2024-09-07,Monthly warehouse rent,city freight,42275,0,7781240,Cash,Rent
2024-09-07,Bought steel drums HTG Petro,Al-Baraka Bank,620490,0,-21163539,Cash,Purchases - Steel Drums
2024-09-07,Steel drums received,Al-Baraka Bank,779009,0,-11902090,Bank,Purchases - Steel Drums
2024-09-07,Customer pickup steel drums,Punjab Chemicals,0,642749,3296338,Cash,Sales - Steel Drums
2024-09-07,Bought IBC tanks HTG Petro,Metro Traders,227628,0,-8743140,Cash,Purchases - IBC Tanks
2024-09-07,Reconditioned barrel sale,M Ehtisham,0,67281,-21639389,Cash,Sales - Refurbished Drums
2024-09-08,Invoice plastic drums,Al-Baraka Bank,0,102640,-21516516,Cash,Sales - Plastic Drums
2024-09-08,Sundry charges,Meezan Bank,6100,0,-22981949,Bank,Miscellaneous
2024-09-08,Cheque book charges,Walk-in Customer,4233,0,-14698617,Bank,Bank Charges
2024-09-08,Refurbished bdrum sale,M Ehtisham,0,66802,-11200482,Cash,Sales - Refurbished Drums
2024-09-08,Sundry charges,Pakistan Drums Co,6065,0,-12146,Cash,Miscellaneous
2024-09-08,Sold plastic drums,Local Supplier,0,161413,-14564718,Cash,Sales - Plastic Drums
2024-09-08,Water bilkl,Meezan Bank,4358,0,-21776846,Cash,Utilities
2024-09-08,Godown rent,Walk-in Customer,53102,0,5256563,Cash,Rent
2024-09-08,Drum repair materiials,Bank Al Falah,35168,0,-9213933,Bank,Refurbishing Costs
2024-09-08,Steel drums received,Bank Al Falah,91372,0,-21064460,Cash,Purchases - Steel Drums
2024-09-08,Steel drum sale,Metro Traders,0,621657,-22004753,Bank,Sales - Steel Drums
2024-09-09,Purchase plastic drums,TCS Cmourier,139682,0,-11611681,Cash,Purchases - Plastic Drums
2024-09-09,Reconditioned barrel sale,Regular Client,0,83705,-19666003,Bank,Sales - Refurbished Drums
2024-09-09,Drums conveyance,City Freight,26007,0,4387914,Bank,Freight & Conveyance
2024-09-09,reconditioning expense,M Ehtisham,7897,0,-1728773,Bank,Refurbishing Costs
2024-09-09,Steel drum sale,Metro Traders,0,476374,-4627110,Cash,Sales - Steel Drums
2024-09-09,Sold steel drums,Punjab Chemicals,0,882682,-12005504,Cash,Sales - Steel Drums
2024-09-09,Sandblasting cost,TCS Courier,77780,0,-18778001,Cash,Refurbishing Costs
2024-09-09,Customer IBC payment,HTG Petro,0,228020,-16716123,Cash,Sales - IBC Tanks
2024-09-09,transport expense,Punjanb Chemicals,13894,0,534659,Cash,Freight & Conveyance
2024-09-09,General expense,TCS Courier,9263,0,-14159614,Cash,Miscellaneous
2024-09-09,Bought IBCn tanks HTG Petro,Regular Client,137292,0,-24510471,Cash,Purchases - IBC Tanks
2024-09-10,Refurbished steel drums invoice,punjab chemwicals,0,74561,-20825191,Bank,Sales - Refurbished Drums
2024-09-10,Monthly warehouse rent,Punjab Chemicals,61111,0,-18170470,Bank,Rent
2024-09-10,Steel drums dispatched,htg petro,0,578624,-19878003,Cash,Sales - Steel Drums
2024-09-10,Sandblasting cost,Pakistan Drums Co,18436,0,-20076795,Cash,Refurbishing Costs
2024-09-10,Gas charges,City Foreight,6781,0,2581702,Cash,Utilities
2024-09-10,Delivery charges,Local Supplier,49650,0,-10628015,Bank,Freight & Conveyance
2024-09-10,Invoice steel drums,Regular Client,0,532480,-10313471,Cash,Sales - Steel Drums
2024-09-10,drums conveyance,Walk-in Customer,53629,0,-19481221,Cash,Freight & Conveyance
2024-09-10,Gas charges,Al-Baraka Bank,19294,0,-5036220,Cash,Utilities
2024-09-10,Office furniture,Pakistan Drums Co,13724,0,-18071837,Bank,Office Supplies
2024-09-10,Sandblasting cost,Walk-in Customer,22127,0,-19691606,Bank,Refurbishing Costs
2024-09-11,Steel drum sale,Local Supplier,0,294251,-22512318,Cash,Sales - Steel Drums
2024-09-11,Purchase IBC small tanks,Bank Al Falah,501398,0,127976,Cash,Purchases - IBC Tanks
2024-09-11,purchase plastic drums,Punjanb Chemicals,170375,0,1629156,Cash,Purchases - Plastic Drums
2024-09-11,Refurbished steel rdrums invoice,Al-Baraka Bank,0,61280,-7540308,Cash,Sales - Refurbished Drums
2024-09-11,IBC tank sale,HTG Petro,0,345141,-18430854,Cash,Sales - IBC Tanks
2024-09-11,Drum repair materials,Punjab Chemicals,63030,0,-24550508,Bank,Refurbishing Costs
2024-09-11,Truck hire drums,Punjab Cheumicals,50474,0,-14759074,Bank,Freight & Conveyance
2024-09-11,truck hire drums,TCS Courier,15105,0,-4951035,Bank,Freight & Conveyance
2024-09-11,Godown rent,Al-Baraka Bank,64958,0,-10624337,Cash,Rent
2024-09-11,Stationery purchase,tcs courier,7812,0,-19062952,Bank,Office Supplies
2024-09-11,Miscellaneous expense,Local Supplier,7865,0,-24668748,Cash,Miscellaneous
2024-09-11,Internet bill,M Ehtisham,2927,0,5247496,Cash,Utilities
2024-09-11,IBC tank sale,Meezan Bank,0,119897,1918694,Cash,Sales - IBC Tanks
2024-09-11,Bought IBC tanks HTG Petro,Local Supplier,140590,0,-20049845,Bank,Purchases - IBC Tanks
2024-09-11,Purchase plastic drums,M Ehtisham,84763,0,-25908748,Cash,Purchases - Plastic Drums
2024-09-11,IBC tanks received bill,HTG Petro,601308,0,2867768,Bank,Purchases - IBC Tanks
2024-09-12,Steel drum sale,habib bank,0,118600,5742175,Bank,Sales - Steel Drums
2024-09-12,ibc small tank invoice,Habib Bank,0,232121,4419138,Cash,Sales - IBC Tanks
2024-09-12,Steel drum procurement,HTG Petro,74902,0,5484502,Cash,Purchases - Steel Drums
2024-09-12,Customer pickup steel drums,Meezan Bank,0,380958,-9004498,Bank,Sales - Steel Drums
2024-09-12,Refurbished drum sale,M Ehtisham,0,95700,137712,Cash,Sales - Refurbished Drums
2024-09-12,steel drums received,Paunjab Chemicals,114145,0,-10839446,Cash,Purchases - Steel Drums
2024-09-12,Drum refurbishing labour,HTG Petro,77520,0,-1831185,Bank,Refurbishing Costs
2024-09-12,Bought plastic drums,Pakistan Drums Co,173048,0,-20709183,Bank,Purchases - Plastic Drums
2024-09-12,Miscellaneous expense,M Ehtisham,6575,0,-22656377,Bank,Miscellaneous
2024-09-12,Sundry charges,Bbank Al Falah,6872,0,4013431,Cash,Miscellaneous
2024-09-12,Storage rent paid,City Freight,64135,0,-9681738,Cash,Rent
2024-09-12,Godown rent,Regular Client,22635,0,-16098305,Bank,Rent
2024-09-12,Steel drums dispatched,Meezan Bank,0,686944,-9141094,Cash,Sales - Steel Drums
2024-09-12,Refurbishefd steel drums invoice,Punvjab Chemicals,0,57434,-9861369,Cash,Sales - Refurbished Drums
2024-09-12,miscellaneous expense,HTG Petro,1771,0,-23355221,Bank,Miscellaneous
2024-09-12,Steel drum kprocurement,Al-Bartaka Bank,324304,0,-17864943,Cash,Purchases - Steel Drums
2024-09-12,Stationery purchase,pakistan drums co,13439,0,-23422937,Bank,Office Supplies
2024-09-13,Refurbished drum sale,HTG Petro,0,54202,-2278444,Bank,Sales - Refurbished Drums
2024-09-13,sandblasting cost,Habib Bank,26695,0,-5240342,Bank,Refurbishing Costs
2024-09-13,Cheque book charges,Habib Bjank,4287,0,-4917423,Bank,Bank Charges
2024-09-13,Sold steel drums,Meezan Bank,0,709382,-16151755,Cash,Sales - Steel Drums
2024-09-13,Pawper stock,Regular Client,5242,0,-17420539,Cash,Office Supplies
2024-09-13,Purchase IBC small tanks,punjab chemicals,479857,0,-11123081,Cash,Purchases - IBC Tanks
2024-09-13,Paint and coating drums,habib bank,8619,0,-21864765,Cash,Refurbishing Costs
2024-09-13,Bought IBC tanks HTG Petro,Meezan Bank,230457,0,-6753164,Cash,Purchases - IBC Tanks
2024-09-13,Electricity bill,Punjab Chemicals,7308,0,-9066891,Bank,Utilities
2024-09-13,Refurbished drum sale,Al-Baraka Bank,0,112366,-295534,Bank,Sales - Refurbished Drums
2024-09-14,Printer ink,HTG Petro,5981,0,-22978971,Bank,Office Supplies
2024-09-14,Drum refurbishing labour,Punjab Chemicals,12924,0,-20753824,Bank,Refurbishing Costs
2024-09-14,Delivery charges,regular client,17539,0,-16453685,Cash,Freight & Conveyance
2024-09-14,Refurbished drum sale,Local Supplier,0,31222,-18106991,Cash,Sales - Refurbished Drums
2024-09-14,Customer IBC payment,City Freight,0,385184,716959,Bank,Sales - IBC Tanks
2024-09-14,Storage rent paid,Local Supplier,62569,0,-19975410,Bank,Rent
2024-09-14,Phone bill,Regular Client,17939,0,-20480225,Bank,Utilities
2024-09-14,Invoice plastic drums,m ehtisham,0,48771,557463,Cash,Sales - Plastic Drums
2024-09-14,Steel drum sale,Pakistan Drums Co,0,617602,-9353355,Cash,Sales - Steel Drums
2024-09-14,Refurbished steel drums invoice,Al-Baraka Bank,0,78458,-22225089,Bank,Sales - Refurbished Drums
2024-09-15,Customer pickup steel drums,Meezan Bank,0,893246,5371665,Bank,Sales - Steel Drums
2024-09-15,purchase steel drums,Metro Traders,260277,0,-9053014,Bank,Purchases - Steel Drums
2024-09-15,Customer payment plastic drums,City Ftreight,0,30009,-13458337,Bank,Sales - Plastic Drums
2024-09-15,Custhomer IBC payment,M Ehtisham,0,210211,2816833,Cash,Sales - IBC Tanks
2024-09-15,Electrricity bill,Pakistan Drums Co,10645,0,-20937961,Cash,Utilities
2024-09-15,Water bill,local supplier,6359,0,5476582,Cash,Utilities
2024-09-15,Refurbished steel drums invoice,Metro Traders,0,127713,-9919757,Bank,Sales - Refurbished Drums
2024-09-15,sandblasting cost,mM Ehtisham,57345,0,-17554397,Cash,Refurbishing Costs
2024-09-15,Cheqube book charges,TCS Couzrier,1084,0,-19536464,Bank,Bank Charges
2024-09-15,Shop rent,City Freight,25288,0,-703754,Cash,Rent
2024-09-15,Steel drum procurement,bMeezan Bank,274837,0,-11266233,Cash,Purchases - Steel Drums
2024-09-15,Online transfer feme,Bank Al Falah,3758,0,-17464037,Cash,Bank Charges
2024-09-15,Reconditioned barrel sale,habib bank,0,50312,-18611979,Bank,Sales - Refurbished Drums
2024-09-15,Papner stock,City Freight,14680,0,-15079615,Bank,Office Supplies
2024-09-15,Notebook order,HTqG Petro,11692,0,-23499510,Cash,Office Supplies
2024-09-15,Sundry charges,TCS Courier,2470,0,-19892202,Cash,Miscellaneous
2024-09-15,IBC tanks dispatched,City Freight,0,511731,-18297439,Bank,Sales - IBC Tanks
2024-09-15,Refurbished steel drums invoice,tcs courier,0,135130,-22940132,Cash,Sales - Refurbished Drums
2024-09-15,Sold reconditioned drums,htg petro,0,44894,5351390,Cash,Sales - Refurbished Drums
2024-09-15,Office furniture,Regular Client,12576,0,-25823985,Bank,Office Supplies
2024-09-16,Online transfer fee,Regular Client,528,0,-19264635,Cash,Bank Charges
2024-09-16,Steel drums dispatched,Metro Traders,0,264142,-8664249,Cash,Sales - Steel Drums
2024-09-16,Truck hire drums,TCS Courier,26016,0,-8217030,Bank,Freight & Conveyance
2024-09-16,Water bill,Pakistan Drums Co,3959,0,-12600620,Cash,Utilities
2024-09-16,Printer ink,M Ehtisham,7636,0,-23488250,Cash,Office Supplies
2024-09-16,Gas charges,Habib Bank,13492,0,-18768678,Cash,Utilities
2024-09-16,Paint and coating drums,M Ehtisham,13551,0,-20394692,Bank,Refurbishing Costs
2024-09-16,Office furniture,Meezan Bank,1879,0,-18744711,Cash,Office Supplies
2024-09-16,IBC tank sale,Punjab Chemicals,0,400800,-3170458,Bank,Sales - IBC Tanks
2024-09-16,Customer IBC payment,Pakistan Drums Co,0,323262,8344010,Bank,Sales - IBC Tanks
2024-09-16,Printer ink,Al-Baraka Bank,3652,0,-11040661,Cash,Office Supplies
2024-09-16,Steel drum procurement,TCS Courier,417975,0,-23535516,Bank,Purchases - Steel Drums
2024-09-16,bank commission,TCS Courier,1318,0,-14394863,Bank,Bank Charges
2024-09-16,Storagne rent paid,Bank Al Falah,30147,0,991926,Cash,Rent
2024-09-16,Water bill,punjab chemicals,9588,0,-20762947,Bank,Utilities
2024-09-17,Cheqzue book charges,walk-in cyustomer,2020,0,-21511770,Bank,Bank Charges
2024-09-17,Reconditioned barrel sale,eBank Al Falah,0,128163,-18207106,Cash,Sales - Refurbished Drums
2024-09-17,Bought plastic drums,City Freight,128824,0,-22369801,Cash,Purchases - Plastic Drums
2024-09-17,Miscellaneous expense,Habib Bank,2006,0,-21238315,Cash,Miscellaneous
2024-09-17,IBC tanks received bill,TCS Courier,229370,0,7533815,Cash,Purchases - IBC Tanks
2024-09-17,Sandblasting cost,Metro Traders,64410,0,6088896,Cash,Refurbishing Costs
2024-09-17,Storage rent paid,Pakistan Drums Co,28014,0,-21009206,Bank,Rent
2024-09-17,General expense,Metro Traders,4407,0,-18163440,Cash,Miscellaneous
2024-09-17,Transport expense,M Ehtisham,48421,0,-276159,Bank,Freight & Conveyance
2024-09-17,Office rent,Local Supplier,33634,0,-22286290,Bank,Rent
2024-09-17,Storage rent paid,Punjab Chemicals,33510,0,5074315,Cash,Rent
2024-09-17,Sandblasting cost,Habib Bank,78928,0,-21202014,Bank,Refurbishing Costs
2024-09-17,Stationery purchase,Local Supplier,11534,0,-25748919,Cash,Office Supplies
2024-09-18,Bought plastic drums,htdg petro,119832,0,-9562246,Cash,Purchases - Plastic Drums
2024-09-18,IBC tank sale,M Ehtisham,0,301633,-19475847,Cash,Sales - IBC Tanks
2024-09-18,Transporxt expense,HTG Petro,50651,0,-19537586,Bank,Freight & Conveyance
2024-09-18,Bank service charges,TCS Courier,908,0,6367185,Cash,Bank Charges
2024-09-18,Refurbished steel drums invoice,punjab chemicals,0,48815,-16557192,Bank,Sales - Refurbished Drums
2024-09-18,Delivery charges,walk-in customer,34163,0,-6951945,Cash,Freight & Conveyance
2024-09-18,Drum repair materials,HTG Petro,6059,0,-18172818,Bank,Refurbishing Costs
2024-09-18,Phone bill,Local Supplier,4443,0,8059363,Bank,Utilities
2024-09-18,purchase steel drums,Al-Baraka Bank,71849,0,-23054751,Cash,Purchases - Steel Drums
2024-09-18,Steel drums dispatched,City Freight,0,192030,-5279582,Cash,Sales - Steel Drums
2024-09-18,tSold steel drums,Pakistan Drums Co,0,771110,-9718251,Cash,Sales - Steel Drums
2024-09-18,Printexr ink,Metro Traders,14268,0,-17478305,Bank,Office Supplies
2024-09-18,Drums conveyance,Bank Al Falah,38855,0,-4154965,Cash,Freight & Conveyance
2024-09-18,ibc tank sale,TCS Courier,0,168477,7974166,Bank,Sales - IBC Tanks
2024-09-18,sold ibc tsanks,TCS Courier,0,672865,7894915,Bank,Sales - IBC Tanks
2024-09-18,Refurbished drum sale,Meezan Bank,0,44902,6113986,Cash,Sales - Refurbished Drums
2024-09-19,Purchase steel drums,Meezan Banqk,817103,0,-1570485,Bank,Purchases - Steel Drums
2024-09-19,Storage rent paid,Metro Traders,55161,0,-22266426,Bank,Rent
2024-09-19,Invoice plastic drums,Walk-inq Customer,0,77585,-19650963,Cash,Sales - Plastic Drums
2024-09-19,General expense,meezan bank,5006,0,-17471210,Bank,Miscellaneous
2024-09-19,Invoice steel drums,Regular Client,0,728812,8692334,Cash,Sales - Steel Drums
2024-09-19,Drums conveyance,TCS Courier,57924,0,6108564,Cash,Freight & Conveyance
2024-09-19,IBC tank sale,Punjab Chemicals,0,233874,-18553658,Cash,Sales - IBC Tanks
2024-09-19,Customer payment plastic drums,Al-Baraka Bank,0,176331,-23500540,Cash,Sales - Plastic Drums
2024-09-19,Water bill,HTG Petro,15389,0,-19303474,Cash,Utilities
2024-09-19,Petty cash expense,TCS Courier,2249,0,-19715471,Cash,Miscellaneous
2024-09-19,sold ibc tanks,Punjab Chemicals,0,322533,-4211585,Cash,Sales - IBC Tanks
2024-09-19,Bought IBC tanks HTG Petro,Bank Al Falah,119066,0,-13944465,Cash,Purchases - IBC Tanks
2024-09-19,Sold steel drums,Punjab Cheemicals,0,708939,-16524753,Cash,Sales - Steel Drums
2024-09-19,miscellaneous expense,Bank Al Falah,7615,0,-14228841,Bank,Miscellaneous
2024-09-20,Drum refurbishing labour,Metro Traders,40488,0,-11395670,Bank,Refurbishing Costs
2024-09-20,Purchase plastic drums,Regular Client,136728,0,7510885,Bank,Purchases - Plastic Drums
2024-09-20,IBC tanks received bill,Pakistan Drums Co,436711,0,-14107709,Bank,Purchases - IBC Tanks
2024-09-20,Purchase plastic drums,Pakistan mDrums Co,100529,0,-18704152,Bank,Purchases - Plastic Drums
2024-09-20,General expense,City Freight,1821,0,-13538476,Bank,Miscellaneous
2024-09-20,Reconditioning expense,Punjab Chemicals,70163,0,-77162,Cash,Refurbishing Costs
2024-09-20,Shop renzt,Meezan Bank,46214,0,-11852624,Bank,Rent
2024-09-20,Stationery purchase,meezan bank,13135,0,-23480614,Cash,Office Supplies
2024-09-20,IBC tanks received bill,Metro Traders,615033,0,-10010588,Cash,Purchases - IBC Tanks
2024-09-20,General expense,Regular Client,1325,0,-19841752,Cash,Miscellaneous
2024-09-20,Gas charges,Bank Al Falah,13586,0,-19118418,Bank,Utilities
2024-09-20,Printer ink,Walk-inl Customer,11079,0,-19275714,Cash,Office Supplies
2024-09-20,jIBC tanks received bill,Metro Truaders,421932,0,6160385,Cash,Purchases - IBC Tanks
2024-09-20,Invoice hplastic drums,Regular Client,0,78672,8031364,Bank,Sales - Plastic Drums
2024-09-20,IBC tanks dispatched,M Ehtisham,0,280000,-10647389,Cash,Sales - IBC Tanks
2024-09-20,Online transfer fee,Bank Al Falah,4405,0,-9698864,Cash,Bank Charges
2024-09-20,Shop rent,Punjab Chemicals,67188,0,-20717473,Bank,Rent
2024-09-21,Phonee bill,Al-Baraka Bank,18187,0,-19661631,Bank,Utilities
2024-09-21,Customer pickup steel drums,Meezan Bank,0,359609,-23696995,Bank,Sales - Steel Drums
2024-09-21,Online transfer fee,m ehtisham,4406,0,-6426496,Bank,Bank Charges
2024-09-21,Bank service charges,HTG Petro,3602,0,-2585541,Cash,Bank Charges
2024-09-21,Bought steel drums HTG Petro,HTG Petro,309657,0,-8157889,Cash,Purchases - Steel Drums
2024-09-21,General expense,bank al falah,940,0,-22612036,Cash,Miscellaneous
2024-09-21,sold steel drums,Local Supplier,0,459360,-10687241,Bank,Sales - Steel Drums
2024-09-21,Printer ink,Local Supplier,1603,0,-17496293,Bank,Office Supplies
2024-09-21,invoice steel drums,Habib Bank,0,267770,-9992869,Cash,Sales - Steel Drums
2024-09-21,sold steel drums,HTG Petro,0,578063,2984729,Bank,Sales - Steel Drums
2024-09-21,Refurbished drum sale,Meezan Bank,0,87582,-18864893,Cash,Sales - Refurbished Drums
2024-09-21,Steel drum sale,Metro Traders,0,363421,-23603713,Bank,Sales - Steel Drums
2024-09-21,Sundry charges,Al-Baraka Bank,4416,0,-19882419,Bank,Miscellaneous
2024-09-21,Steel drums received,bank al falah,265168,0,737170,Bank,Purchases - Steel Drums
2024-09-21,Invoice steel drums,Pakistawn Drums Co,0,667753,-18253828,Bank,Sales - Steel Drums
2024-09-21,Truck hire drums,walk-in customer,14612,0,-15338548,Cash,Freight & Conveyance
2024-09-21,Reconditioning expense,walk-in customer,62725,0,-22617029,Cash,Refurbishing Costs
2024-09-22,petty cash expense,TCS Courier,9695,0,-7553683,Bank,Miscellaneous
2024-09-22,Paper stock,Habib Bank,11059,0,-10111978,Cash,Office Supplies
2024-09-22,Purchase IBC small tanks,Pakistan Drums Co,221873,0,-19704377,Cash,Purchases - IBC Tanks
2024-09-22,banok commission,City Freight,976,0,-3730051,Cash,Bank Charges
2024-09-22,gplastic drum procurement,Metro Traders,30408,0,-21780037,Cash,Purchases - Plastic Drums
2024-09-22,Purchase steel drums,City Freight,714041,0,6666352,Bank,Purchases - Steel Drums
2024-09-22,Sold plastic drums,Bank Al Falah,0,138199,-10351131,Bank,Sales - Plastic Drums
2024-09-22,IBC small tank invoicje,TCS Courier,0,283465,1481593,Cash,Sales - IBC Tanks
2024-09-22,Plastic drums delivered,Wawlk-in Customer,0,57056,-12388517,Bank,Sales - Plastic Drums
2024-09-22,IBC tank procurement,Local Supplier,501614,0,-24423581,Cash,Purchases - IBC Tanks
2024-09-22,Water bill,M Ehtisham,19040,0,-4475286,Bank,Utilities
2024-09-22,Steel drum sale,Bank Al Falah,0,207629,-1999665,Cash,Sales - Steel Drums
2024-09-22,Steel drums dispatched,M Ehtisham,0,318302,-19124677,Bank,Sales - Steel Drums
2024-09-23,IBC tanks dispatched,Local Supplier,0,617494,2659076,Cash,Sales - IBC Tanks
2024-09-23,steel drum procurement,Punjab Chemicals,457579,0,-13877924,Cash,Purchases - Steel Drums
2024-09-23,Plastic drums received,al-basraka bank,104473,0,-4054607,Cash,Purchases - Plastic Drums
2024-09-23,Online transfer fee,City Freight,4803,0,85482,Bank,Bank Charges
2024-09-23,Godown rent,Local oSupplier,28955,0,-21829359,Bank,Rent
2024-09-23,Monthly warehouse rent,Al-Baraka Bank,66383,0,1580841,Bank,Rent
2024-09-23,Steel drum procurement,Al-Baraka Bank,204547,0,-15094184,Cash,Purchases - Steel Drums
2024-09-23,Cheque book charges,City Freight,2515,0,-5567764,Bank,Bank Charges
2024-09-23,linternet bill,TCS Courier,8071,0,342007,Bank,Utilities
2024-09-23,Storage rent paid,Bank Al Falah,64198,0,-17727862,Cash,Rent
2024-09-23,Plastic drums delivnered,Metro Traders,0,62676,-18635521,Cash,Sales - Plastic Drums
2024-09-23,Paint and coating drums,Metro Traders,10635,0,-13562290,Bank,Refurbishing Costs
2024-09-23,Internet bill,Meezan Bank,15250,0,-18125711,Bank,Utilities
2024-09-23,Purchase plastic dqrums,Al-Baraka Bank,51499,0,-22705268,Cash,Purchases - Plastic Drums
2024-09-24,Reconditioning expense,TCS Courier,20330,0,-20027675,Bank,Refurbishing Costs
2024-09-24,eBought IBC tanks HTG Petro,TCS Courier,502380,0,-23301519,Cash,Purchases - IBC Tanks
2024-09-24,IBC tanks received bill,Walk-in Customer,595418,0,-24856454,Bank,Purchases - IBC Tanks
2024-09-24,Office rent,Punjab Chemicals,63727,0,6719457,Cash,Rent
2024-09-24,IBC small tank invoice,M Ehtisham,0,365990,-6366570,Cash,Sales - IBC Tanks
2024-09-24,notebook order,TCS Courier,6322,0,-19429369,Bank,Office Supplies
2024-09-24,Customer payment plastic drums,M Ehtisham,0,119768,-18918763,Bank,Sales - Plastic Drums
2024-09-24,Customer IBC payment,Al-Baraka Bank,0,274407,-21501972,Cash,Sales - IBC Tanks
2024-09-24,Plastic drum sale,Metro Traders,0,142403,-20762143,Cash,Sales - Plastic Drums
2024-09-24,General expense,Localz Supplier,939,0,1331730,Cash,Miscellaneous
2024-09-24,Steel drum sale,Punjab Chemicals,0,147472,691091,Bank,Sales - Steel Drums
2024-09-24,Drum refurbishing labour,Bank Al Falah,69852,0,-16575258,Bank,Refurbishing Costs
2024-09-24,Steel drums dispatched,Bank Al Falah,0,778082,1624163,Cash,Sales - Steel Drums
2024-09-24,Sold reconditioned dgrums,Bank Al Falah,0,92522,-2605730,Cash,Sales - Refurbished Drums
2024-09-24,Drum refurbishing labour,Metro Traders,26728,0,-14591446,Bank,Refurbishing Costs
2024-09-24,Bought steel drums HTG Petro,Al-Baraka Bank,442801,0,-4915742,Bank,Purchases - Steel Drums
2024-09-24,Drum repair materials,TCS Couriper,64750,0,-4140885,Bank,Refurbishing Costs
2024-09-25,pwaint and coating drums,City Freight,42990,0,-15438427,Bank,Refurbishing Costs
2024-09-25,Phone bill,Regular Client,14023,0,-6587355,Cash,Utilities
2024-09-25,Godown rent,Habib Bank,63053,0,-18765618,Bank,Rent
2024-09-25,Purchase IBC small tanks,TCS Courier,496973,0,-23117541,Bank,Purchases - IBC Tanks
2024-09-25,Shop rent,Pakistan Drums Co,53460,0,-21708984,Cash,Rent
2024-09-25,IBC small tank invoice,Habib Banfk,0,722574,-18644388,Cash,Sales - IBC Tanks
2024-09-25,Phone bill,Punjab Chemicals,7628,0,-24314838,Bank,Utilities
2024-09-25,Plastic drzum sale,City Freight,0,107705,-3530016,Cash,Sales - Plastic Drums
2024-09-25,Gas charges,M Ehtisham,9929,0,-17776159,Cash,Utilities
2024-09-25,Refurbished steel drums invoice,Habib Bank,0,97430,-23390820,Cash,Sales - Refurbished Drums
2024-09-25,Steel drums dispatched,Regular Client,0,386080,-15306518,Cash,Sales - Steel Drums
2024-09-25,Godown rent,Pakistan Drums Co,26589,0,-18240271,Cash,Rent
2024-09-26,Stationery purchahse,punjab chemicals,4002,0,-9059583,Cash,Office Supplies
2024-09-26,Plastic drum procurement,Meezan Bank,173805,0,-7886713,Cash,Purchases - Plastic Drums
2024-09-26,Petty cash expense,HTG Petro,1970,0,2007433,Cash,Miscellaneous
2024-09-26,Steel drum sale,bank al falah,0,553388,-25119397,Cash,Sales - Steel Drums
2024-09-26,IBC tank sale,City Fxreight,0,666815,-13804031,Cash,Sales - IBC Tanks
2024-09-26,Purchase plastic drums,Habib Bank,43382,0,-18338771,Bank,Purchases - Plastic Drums
2024-09-26,Phone bill,walk-in customer,14483,0,-18441712,Cash,Utilities
2024-09-26,Petty cash expense,M Ehtisham,8025,0,-10047470,Bank,Miscellaneous
2024-09-26,Petty cash expense,Habib Bank,4641,0,-10116362,Cash,Miscellaneous
2024-09-26,Reconditioned barrel sale,Metro Traders,0,45456,-2698252,Bank,Sales - Refurbished Drums
2024-09-26,Bank service charges,Habib Bank,2941,0,-21803944,Cash,Bank Charges
2024-09-26,Bank commission,Punjab Chemicals,658,0,5388659,Cash,Bank Charges
2024-09-26,Printer ink,Al-Baraka Bank,13237,0,-22465970,Bank,Office Supplies
2024-09-27,Reconditioned barrel sale,htg petro,0,74683,-8613417,Cash,Sales - Refurbished Drums
2024-09-27,Paint and coating drums,yMeezan Bank,15167,0,-22737827,Bank,Refurbishing Costs
2024-09-27,phone bill,Metro Tradners,16562,0,-15899054,Bank,Utilities
2024-09-27,Stationery purchase,Regular Client,13811,0,-16675764,Cash,Office Supplies
2024-09-27,Refurbished drum sale,Local Supplier,0,106068,-20958392,Bank,Sales - Refurbished Drums
2024-09-27,Transport expense,Habib Bank,34116,0,-9935766,Bank,Freight & Conveyance
2024-09-27,Refurbished drum sale,Local Supplier,0,69003,-10652207,Bank,Sales - Refurbished Drums
2024-09-27,IBC tanks dispatched,Pakistan Drums Co,0,762218,-16699576,Cash,Sales - IBC Tanks
2024-09-27,Rdeconditioning expense,Metro Traders,25963,0,-8287998,Bank,Refurbishing Costs
2024-09-28,Reconditioning expense,HTG Petro,64180,0,-19622440,Cash,Refurbishing Costs
2024-09-28,IBC tanks dispatched,Pakistan Drums Co,0,504284,-18930708,Bank,Sales - IBC Tanks
2024-09-28,Sandblasting cost,Punjab Chemicals,72005,0,-21490663,Cash,Refurbishing Costs
2024-09-28,bought ibc tanks htg petro,TCS Courier,113475,0,446618,Bank,Purchases - IBC Tanks
2024-09-28,Paint and coating drums,Habib Bank,10921,0,-8490147,Bank,Refurbishing Costs
2024-09-28,transport expense,Al-Baraka Bbank,15981,0,-9133624,Bank,Freight & Conveyance
2024-09-28,Steel drums dispatched,Punjab Chemicals,0,785870,8184516,Cash,Sales - Steel Drums
2024-09-28,Purchase plastic drums,Punjab Chemicals,131497,0,-6169978,Bank,Purchases - Plastic Drums
2024-09-28,Cheque book charges,Pakistan Drums Co,2931,0,-7556614,Cash,Bank Charges
2024-09-28,Bank commission,Punjab Cnhemicals,4572,0,-20590591,Bank,Bank Charges
2024-09-28,Refurbished steel drums invoice,Pakistan Drums Cwo,0,137216,17158,Cash,Sales - Refurbished Drums
2024-09-28,Office furniture,Regular Client,2932,0,-11332641,Bank,Office Supplies
2024-09-28,IBC tanks received bill,Punjab Chemicals,270633,0,-20060079,Cash,Purchases - IBC Tanks
2024-09-28,Paper stock,Al-Baraka Banhk,4667,0,-17171821,Bank,Office Supplies
2024-09-28,Steel drums received,Habib Bank,105680,0,-21740774,Cash,Purchases - Steel Drums
2024-09-28,Office furniture,Habib Bank,14295,0,-3101985,Cash,Office Supplies
2024-09-28,Pbaper stock,Meezan Bank,1637,0,7149223,Cash,Office Supplies
2024-09-28,Electricity bill,Bank Al Falah,2225,0,-19647319,Cash,Utilities
2024-09-28,Electricity bill,City Fmreight,6716,0,-2592257,Bank,Utilities
2024-09-28,Delivery charges,TCS Courier,26932,0,-21251323,Bank,Freight & Conveyance
2024-09-29,papero stock,City Freixght,1931,0,-15593908,Cash,Office Supplies
2024-09-29,Office furniture,Regular Clieant,4433,0,-19509353,Bank,Office Supplies
2024-09-29,Drum repair materials,City Freight,18277,0,-25829330,Bank,Refurbishing Costs
2024-09-29,Steeli drum sale,Al-Baraka Bank,0,147959,-11454407,Cash,Sales - Steel Drums
2024-09-29,Refurbished steel drums invoice,Meezan Bank,0,80571,3102841,Cash,Sales - Refurbished Drums
2024-09-29,Sundry charges,TCS Courier,1666,0,-18700484,Bank,Miscellaneous
2024-09-29,Sold IBC tanks,City Freight,0,492622,7082610,Bank,Sales - IBC Tanks
2024-09-29,Refurbished steel drums invoice,HTG Petro,0,83478,-8126543,Cash,Sales - Refurbished Drums
2024-09-29,Paper stonck,Pakistan Drums Co,5185,0,-989733,Bank,Office Supplies
2024-09-29,Sundry charges,Punjab Chemicals,4264,0,-13488346,Cash,Miscellaneous
2024-09-29,Drum refurbishing labour,Habib Bank,45733,0,4689189,Cash,Refurbishing Costs
2024-09-29,Gas ckharges,Habib Bank,4325,0,-24850181,Cash,Utilities
2024-09-29,nNotebook order,City Freight,10860,0,-19129081,Cash,Office Supplies
2024-09-29,Delivery charges,bank al falah,20914,0,-20720414,Cash,Freight & Conveyance
2024-09-29,Bank service charges,Local Supplier,1984,0,-9994245,Bank,Bank Charges
2024-09-30,IBC wtank procurement,Pakistan Drums Co,683734,0,-15333506,Bank,Purchases - IBC Tanks
2024-09-30,offfice rent,Pakistan Drums Co,40299,0,-1069833,Cash,Rent
2024-09-30,Miscellaneous expense,Meezan Bank,4307,0,-4714719,Cash,Miscellaneous
2024-09-30,IBC tank procurement,Localv Supplier,182271,0,-10628704,Cash,Purchases - IBC Tanks
2024-09-30,Sold plastic drums,City Freight,0,90441,-2841222,Cash,Sales - Plastic Drums
2024-09-30,Stationery purchase,Metro Traders,14380,0,-9652637,Cash,Office Supplies
2024-09-30,Steel drum sale,Bank Al Falah,0,312025,7647613,Cash,Sales - Steel Drums
2024-09-30,Plastic drums delivered,Metro Traders,0,99019,-11713199,Cash,Sales - Plastic Drums
2024-09-30,Freight charges,Regular Client,29578,0,-22879096,Bank,Freight & Conveyance
2024-09-30,Refurbished steel drsums invoice,Al-Baraka Bank,0,124482,-10238817,Bank,Sales - Refurbished Drums
2024-09-30,Bought plastic drums,Punjab Chemicals,155798,0,-5512980,Cash,Purchases - Plastic Drums
2024-09-30,Steael drum sale,tcs courier,0,873946,-22191775,Bank,Sales - Steel Drums
2024-09-30,Refurbished drum sale,Walk-in Customer,0,125075,-338755,Bank,Sales - Refurbished Drums
2024-10-01,Sundry charges,M Ehtisham,4025,0,-23725781,Bank,Miscellaneous
2024-10-01,Online transfer fee,Al-Bapraka Bank,3895,0,-17569608,Cash,Bank Charges
2024-10-01,Sold IBC tanks,Regular Client,0,201126,-18690481,Cash,Sales - IBC Tanks
2024-10-01,Godown rent,TCS Courier,30484,0,-9813629,Bank,Rent
2024-10-01,Paper stock,Metro Traders,12734,0,-4897794,Bank,Office Supplies
2024-10-01,IBC tank sale,Metro Traders,0,415622,-3729075,Bank,Sales - IBC Tanks
2024-10-01,IBC tanks received bill,local supplier,192190,0,-21035218,Cash,Purchases - IBC Tanks
2024-10-01,Storage rent paid,Habib Bank,65890,0,4252597,Cash,Rent
2024-10-01,plastic drum procurement,Punjab Chemicals,95203,0,5409947,Bank,Purchases - Plastic Drums
2024-10-02,IBC tank sale,Al-Baraka Banwk,0,365376,-7601588,Cash,Sales - IBC Tanks
2024-10-02,Sold steel drums,Pakistan Drums Co,0,544437,-4603326,Cash,Sales - Steel Drums
2024-10-02,Steel drums received,Pakistan Drums Co,271019,0,-8193499,Bank,Purchases - Steel Drums
2024-10-02,water bill,Walk-in Cusatomer,3500,0,-6038481,Bank,Utilities
2024-10-02,Bought plastic drums,City Freioght,158789,0,-21354649,Bank,Purchases - Plastic Drums
2024-10-02,Customer IBC payment,Al-Baraka Bank,0,759898,-6525622,Cash,Sales - IBC Tanks
2024-10-02,Cheque book charges,Regular Client,2109,0,4226570,Cash,Bank Charges
2024-10-02,Reconditioning expense,City Freight,22920,0,-4076135,Bank,Refurbishing Costs
2024-10-02,Steel drums dispatched,Al-Baraka Bank,0,126612,-8772263,Bank,Sales - Steel Drums
2024-10-02,Purchase IBC small tanks,Al-Baraka Bank,331544,0,7237910,Bank,Purchases - IBC Tanks
2024-10-02,Paint and coating drums,HTG Petro,30431,0,-20419074,Bank,Refurbishing Costs
2024-10-02,Refurbished steel drums invoice,Regular Client,0,102933,-4794861,Bank,Sales - Refurbished Drums
2024-10-02,Purchase steel drums,Al-Baraka Bank,163683,0,-21910517,Bank,Purchases - Steel Drums
2024-10-02,Stationery purchase,Bank Al Fallah,7919,0,148246,Cash,Office Supplies
2024-10-02,Customer payment plasticr drums,Regular Client,0,99628,-21063911,Bank,Sales - Plastic Drums
2024-10-02,Notebook order,City Freight,8341,0,8302217,Bank,Office Supplies
2024-10-03,IBC tanks dispatched,Habib Byank,0,250137,-8066492,Cash,Sales - IBC Tanks
2024-10-03,Plasltic drums received,City Freight,137945,0,-6712298,Cash,Purchases - Plastic Drums
2024-10-03,Monzthly warehouse rent,Regular Client,41979,0,2524994,Cash,Rent
2024-10-03,IBC tanks received bill,TCS Courier,299467,0,-22790468,Cash,Purchases - IBC Tanks
2024-10-03,Plastic drumk sale,Al-Baraka Bank,0,72315,-13825399,Bank,Sales - Plastic Drums
2024-10-03,sandblasting cost,Meezan Bank,52661,0,-22403911,Cash,Refurbishing Costs
2024-10-03,Plafstic drum procurement,Metro Traders,160298,0,8079361,Bank,Purchases - Plastic Drums
2024-10-03,IBC tank sale,htg petro,0,545963,-21930791,Cash,Sales - IBC Tanks
2024-10-03,IBC tank sale,Pakistan Drums Co,0,563852,-19058588,Bank,Sales - IBC Tanks
2024-10-03,Refurbished steel drums invoice,Local Supplier,0,20511,-17321772,Bank,Sales - Refurbished Drums
2024-10-03,Steel drums dispatched,Walk-in Customer,0,514247,-1014332,Bank,Sales - Steel Drums
2024-10-04,Customer payment plastic drums,M Ehtisham,0,41471,-4099414,Cash,Sales - Plastic Drums
2024-10-04,Delivery cuharges,Meezan Bank,34845,0,-715253,Cash,Freight & Conveyance
2024-10-04,Paper stock,Metro Traders,9422,0,-19172715,Cash,Office Supplies
2024-10-04,Purchase plastic drums,Local Supplier,92401,0,-22987540,Bank,Purchases - Plastic Drums
2024-10-04,Paint and coating drums,HTG Petro,5251,0,-13118355,Bank,Refurbishing Costs
2024-10-04,Truck hire drums,Meezan Barnk,11830,0,-2617560,Bank,Freight & Conveyance
2024-10-04,Plastic drums delivered,Local Supplier,0,177555,-8434372,Cash,Sales - Plastic Drums
2024-10-04,Storagey rent paid,Pakistan Drums Co,36868,0,-15057451,Bank,Rent
2024-10-04,Customer pickup steel drums,Regular Client,0,344313,-23773662,Bank,Sales - Steel Drums
2024-10-04,Drums conveyance,Punjab Chemicals,36786,0,7039129,Cash,Freight & Conveyance
2024-10-04,jIBC tanks dispatched,Al-Baraka Bank,0,616853,-6819774,Bank,Sales - IBC Tanks
2024-10-04,Customer pickup steel drums,local supplier,0,96078,-18293122,Cash,Sales - Steel Drums
2024-10-04,Office furniture,Regular Client,1241,0,8488480,Bank,Office Supplies
2024-10-04,Paint and coating drums,Habib Bannk,67561,0,-21244658,Cash,Refurbishing Costs
2024-10-05,Office furniture,City Freight,13618,0,-21619156,Cash,Office Supplies
2024-10-05,Sold preconditioned drums,Bank Al Falah,0,80736,2640336,Bank,Sales - Refurbished Drums
2024-10-05,Watfer bill,Punjab Chemicals,6102,0,-2679387,Bank,Utilities
2024-10-05,Customer payment plastic drums,rBank Al Falah,0,160305,-21539061,Cash,Sales - Plastic Drums
2024-10-05,Steel drums dispatched,Metro Traders,0,411755,2419593,Cash,Sales - Steel Drums
2024-10-05,Plastic drums delivered,Bank Al Falah,0,135925,-8066435,Bank,Sales - Plastic Drums
2024-10-05,IBC tank sale,Local Supplier,0,434270,747547,Bank,Sales - IBC Tanks
2024-10-05,Plastic drums renceived,Bank Al Falah,91748,0,-8581895,Cash,Purchases - Plastic Drums
2024-10-05,Purchase IBC small tanks,walk-in customer,367936,0,2566973,Bank,Purchases - IBC Tanks
2024-10-06,Paper stock,Pakistan Drums Co,14668,0,-18429288,Cash,Office Supplies
2024-10-06,Online transfer fee,Bank Al Falah,1550,0,-18432404,Bank,Bank Charges
2024-10-06,plastic drums received,Pakistan Drums Co,81741,0,1254140,Cash,Purchases - Plastic Drums
2024-10-06,Plastic drum procurement,Local Suppllier,156294,0,-23110942,Cash,Purchases - Plastic Drums
2024-10-06,Refurbished steel drums invoice,Local Supplier,0,65510,-3174110,Cash,Sales - Refurbished Drums
2024-10-06,Plastic drums delivered,Al-Barakka Bank,0,195256,-1533517,Cash,Sales - Plastic Drums
2024-10-06,Reconditioned barrel sale,punjab chemicals,0,132078,8476088,Bank,Sales - Refurbished Drums
2024-10-06,Delivery charges,punjab chemicals,59192,0,378569,Bank,Freight & Conveyance
2024-10-06,Stationery purchase,TCrS Courier,14985,0,-18820119,Cash,Office Supplies
2024-10-06,Plastic drums received,M Ehtisham,36228,0,-5594768,Cash,Purchases - Plastic Drums
2024-10-06,Water bbill,Meezan Bank,17691,0,-227738,Bank,Utilities
2024-10-06,Purchase plasetic drums,M Ehtisham,72136,0,-20877304,Bank,Purchases - Plastic Drums
2024-10-07,Refurbished drum sale,Al-Baraka Bvank,0,68475,-7436627,Cash,Sales - Refurbished Drums
2024-10-07,Customer pickup steel drums,City Freight,0,489871,974342,Bank,Sales - Steel Drums
2024-10-07,Godown rent,Bank Al Falah,57859,0,-6944815,Cash,Rent
2024-10-07,Sandblasting cost,HTG Petro,61921,0,-11392662,Bank,Refurbishing Costs
2024-10-07,General expense,Meezan Bank,5957,0,-19155097,Cash,Miscellaneous
2024-10-07,invoice steel drums,TCS Courier,0,286726,7169258,Cash,Sales - Steel Drums
2024-10-07,Sandblasting cost,Pakistan Drums Co,17579,0,4244423,Bank,Refurbishing Costs
2024-10-07,Cheque book charges,HTG Petrpo,3687,0,-21575139,Cash,Bank Charges
2024-10-07,Plastic drum sale,M Ehtishaem,0,88999,-20256291,Cash,Sales - Plastic Drums
2024-10-07,Drum repair materials,HTG Petrxo,26654,0,-18478980,Cash,Refurbishing Costs
2024-10-08,Godown rent,Pakistan pDrums Co,24787,0,-18500196,Cash,Rent
2024-10-08,Online trvansfer fee,City Freight,2009,0,6049353,Cash,Bank Charges
2024-10-08,Drum refurbishing labour,M Ehtisham,56866,0,-22216927,Cash,Refurbishing Costs
2024-10-08,Drum repair mayterials,Al-Baraka Bank,42666,0,-1085283,Bank,Refurbishing Costs
2024-10-08,Steel drum sale,Habib Bank,0,571812,6146146,Bank,Sales - Steel Drums
2024-10-08,IBC tanks received bill,TCS Courier,363716,0,-19183835,Bank,Purchases - IBC Tanks
2024-10-08,IBC small tank invoice,Regular Client,0,747588,710266,Cash,Sales - IBC Tanks
2024-10-08,Plastic drum procurement,Bank Al Falah,53741,0,-2136346,Bank,Purchases - Plastic Drums
2024-10-08,electricbity bill,Punjab Chemicals,4894,0,-5479992,Cash,Utilities
2024-10-08,Plastic drum procurement,City Freight,175710,0,-16456419,Bank,Purchases - Plastic Drums
2024-10-08,Refurbished drum sale,Bank Al Falah,0,68086,258058,Cash,Sales - Refurbished Drums
2024-10-08,Printer ink,TCS Courier,8252,0,2882518,Cash,Office Supplies
2024-10-08,Paper stock,city freight,1203,0,-16908048,Bank,Office Supplies
2024-10-08,Stationery purchase,Al-Baraka Bank,6097,0,-8062424,Bank,Office Supplies
2024-10-09,Office rent,Habib Bank,36739,0,743607,Bank,Rent
2024-10-09,Customer IBC payment,HTG Pfetro,0,380111,-19160488,Cash,Sales - IBC Tanks
2024-10-09,Bought steel drums HTG Petro,Walk-in Customer,279943,0,-18682755,Cash,Purchases - Steel Drums
2024-10-09,Refurbished steel drums invoice,Habib xBank,0,109696,-23506599,Bank,Sales - Refurbished Drums
2024-10-09,Refurbished steel drums invoice,Meezan Bank,0,28973,-19632658,Bank,Sales - Refurbished Drums
2024-10-09,Refurbished drum sale,Meezan Bank,0,131291,-20510725,Bank,Sales - Refurbished Drums
2024-10-09,Bank commission,Regular Client,4140,0,7233420,Cash,Bank Charges
2024-10-09,Drum refurbishing labour,Pakistan Drums Co,7961,0,-19935157,Bank,Refurbishing Costs
2024-10-09,IBC tank procurement,Walk-in Customer,426700,0,-20391603,Bank,Purchases - IBC Tanks
2024-10-09,Purchase plastic drums,M Ehtisham,64757,0,7223774,Bank,Purchases - Plastic Drums
2024-10-09,Customer payment plastic drums,TCS Courier,0,38157,2523656,Bank,Sales - Plastic Drums
2024-10-09,Office furniture,HTG Petro,4056,0,-2671105,Cash,Office Supplies
2024-10-09,Drum refurbiskhing labour,Bank Al Falah,24107,0,414115,Cash,Refurbishing Costs
2024-10-09,Delivery charges,City Freight,5145,0,-15875105,Bank,Freight & Conveyance
2024-10-09,Plasticd drum procurement,Walk-in Customer,37657,0,-19368670,Cash,Purchases - Plastic Drums
2024-10-09,Freight chbarges,Punjab Chemicals,48118,0,5941546,Bank,Freight & Conveyance
2024-10-09,Purchase plastic drums,Walrk-in Customer,108909,0,4239513,Bank,Purchases - Plastic Drums
2024-10-10,Miscellaneous expense,Metro Traders,7023,0,-15359425,Cash,Miscellaneous
2024-10-10,Sold steel drums,Pakistan Drums Co,0,277335,-24572846,Bank,Sales - Steel Drums
2024-10-10,Plastic drum procurement,Walk-in Customer,33746,0,-19759423,Bank,Purchases - Plastic Drums
2024-10-10,hGodown rent,Habib Bank,23063,0,-19135995,Bank,Rent
2024-10-10,Prlastic drum procurement,Local Supplier,60621,0,2508419,Bank,Purchases - Plastic Drums
2024-10-10,Purchase IBC small tanks,Local Supplier,640787,0,5664378,Cash,Purchases - IBC Tanks
2024-10-10,bank commission,HTG Petro,1439,0,-22755887,Cash,Bank Charges
2024-10-10,Sold IBC tanks,Regular Client,0,173083,-7984806,Cash,Sales - IBC Tanks
2024-10-10,Online transfer fee,Bank Al Falah,1219,0,-15607716,Cash,Bank Charges
2024-10-10,Storage rent paid,Al-Baraka Bank,49679,0,-25084758,Cash,Rent
2024-10-10,Plastic drums received,Al-Baraka Bank,81961,0,5450013,Cash,Purchases - Plastic Drums
2024-10-10,Plastic drums delivered,Habib qBank,0,123359,-14672666,Bank,Sales - Plastic Drums
2024-10-10,Reconditioning expense,HTG Petro,57400,0,-10751885,Cash,Refurbishing Costs
2024-10-10,truck hire drums,Punjab Chemicals,14152,0,8382101,Cash,Freight & Conveyance
2024-10-10,Electricity bill,Bank Al Falah,13251,0,-14172865,Cash,Utilities
2024-10-10,Reconditioned barrel sale,Walk-in Customer,0,22268,-10552881,Bank,Sales - Refurbished Drums
2024-10-10,Refurvbished drum sale,Meezan Bank,0,53270,-5056798,Cash,Sales - Refurbished Drums
2024-10-11,office furniture,Walk-in Customer,6818,0,-23970969,Bank,Office Supplies
2024-10-11,IBC tangks received bill,M Ehtisham,513889,0,6369693,Bank,Purchases - IBC Tanks
2024-10-11,Freight charges,Citjy Freight,35950,0,-19395925,Cash,Freight & Conveyance
2024-10-11,Paper stock,Metro zTraders,8918,0,-18983592,Cash,Office Supplies
2024-10-11,Delivery charges,Local Supplier,14908,0,4421238,Bank,Freight & Conveyance
2024-10-11,Notebook orvder,M Ehtisham,2768,0,-6385872,Cash,Office Supplies
2024-10-11,Notebook order,M Ehtisham,5203,0,-8033760,Cash,Office Supplies
2024-10-11,sold ibc tanks,Regular bClient,0,587033,1347235,Bank,Sales - IBC Tanks
2024-10-11,Paper stock,nM Ehtisham,12154,0,-18246488,Bank,Office Supplies
2024-10-11,Reconditioning expense,TCS Courier,37202,0,-21342883,Cash,Refurbishing Costs
2024-10-11,Steel drums dispatched,Punjacb Chemicals,0,750210,-13996848,Bank,Sales - Steel Drums
2024-10-12,Refurbished drum sale,Walk-in Customer,0,132968,-21679465,Bank,Sales - Refurbished Drums
2024-10-12,Plastic drum sale,HTG Petro,0,34129,-23923115,Cash,Sales - Plastic Drums
2024-10-12,Plastic drums received,Punjab Chemicals,168994,0,-9909879,Bank,Purchases - Plastic Drums
2024-10-12,Internet bill,Pakistan Drums Co,6898,0,259596,Bank,Utilities
2024-10-12,Miscellaneous expense,Al-Baraka Bank,6257,0,-13500565,Cash,Miscellaneous
2024-10-12,General expense,Regular Client,8910,0,548553,Cash,Miscellaneous
2024-10-12,Miscellaneous expense,Bank Al Falah,3474,0,-20035340,Cash,Miscellaneous
2024-10-12,Online transfer fee,Regular Client,2378,0,-16477753,Cash,Bank Charges
2024-10-12,Shop rent,Regular Client,53371,0,-14085495,Cash,Rent
2024-10-12,Stationery purchase,punjab chemicals,8471,0,-4557238,Cash,Office Supplies
2024-10-12,Purchase plastic drums,Al-Baraka Bank,186653,0,-20585619,Bank,Purchases - Plastic Drums
2024-10-12,Steel drum procurement,Metro Traders,348517,0,-17611415,Cash,Purchases - Steel Drums
2024-10-13,Truck hire drumws,Punjab Chemicals,24996,0,-17540639,Bank,Freight & Conveyance
2024-10-13,Bought plastic drums,City Freight,142392,0,-12340612,Cash,Purchases - Plastic Drums
2024-10-13,Water bill,Meezan Baznk,9593,0,-21509750,Bank,Utilities
2024-10-13,IBC tank sale,Walk-in Customer,0,697062,-13532564,Bank,Sales - IBC Tanks
2024-10-13,Cheque book charges,TCS Courier,514,0,-21819193,Bank,Bank Charges
2024-10-13,IBC small tank invoice,HTG Petro,0,590130,-3017700,Cash,Sales - IBC Tanks
2024-10-13,office rent,Habib Bank,50858,0,-12150024,Cash,Rent
2024-10-13,Electricity bill,Habib Bank,4745,0,-4920487,Cash,Utilities
2024-10-13,Petty cash expense,Bank Al Falah,3179,0,-407170,Bank,Miscellaneous
2024-10-13,Transport expense,TCS Couwrier,13958,0,5039170,Bank,Freight & Conveyance
2024-10-13,Transport expense,TCS Courier,48882,0,5164218,Cash,Freight & Conveyance
2024-10-13,Drum refurbishing labour,Punjab Chemicals,14872,0,-20339353,Cash,Refurbishing Costs
2024-10-13,steel drums dispatched,m ehtisham,0,863207,3713924,Cash,Sales - Steel Drums
2024-10-13,IBC small tank invoice,Al-Baraka Bank,0,657851,7580770,Bank,Sales - IBC Tanks
2024-10-13,Plastic drums received,Punjab Chemicals,144828,0,-19889732,Bank,Purchases - Plastic Drums
2024-10-13,vShop rent,HTG Petro,77466,0,-26342437,Cash,Rent
2024-10-13,Reconditioning expense,htg petro,72789,0,341326,Cash,Refurbishing Costs
2024-10-14,Reconditioned bafrrel sale,Al-Baraka Bank,0,121647,-17400212,Bank,Sales - Refurbished Drums
2024-10-14,Paint and coating drums,Habib Bank,43223,0,918571,Bank,Refurbishing Costs
2024-10-14,General expense,bank al falah,4664,0,-13691632,Bank,Miscellaneous
2024-10-14,Customer pickup steel drums,Metro Traders,0,594405,-7962023,Cash,Sales - Steel Drums
2024-10-14,IBC tanks received bill,M Ehtisham,524035,0,-19836277,Bank,Purchases - IBC Tanks
2024-10-14,Sold plastic drums,Metro Traders,0,68837,-9760934,Bank,Sales - Plastic Drums
2024-10-14,Steel drum sale,Mc Ehtisham,0,733485,-20462286,Cash,Sales - Steel Drums
2024-10-14,Office furniture,City Freight,9158,0,-21749629,Bank,Office Supplies
2024-10-14,Invoice steel drums,M oEhtisham,0,462197,-5028982,Bank,Sales - Steel Drums
2024-10-14,General expense,Local Supplier,3069,0,2675883,Cash,Miscellaneous
2024-10-14,Miscellaneous expense,M Ehtisham,909,0,-19026550,Bank,Miscellaneous
2024-10-14,Steel drums received,TCSv Courier,441562,0,272689,Bank,Purchases - Steel Drums
2024-10-14,gas charges,M Ehtisham,9588,0,-14970756,Bank,Utilities
2024-10-14,IBC tanks received bill,Meezan Bank,639631,0,-19324440,Bank,Purchases - IBC Tanks
2024-10-14,Online transfer fee,TCS Courier,4264,0,-16983454,Bank,Bank Charges
2024-10-15,Refurbished drum sale,Regular Client,0,21699,7222050,Bank,Sales - Refurbished Drums
2024-10-15,Phone bill,m ehtisham,12330,0,2678952,Bank,Utilities
2024-10-15,Drums conveyance,HTG Petro,19648,0,-14747058,Bank,Freight & Conveyance
2024-10-15,Misjcellaneous expense,Walk-in Customer,515,0,-2824923,Cash,Miscellaneous
2024-10-15,Bank service charges,Pakistan Drums Co,3903,0,-20837863,Bank,Bank Charges
2024-10-15,Sundry chargtes,Habib Bank,3793,0,335968,Bank,Miscellaneous
2024-10-15,Drum repair materials,Metro Traders,22731,0,-10140044,Bank,Refurbishing Costs
2024-10-15,Reconditioning expense,Meezan Bank,77307,0,-22919122,Bank,Refurbishing Costs
2024-10-15,Bought plastic drums,HTG Peitro,169184,0,-18603623,Cash,Purchases - Plastic Drums
2024-10-15,Steel drums received,meezan bank,47936,0,-14640443,Cash,Purchases - Steel Drums
2024-10-15,triansport expense,Pakistan Drums Co,13816,0,-24455872,Cash,Freight & Conveyance
2024-10-15,Sundry charges,Meezan Bank,7516,0,-19066104,Bank,Miscellaneous
2024-10-15,Drum repair materials,Habib Bank,9002,0,-10888915,Bank,Refurbishing Costs
2024-10-15,Bank commission,walk-in scustomer,923,0,3523902,Bank,Bank Charges
2024-10-16,drum repair materials,punjab chemicals,33537,0,-23586104,Bank,Refurbishing Costs
2024-10-16,Water bill,Metro Traders,7978,0,-10876629,Bank,Utilities
2024-10-16,Sold plastic drums,City Freight,0,140295,-10742720,Cash,Sales - Plastic Drums
2024-10-16,Bank service charges,Regular Client,1510,0,2013223,Cash,Bank Charges
2024-10-16,Drum refurbishing labour,Habib Bank,58562,0,-18561368,Cash,Refurbishing Costs
2024-10-16,Electricity bill,HTG Petro,3226,0,7946568,Bank,Utilities
2024-10-16,Steelf drum sale,Punjab Chemicals,0,319877,-20251316,Cash,Sales - Steel Drums
2024-10-17,Sterel drums received,City Freight,661049,0,-10278295,Bank,Purchases - Steel Drums
2024-10-17,IBC small tank invoice,regular client,0,734313,2597146,Cash,Sales - IBC Tanks
2024-10-17,IBC tank sale,Bank Al Falcah,0,151769,-19937115,Bank,Sales - IBC Tanks
2024-10-17,Steel drum procurement,HTG Pfetro,494438,0,-26292425,Bank,Purchases - Steel Drums
2024-10-17,Transport expense,Pakistan Drums Co,57735,0,-21742402,Bank,Freight & Conveyance
2024-10-17,Shop rent,Metro Traders,36390,0,-6171796,Bank,Rent
2024-10-17,Transport expense,TCS Courier,19625,0,-13237908,Bank,Freight & Conveyance
2024-10-17,Refurbished drum sale,Local Supplier,0,59894,-22274622,Bank,Sales - Refurbished Drums
2024-10-17,Transportg expense,Al-Baraka Bank,28311,0,-20888748,Bank,Freight & Conveyance
2024-10-17,paper stock,Punjab Chemicals,7539,0,-14503732,Cash,Office Supplies
2024-10-17,Sold IBC tanks,HTG Petro,0,557221,5110317,Cash,Sales - IBC Tanks
2024-10-17,Purchase IBC small tanks,Regular Client,479834,0,-24552213,Bank,Purchases - IBC Tanks
2024-10-17,Internet bill,HTG Petro,18314,0,-18438459,Bank,Utilities
2024-10-17,Printer ink,HTG Petro,5062,0,-13128815,Cash,Office Supplies
2024-10-17,IBC tanks dispatched,htg petro,0,791900,-20277739,Bank,Sales - IBC Tanks
2024-10-17,Bought plastic drums,Punjab Chemicaxls,153372,0,-12265493,Bank,Purchases - Plastic Drums
2024-10-17,Online transfer fee,Pakistan Drums Co,3831,0,-20893980,Bank,Bank Charges
2024-10-17,General expense,Meezan Bank,7719,0,-24226516,Bank,Miscellaneous
2024-10-18,Internet bill,Bank Al Falah,19934,0,-23309684,Bank,Utilities
2024-10-18,Paint and coating drums,Meezan Bank,50510,0,-18203625,Bank,Refurbishing Costs
2024-10-18,Steel drums received,HTG Petro,587783,0,-16386391,Bank,Purchases - Steel Drums
2024-10-18,Gas charges,Walk-in Customer,16591,0,-8645273,Cash,Utilities
2024-10-18,Steel drums received,Bank Al Falah,661005,0,-19482504,Cash,Purchases - Steel Drums
2024-10-18,truck hire drums,Metro Traders,30266,0,-17510577,Cash,Freight & Conveyance
2024-10-18,IBC tanks fdispatched,Metro Traders,0,401976,-13136500,Bank,Sales - IBC Tanks
2024-10-18,Steel drum sale,al-barakda bank,0,65845,5213100,Cash,Sales - Steel Drums
2024-10-18,Customer IBC payment,M Ehtisham,0,486823,7806286,Bank,Sales - IBC Tanks
2024-10-18,Drums conveyance,Habib Bank,34334,0,-18672648,Cash,Freight & Conveyance
2024-10-18,Electricity bill,Pakistan Drums Co,5212,0,-19370664,Bank,Utilities
2024-10-18,Reconditioning expense,City Freight,14008,0,-401026,Bank,Refurbishing Costs
2024-10-18,Reconditioning expense,HTG Petro,77469,0,1317711,Cash,Refurbishing Costs
2024-10-18,ibc tank procurement,Regular Client,190493,0,344067,Cash,Purchases - IBC Tanks
2024-10-18,Purechase plastic drums,HTG Petro,33512,0,-20403478,Cash,Purchases - Plastic Drums
2024-10-19,Customer pickup steel drums,Habib Bank,0,311353,-16373113,Bank,Sales - Steel Drums
2024-10-19,Sold reconditioned drums,hxabib bank,0,26863,-23284456,Cash,Sales - Refurbished Drums
2024-10-19,Bought plastic dryums,Habib Bank,47445,0,-1091180,Bank,Purchases - Plastic Drums
2024-10-19,ibc tanks received bill,Habib Bank,117080,0,-21132616,Cash,Purchases - IBC Tanks
2024-10-19,Stdeel drums received,Bank Al Falah,837785,0,-8348194,Bank,Purchases - Steel Drums
2024-10-19,Interqnet bill,Local Svupplier,5004,0,-8028557,Bank,Utilities
2024-10-19,ibc tank procurement,City Freight,559750,0,-14729126,Bank,Purchases - IBC Tanks
2024-10-19,Truck hire drums,Local Supplier,59320,0,1922345,Bank,Freight & Conveyance
2024-10-19,Invoice plastic drums,m ehtisham,0,130516,-22044619,Bank,Sales - Plastic Drums
2024-10-19,Customer IBC payment,Punjab Chemicals,0,690200,-568587,Bank,Sales - IBC Tanks
2024-10-19,Steel drum procurement,TCS Courier,834623,0,-13079732,Bank,Purchases - Steel Drums
2024-10-19,Notebook order,TCS Courier,2932,0,-6992142,Bank,Office Supplies
2024-10-19,Bought plastic drums,M Ehtisham,119420,0,-24307210,Cash,Purchases - Plastic Drums
2024-10-20,Electricity bill,TCS Courier,4002,0,7384190,Bank,Utilities
2024-10-20,IBC small tank invoice,bank al falah,0,239649,-18069388,Cash,Sales - IBC Tanks
2024-10-20,Plastic drums delivered,Walk-in Customer,0,49325,-20643810,Cash,Sales - Plastic Drums
2024-10-20,Transport expense,city freight,33412,0,-21391525,Bank,Freight & Conveyance
2024-10-20,Bought dsteel drums HTG Petro,Habib Bank,312014,0,-13218283,Bank,Purchases - Steel Drums
2024-10-20,Shop rent,Meezan Bank,30581,0,-8154862,Cash,Rent
2024-10-20,Cheque book charges,City Freight,1957,0,4988816,Cash,Bank Charges
2024-10-20,Paint and coating drums,pakistan drums cuo,31569,0,-6732560,Cash,Refurbishing Costs
2024-10-20,Gas charges,Walk-in Custlomer,7810,0,-14183227,Bank,Utilities
2024-10-20,Stationery purchase,Local Supplier,3011,0,-21783048,Bank,Office Supplies
2024-10-20,Reconditioning expense,Walk-in Customer,37700,0,-19159475,Bank,Refurbishing Costs
2024-10-21,Office rent,kWalk-in Customer,50332,0,7730908,Cash,Rent
2024-10-21,IBC tanks received bill,Habib Bank,604647,0,4384169,Cash,Purchases - IBC Tanks
2024-10-21,Stationery purchase,htg petro,11684,0,4895773,Cash,Office Supplies
2024-10-21,Office rent,Local Supplier,28400,0,-9938279,Bank,Rent
2024-10-21,Shopf rent,Metro Traders,60541,0,366046,Cash,Rent
2024-10-21,Plastic drums delivered,Al-Baraka Bank,0,192053,-6039503,Bank,Sales - Plastic Drums
2024-10-21,Refurbished steel drums invoice,Meezan Bank,0,139321,2593077,Cash,Sales - Refurbished Drums
2024-10-21,Customer payment plastic drums,Meezan Bank,0,182255,-19788666,Bank,Sales - Plastic Drums
2024-10-21,Sold plastic drums,Regular Client,0,69558,-18135807,Bank,Sales - Plastic Drums
2024-10-21,Customer IBC payment,Regular Client,0,694527,-23007302,Bank,Sales - IBC Tanks
2024-10-21,Drum refurbishing labour,metro traders,40162,0,-19273943,Cash,Refurbishing Costs
2024-10-21,Monthly warehouse rent,local supplier,28687,0,-20799346,Bank,Rent
2024-10-21,Plastic drum sale,TCS Courier,0,107281,520022,Cash,Sales - Plastic Drums
2024-10-22,Bought plastic drums,Meezan Bank,55671,0,-21768528,Cash,Purchases - Plastic Drums
2024-10-22,Storage rent paid,Bank Al Falah,34980,0,4352934,Cash,Rent
2024-10-22,Invoice steel drums,Habib Bank,0,530365,-21057078,Bank,Sales - Steel Drums
2024-10-22,General expense,Pakistan Drums mCo,5923,0,-19481770,Cash,Miscellaneous
2024-10-22,Purchase IBC small tanks,HTG rPetro,553582,0,8020748,Bank,Purchases - IBC Tanks
2024-10-22,Office rent,M Ehtisham,70252,0,-20170974,Bank,Rent
2024-10-22,Drums conveyance,TCS Courier,24717,0,-5616992,Bank,Freight & Conveyance
2024-10-22,steel drums received,Walk-in Customer,140871,0,223281,Bank,Purchases - Steel Drums
2024-10-22,Steel drums dispatched,Metro Traders,0,212553,-4116110,Bank,Sales - Steel Drums
2024-10-23,Electricity bill,TCS Courier,14660,0,-8449032,Cash,Utilities
2024-10-23,shop rent,Regular Client,67691,0,-21964795,Bank,Rent
2024-10-23,IBC tank procurement,Punjab Chemicals,458998,0,4436146,Cash,Purchases - IBC Tanks
2024-10-23,general expense,Bank Ayl Falah,3202,0,-23926317,Bank,Miscellaneous
2024-10-23,Steel drum sale,M Ehtisham,0,280010,-19540599,Cash,Sales - Steel Drums
2024-10-23,IBC tank procurement,Regular Client,594131,0,-19418493,Bank,Purchases - IBC Tanks
2024-10-23,IBC tank psale,Al-Baraka Bank,0,196575,-14409916,Cash,Sales - IBC Tanks
2024-10-23,Online transfer fee,City Freight,4015,0,-7055479,Cash,Bank Charges
2024-10-23,Sold steel drums,Pakistan Drums Co,0,195032,-5982602,Cash,Sales - Steel Drums
2024-10-23,Gas chaqrges,Local Supplier,17578,0,1470738,Bank,Utilities
2024-10-23,Electricity bill,HTG Petro,2568,0,-21398877,Cash,Utilities
2024-10-23,Sold steel drums,yMeezan Bank,0,861005,-5491085,Cash,Sales - Steel Drums
2024-10-23,Paper stock,Punjab Chemicals,7979,0,-8009042,Cash,Office Supplies
2024-10-23,ibc tanks received bill,Punjab Chemicals,522983,0,-15742368,Bank,Purchases - IBC Tanks
2024-10-23,refurbished steel drums invoice,Walk-in Customer,0,89158,7440423,Cash,Sales - Refurbished Drums
2024-10-24,Bought plastic drums,Walk-in Customer,163238,0,-2842625,Cash,Purchases - Plastic Drums
2024-10-24,Storage rent paid,HTG Petro,37999,0,-14221226,Bank,Rent
2024-10-24,Purchase steel drums,Mz Ehtisham,124722,0,-16574152,Cash,Purchases - Steel Drums
2024-10-24,Internet bill,Punjab Chemicals,13334,0,-10566215,Cash,Utilities
2024-10-24,IBC tanks dispatched,regular client,0,212993,-23921967,Cash,Sales - IBC Tanks
2024-10-24,Invoice rplastic drums,HTG Petro,0,57066,-4451501,Cash,Sales - Plastic Drums
2024-10-24,qGas charges,bHabib Bank,13154,0,-3373504,Bank,Utilities
2024-10-24,General expense,Local Supplier,1348,0,4696648,Cash,Miscellaneous
2024-10-24,refurbished steel drums invoice,TCS Courier,0,34814,4348396,Cash,Sales - Refurbished Drums
2024-10-24,IBC tank procurement,Al-Baraka Bank,197704,0,-4414331,Bank,Purchases - IBC Tanks
2024-10-24,Water bill,City Freight,16934,0,-13135289,Cash,Utilities
2024-10-24,Bought plasticc drums,bank al falah,95941,0,-19718056,Cash,Purchases - Plastic Drums
2024-10-24,Purchase steel drums,Metro Traders,687588,0,-22900004,Bank,Purchases - Steel Drums
2024-10-24,Online transfer fee,Local Supplier,3699,0,-22976496,Cash,Bank Charges
2024-10-25,Transiport expense,tcs courier,50110,0,-9753381,Bank,Freight & Conveyance
2024-10-25,bought ibc tanks htg petro,Punjab Chemicals,312043,0,-18382329,Cash,Purchases - IBC Tanks
2024-10-25,Reconditioned barrel sale,Local Supplier,0,26659,-20324481,Bank,Sales - Refurbished Drums
2024-10-25,Customer IBC payment,City Freight,0,374338,-2759366,Cash,Sales - IBC Tanks
2024-10-25,IBC tank sale,M Ehtisham,0,401844,-21643044,Bank,Sales - IBC Tanks
2024-10-25,Customer pickup steel drums,Habibs Bank,0,228206,-24891191,Bank,Sales - Steel Drums
2024-10-25,Invoice steel sdrums,M Ehtisham,0,98736,-6164023,Bank,Sales - Steel Drums
2024-10-25,Steel drums received,nTCS Courier,474056,0,-12514805,Cash,Purchases - Steel Drums
2024-10-25,Refurbished drum sale,M Ehtisham,0,80516,-24397653,Cash,Sales - Refurbished Drums
2024-10-25,online transfer fee,Pakistan Drums Co,2054,0,-11812218,Bank,Bank Charges
2024-10-25,ibc tanks dispatched,City Freight,0,756026,-20571193,Bank,Sales - IBC Tanks
2024-10-25,Steel drums received,City Freight,65996,0,-13113104,Bank,Purchases - Steel Drums
2024-10-25,Purchase plastic drums,City Freight,32138,0,505365,Cash,Purchases - Plastic Drums
2024-10-25,Plastic drum smale,HTG Pgetro,0,164565,-12697262,Cash,Sales - Plastic Drums
2024-10-25,Plastic drums received,Walk-in Customer,103450,0,-17673058,Bank,Purchases - Plastic Drums
2024-10-25,Shop rent,HTxG Petro,47006,0,2420263,Bank,Rent
2024-10-26,Solds IBC tanks,Metro Traders,0,485756,-15591977,Cash,Sales - IBC Tanks
2024-10-26,Bought xIBC tanks HTG Petro,Pakistan Drums Co,674276,0,-10370211,Cash,Purchases - IBC Tanks
2024-10-26,Customer IBC payment,Habib Bank,0,627164,-10169942,Cash,Sales - IBC Tanks
2024-10-26,Delivery charges,Habib Bank,13600,0,-10575149,Bank,Freight & Conveyance
2024-10-26,Notebook order,Pakistan Drums Co,9514,0,7398646,Cash,Office Supplies
2024-10-26,Internet bill,TCS Courier,9539,0,-21648928,Bank,Utilities
2024-10-26,Bought plastic drums,Bank Al Falah,97656,0,-722205,Cash,Purchases - Plastic Drums
2024-10-26,Plastic drum sale,Punjab Chemicals,0,79232,-7285520,Cash,Sales - Plastic Drums
2024-10-26,Freight charges,TCS Courier,57977,0,-23964151,Cash,Freight & Conveyance
2024-10-26,IBC tanks received bill,Walk-in Customer,471871,0,-14532006,Bank,Purchases - IBC Tanks
2024-10-26,IBC tanks dispatched,Habib Bank,0,404090,-20090009,Cash,Sales - IBC Tanks
2024-10-26,Refurbished steel drums invoice,Mh Ehtisham,0,99289,-18828586,Bank,Sales - Refurbished Drums
2024-10-26,Bank commission,TCS Courier,1374,0,-22248348,Bank,Bank Charges
2024-10-26,Petty cash expense,Regular Client,6007,0,8464543,Bank,Miscellaneous
2024-10-27,phone bill,Pakistan Drums Co,4229,0,-3217643,Cash,Utilities
2024-10-27,Sold reconditioned drums,Habib Bank,0,107977,-7967770,Cash,Sales - Refurbished Drums
2024-10-27,Plastic drums received,Walk-in Customer,164088,0,-18367713,Bank,Purchases - Plastic Drums
2024-10-27,ibc tank procurement,HTGh Petro,141432,0,-13323848,Bank,Purchases - IBC Tanks
2024-10-27,purchase steel drums,Al-Baraka Bank,740012,0,-24108184,Cash,Purchases - Steel Drums
2024-10-27,Purchase steel drums,City Freight,624667,0,-23603638,Cash,Purchases - Steel Drums
2024-10-27,shop rent,Bank Al Falah,54939,0,-21122999,Cash,Rent
2024-10-28,IBC tanks areceived bill,M Ehtishasm,448244,0,-23646621,Bank,Purchases - IBC Tanks
2024-10-28,Customer IBC payment,M Ehtisham,0,438182,-21611137,Bank,Sales - IBC Tanks
2024-10-28,Freight charges,HTG Petro,38752,0,-20710300,Cash,Freight & Conveyance
2024-10-28,plastic drums received,regular client,76768,0,-18426467,Bank,Purchases - Plastic Drums
2024-10-28,Storage rent paid,City Freight,39648,0,-23282918,Bank,Rent
2024-10-28,Sandblasting cost,M Ehtisham,52782,0,-12113247,Cash,Refurbishing Costs
2024-10-28,Electricwity bill,Pakistan Drums Co,2972,0,-8854453,Cash,Utilities
2024-10-28,Invoice steel drums,Regular Client,0,180401,-19745632,Cash,Sales - Steel Drums
2024-10-28,Truck hire drums,bank al falah,19388,0,-20100722,Bank,Freight & Conveyance
2024-10-28,General efxpense,TCS Courier,9679,0,-19396051,Bank,Miscellaneous
2024-10-28,Plastic drums delivered,Metro Traders,0,118961,-19839447,Bank,Sales - Plastic Drums
2024-10-28,IBC tanks dispatched,Walk-in Customer,0,666870,-18727625,Cash,Sales - IBC Tanks
2024-10-28,Cheque book charges,Regular Clcient,3900,0,637655,Cash,Bank Charges
2024-10-28,Freight charges,Walk-in Customer,51801,0,8023452,Bank,Freight & Conveyance
2024-10-28,Office rent,HTG Petro,45103,0,-23409498,Bank,Rent
2024-10-28,Sold IBC tanks,Meezan Bank,0,494681,-15495612,Cash,Sales - IBC Tanks
2024-10-29,Freight charges,Habib Bank,22869,0,-20536135,Cash,Freight & Conveyance
2024-10-29,Bought eplastic drums,Al-Barbaka Bank,179113,0,-5575933,Bank,Purchases - Plastic Drums
2024-10-29,Electricity bill,Meezan Bank,7850,0,-20958951,Bank,Utilities
2024-10-29,Invoice steel drums,m ehptisham,0,588834,2570832,Cash,Sales - Steel Drums
2024-10-29,Printxer ink,Walk-in Customer,4406,0,-5448077,Cash,Office Supplies
2024-10-29,Ofofice rent,Regular Client,47531,0,-6747422,Cash,Rent
2024-10-29,Invoice plastic drums,Cfity Freight,0,183743,508469,Cash,Sales - Plastic Drums
2024-10-29,IBC tank sale,My Ehtisham,0,275530,126681,Cash,Sales - IBC Tanks
2024-10-29,General expense,tcs courier,2377,0,-5449413,Bank,Miscellaneous
2024-10-29,Steel drum sale,Metro Traders,0,702916,-10478015,Bank,Sales - Steel Drums
2024-10-29,Purchase plastic drums,Punjab Chemicals,152886,0,-19586982,Bank,Purchases - Plastic Drums
2024-10-29,Online transfer fee,Local Supplier,1081,0,-8194580,Cash,Bank Charges
2024-10-29,Steel drum procurement,Punjab Chemicals,125194,0,-19528298,Cash,Purchases - Steel Drums
2024-10-30,Plastic drum sale,Bank Al Falah,0,67946,-13068554,Cash,Sales - Plastic Drums
2024-10-30,Refurbished drum sale,Regulqar Client,0,58087,418006,Cash,Sales - Refurbished Drums
2024-10-30,Internet bill,Walk-in Customer,3458,0,-23624979,Cash,Utilities
2024-10-30,Svteel drums received,Walk-in Customer,125169,0,-19616547,Bank,Purchases - Steel Drums
2024-10-30,Storage rent patid,htg petro,55383,0,-10707590,Cash,Rent
2024-10-30,Customer pickup steel drums,Punjab Chemicals,0,883699,-21872188,Cash,Sales - Steel Drums
2024-10-30,Steel drum sale,Local Supplier,0,583920,-22753686,Cash,Sales - Steel Drums
2024-10-30,Online transfer fee,TCS Courier,4539,0,-20869183,Cash,Bank Charges
2024-10-30,Storage rent paid,Meezan Bank,47966,0,-25878339,Bank,Rent
2024-10-30,IBC small tank invjoice,M Ehtisham,0,713486,6303067,Cash,Sales - IBC Tanks
2024-10-30,Printer ink,City Freight,4399,0,-24608524,Bank,Office Supplies
2024-10-30,Sundry charges,Local Supplier,4934,0,4478419,Cash,Miscellaneous
2024-10-30,Truck hire drums,Bank Al Falah,39826,0,-11372467,Bank,Freight & Conveyance
2024-10-31,Drums conveyance,TCS Courier,31090,0,-21468029,Bank,Freight & Conveyance
2024-10-31,Customer payment plastic drums,Walk-in Customer,0,123013,106084,Bank,Sales - Plastic Drums
2024-10-31,Office furniture,Punjab Chemicals,10547,0,-3540563,Bank,Office Supplies
2024-10-31,stationery purchase,Punjab Chemicals,10380,0,-6440424,Cash,Office Supplies
2024-10-31,Cheque book ctharges,Punwjab Chemicals,4300,0,333452,Bank,Bank Charges
2024-10-31,Reconditioned barrel sale,Walk-in Customer,0,135750,-17541711,Cash,Sales - Refurbished Drums
2024-10-31,Steel drum sale,Walk-in Customer,0,790619,-21615903,Cash,Sales - Steel Drums
2024-10-31,Plastic drum sale,Habib Bank,0,176773,7986383,Cash,Sales - Plastic Drums
2024-10-31,Bank commission,Punjab Chemicals,4704,0,7276378,Cash,Bank Charges
2024-10-31,Bank commission,Pakistan Drums Co,1988,0,-19158522,Cash,Bank Charges
2024-10-31,Bank commission,Regular Client,4924,0,-14645367,Cash,Bank Charges
2024-10-31,IBC tanks dispatched,Walk-in Customer,0,483588,-5092345,Cash,Sales - IBC Tanks
2024-10-31,Bought steel drums HTG Petro,TCS Courier,828829,0,-8747878,Bank,Purchases - Steel Drums
2024-10-31,Water bill,Al-Baraka Bank,3519,0,-3986854,Bank,Utilities
2024-10-31,Printer ink,Habib Bank,5787,0,-86557,Cash,Office Supplies
2024-10-31,Drums conveyance,Bank Al Falah,57462,0,-4532748,Cash,Freight & Conveyance
2024-11-01,Purchase plastic ydrums,Metro Traders,154769,0,-5493321,Cash,Purchases - Plastic Drums
2024-11-01,Phone bill,Al-Baraka Bank,8594,0,5539288,Cash,Utilities
2024-11-01,General expense,Al-Baraka Bank,4499,0,-21540927,Cash,Miscellaneous
2024-11-01,Drum refurbishing labour,Bank Al Falah,73064,0,-19326792,Cash,Refurbishing Costs
2024-11-01,Bought plastic drums,mPakistan Drums Co,72322,0,897578,Bank,Purchases - Plastic Drums
2024-11-01,stationery purchase,Metro Traders,13054,0,-19619345,Bank,Office Supplies
2024-11-01,Steely drum sale,TCS Courier,0,480664,350109,Bank,Sales - Steel Drums
2024-11-01,internet bill,M Ehtisham,16650,0,-19344396,Cash,Utilities
2024-11-01,Cheque book charges,Local Supplier,3360,0,-8671131,Cash,Bank Charges
2024-11-01,Monthly warehouse rent,HTG Petro,23971,0,-8783955,Bank,Rent
2024-11-01,office furniture,Al-Balraka Bank,5132,0,-13918558,Cash,Office Supplies
2024-11-01,IBC tanks received bill,Al-Baraka Bank,344155,0,-13414497,Bank,Purchases - IBC Tanks
2024-11-01,Sold reconditioned drums,Meezan Bank,0,64504,7302414,Bank,Sales - Refurbished Drums
2024-11-01,Invoice plastic drums,TCfS Courier,0,175303,-18270274,Bank,Sales - Plastic Drums
2024-11-01,Purchase IBC small tanks,Bank Ahl Falah,409915,0,-24108680,Bank,Purchases - IBC Tanks
2024-11-01,Steel drums dispatuched,bank al falah,0,191751,-10286264,Cash,Sales - Steel Drums
2024-11-02,Monthly warehouse rent,M Ehtisham,44361,0,-19821008,Bank,Rent
2024-11-02,refurbished steel drums invoice,Walk-in Customer,0,147066,-7915990,Cash,Sales - Refurbished Drums
2024-11-02,IBC tank procurement,Punjab Chemicals,274377,0,-2043530,Cash,Purchases - IBC Tanks
2024-11-02,Reconditifoned barrel sale,M Ehtisham,0,132354,-5910976,Cash,Sales - Refurbished Drums
2024-11-02,Sold steel drums,HTG Petro,0,131368,-20927316,Bank,Sales - Steel Drums
2024-11-02,Stationery purchase,M Ehtisham,5910,0,-22007307,Cash,Office Supplies
2024-11-02,Stationery purchase,City Freight,4648,0,-5061446,Cash,Office Supplies
2024-11-02,Office furniture,Bank Al gFalah,9311,0,-20983862,Cash,Office Supplies
2024-11-02,IBC small tank invoice,Metro Traders,0,551558,-19095959,Cash,Sales - IBC Tanks
2024-11-02,Printer ink,City Freight,7631,0,-20985442,Bank,Office Supplies
2024-11-02,Delivery charges,Local Supplier,33341,0,5858459,Bank,Freight & Conveyance
2024-11-02,Customer pickup steel drums,Locwal Supplier,0,213794,4413921,Bank,Sales - Steel Drums
2024-11-02,Sold reconditioned drums,Al-Baraka Bank,0,125091,-16466413,Bank,Sales - Refurbished Drums
2024-11-03,Bought IBC tanks HTG Petro,Al-Baraka Bank,699176,0,-11589518,Bank,Purchases - IBC Tanks
2024-11-03,Drum repair materials,M Ehtisham,9334,0,6166488,Bank,Refurbishing Costs
2024-11-03,sundry charges,City Freight,7128,0,-6034981,Bank,Miscellaneous
2024-11-03,Customer IBC payment,Pakistan Drums Co,0,663764,-10708703,Bank,Sales - IBC Tanks
2024-11-03,Sold reconditioned drums,TCS Courier,0,42989,-19450902,Cash,Sales - Refurbished Drums
2024-11-03,Reconditioning expense,Punjab Chemicals,12218,0,-21775995,Cash,Refurbishing Costs
2024-11-03,sold reconditioned drumfs,Al-Baraka Baonk,0,38159,-20268767,Cash,Sales - Refurbished Drums
2024-11-03,Njotebook order,Local Suppvlier,3505,0,7530310,Bank,Office Supplies
2024-11-03,Miscellaneous erxpense,M Ehtisham,2023,0,-10787464,Cash,Miscellaneous
2024-11-03,Bank service charges,TCSg Courier,1158,0,-24122086,Bank,Bank Charges
2024-11-03,Online transfer fee,Pakistan Drums Co,2352,0,-19192818,Bank,Bank Charges
2024-11-03,Sundry charges,Punjab Chemicals,7158,0,-12012662,Bank,Miscellaneous
2024-11-03,Sadndblasting cost,Pakistan Drums Co,55783,0,-8023553,Cash,Refurbishing Costs
2024-11-03,Bought IBC tanks HTG Petro,TCS Courier,431596,0,-22307339,Bank,Purchases - IBC Tanks
2024-11-03,Purchase steel draums,City Freight,331227,0,-16906845,Bank,Purchases - Steel Drums
2024-11-04,IBC tanks received bill,Bank Al Falah,111017,0,-8771705,Cash,Purchases - IBC Tanks
2024-11-04,Steel drum procuremenqt,Pakistan Drums fCo,292017,0,-8568161,Cash,Purchases - Steel Drums
2024-11-04,Paint and coating drums,Habib Bank,37718,0,6395560,Bank,Refurbishing Costs
2024-11-04,Bought steel drums HTG Petro,Walk-in Customer,393180,0,-21768525,Cash,Purchases - Steel Drums
2024-11-04,Plastic drum sale,Local Supplier,0,84974,-21476626,Bank,Sales - Plastic Drums
2024-11-04,Transport expense,Pakistan Drums Co,13432,0,-20812778,Bank,Freight & Conveyance
2024-11-04,Bought osteel drums HTG Petro,Al-Baraka Bank,552985,0,-19001288,Cash,Purchases - Steel Drums
2024-11-04,Reconditioned barrel sale,al-baraka bank,0,44264,-11271574,Bank,Sales - Refurbished Drums
2024-11-04,Storage rent paid,Metro dTraders,22007,0,-6432796,Cash,Rent
2024-11-04,Customer pickup steel drums,Walk-in Customer,0,87326,-20910662,Cash,Sales - Steel Drums
2024-11-04,Storage rent paid,Hyabib Bank,43108,0,-16742684,Bank,Rent
2024-11-04,Bought plastic drums,Punjab Chemicals,57942,0,7091281,Bank,Purchases - Plastic Drums
2024-11-05,Bought steel drums HTG Petro,meezan bank,412465,0,-22014305,Bank,Purchases - Steel Drums
2024-11-05,Sold steel drums,M Ehtisham,0,185999,-21601840,Cash,Sales - Steel Drums
2024-11-05,Steel drums received,Habib Bank,439924,0,6800935,Cash,Purchases - Steel Drums
2024-11-05,Phone bill,City Freight,14812,0,-21195771,Cash,Utilities
2024-11-05,Sold steel drums,Regular Client,0,878382,-12354800,Cash,Sales - Steel Drums
2024-11-05,IBC tanks received bill,Metro Traders,676702,0,-22905580,Cash,Purchases - IBC Tanks
2024-11-05,Truck hire drums,m ehtisham,16105,0,-23789767,Cash,Freight & Conveyance
2024-11-05,online transrfer fee,Al-Baraka Bank,4861,0,-14677527,Bank,Bank Charges
2024-11-05,Drums conveyance,City Freight,31285,0,-22962915,Cash,Freight & Conveyance
2024-11-05,Reconditioning expense,al-baraka bank,73336,0,-17127995,Cash,Refurbishing Costs
2024-11-05,Officec furniture,Metro Traders,2668,0,-22452733,Cash,Office Supplies
2024-11-05,Paint and coating drums,HTG Petro,10569,0,-5276550,Cash,Refurbishing Costs
2024-11-05,Purchase IBC small tanks,HTG Petro,156789,0,5382499,Bank,Purchases - IBC Tanks
2024-11-05,Bought IBC tanks HTG Petro,Al-Baraka Bank,644930,0,1521247,Cash,Purchases - IBC Tanks
2024-11-05,IBC tank sale,hazbib bank,0,363728,-24261036,Cash,Sales - IBC Tanks
2024-11-05,Sundry charges,Local Supplier,7237,0,3137188,Bank,Miscellaneous
2024-11-06,Steel drums dispatched,Habib Bank,0,393107,-1963469,Cash,Sales - Steel Drums
2024-11-06,Refurbished drum sale,Al-Baraka Bank,0,20838,-23001669,Bank,Sales - Refurbished Drums
2024-11-06,Sandblasting cost,htg petro,41063,0,-21319113,Bank,Refurbishing Costs
2024-11-06,Gas charges,Walk-in Customer,17935,0,-19385247,Bank,Utilities
2024-11-06,Paint and coating drums,Bank Al Falah,35937,0,-15193485,Cash,Refurbishing Costs
2024-11-06,General expense,Regular Client,3130,0,-22036363,Bank,Miscellaneous
2024-11-06,General expense,Regular Client,6885,0,-494034,Bank,Miscellaneous
2024-11-06,Purchase IBC smallo tanks,HTG Petro,566935,0,-1789649,Bank,Purchases - IBC Tanks
2024-11-06,Invoice plastic drums,Local Supplier,0,35907,-11816717,Cash,Sales - Plastic Drums
2024-11-06,Bank service charges,Bank Al Falah,2427,0,6571887,Cash,Bank Charges
2024-11-06,Paint and coating drums,Pakistan Drums Co,60885,0,5395361,Cash,Refurbishing Costs
2024-11-07,Refurbished drum sale,Habib Bank,0,27763,-19063626,Bank,Sales - Refurbished Drums
2024-11-07,Gas charges,Walk-in Customer,4759,0,-16604802,Cash,Utilities
2024-11-07,Steel drum sale,Habib Bank,0,692686,7358665,Bank,Sales - Steel Drums
2024-11-07,bought ibc tanks htg petro,Punjab Chemicals,538842,0,-659854,Cash,Purchases - IBC Tanks
2024-11-07,Steel drums dispatched,city freeight,0,108043,821418,Bank,Sales - Steel Drums
2024-11-07,fmiscellaneous expense,TCS Courier,5742,0,-13420345,Bank,Miscellaneous
2024-11-07,Sold IBC tanks,Local Supplier,0,584321,916491,Bank,Sales - IBC Tanks
2024-11-07,Phone bill,Walk-in Customer,8762,0,-18452326,Cash,Utilities
2024-11-07,Sold plastic drums,M Ehtisham,0,43984,-1025849,Bank,Sales - Plastic Drums
2024-11-07,IBC tank pryocurement,Walk-ign Customer,441269,0,-18533759,Cash,Purchases - IBC Tanks
2024-11-07,plastic drum sale,Meezan Bavnk,0,111641,-18823974,Bank,Sales - Plastic Drums
2024-11-07,drum repair materials,M Ehtisham,37746,0,-21161984,Bank,Refurbishing Costs
2024-11-07,Stationery purchase,Al-Baraka Bank,9427,0,-18070286,Bank,Office Supplies
2024-11-07,Freight charges,Al-Baraka Bank,57768,0,3312981,Bank,Freight & Conveyance
2024-11-07,Plastic drum procurement,Meezan Bank,53106,0,4858594,Bank,Purchases - Plastic Drums
2024-11-07,Drums conveyance,Habib Bank,13950,0,-23510807,Cash,Freight & Conveyance
2024-11-08,Paper stock,Bank Al Falah,7349,0,-19418241,Bank,Office Supplies
2024-11-08,Phone bilzl,M Ehtishoam,17967,0,-20762540,Bank,Utilities
2024-11-08,Miscellaaneous expense,Local Supplier,6909,0,-18834388,Cash,Miscellaneous
2024-11-08,Miscellaneous expense,TCS Courier,650,0,-573510,Cash,Miscellaneous
2024-11-08,Drum refurbishing labour,Pakistan Drums Co,77167,0,-9901650,Cash,Refurbishing Costs
2024-11-08,Bought plastic drums,Bank Al Falah,92005,0,-19918508,Bank,Purchases - Plastic Drums
2024-11-08,Invoice plastic drums,Papkistan Drums Co,0,179911,-3133704,Cash,Sales - Plastic Drums
2024-11-08,Purchase IBC small tanks,Habib Bank,554486,0,6051362,Cash,Purchases - IBC Tanks
2024-11-08,Bank commission,Meezan Bank,2164,0,-8515512,Bank,Bank Charges
2024-11-08,plastqic drum sale,habib bank,0,155701,-16972294,Cash,Sales - Plastic Drums
2024-11-08,Steel drums dispatched,Metro Traders,0,222592,3022270,Bank,Sales - Steel Drums
2024-11-08,Customer pickup steel drums,TCS Courier,0,291711,-18389200,Cash,Sales - Steel Drums
2024-11-09,Shop rent,Local Supplier,75497,0,4483353,Cash,Rent
2024-11-09,Office rent,walk-iun customer,45498,0,4734922,Cash,Rent
2024-11-09,Refurbished steel drums invoice,TCS Courieqr,0,21869,-19037896,Cash,Sales - Refurbished Drums
2024-11-09,Truck hire drums,Local Supplirer,5361,0,-5110068,Cash,Freight & Conveyance
2024-11-09,office furniture,City Freight,2236,0,1876125,Bank,Office Supplies
2024-11-09,Notebook order,punjab hchemicals,14808,0,-14100303,Bank,Office Supplies
2024-11-09,Steel drum procurement,Al-Baraka Bank,51299,0,2891529,Cash,Purchases - Steel Drums
2024-11-09,cheque book charges,Punjab Chemicals,2213,0,-3718724,Bank,Bank Charges
2024-11-09,Office furniture,Punjab Chemicals,9977,0,-24860677,Cash,Office Supplies
2024-11-09,Invoice plastic drums,Punjab Chemicals,0,162792,-20422827,Cash,Sales - Plastic Drums
2024-11-09,Drums conveyance,Metro Traders,9976,0,7334369,Bank,Freight & Conveyance
2024-11-09,Reconditioning expense,Bank Al Falah,54553,0,-19174167,Cash,Refurbishing Costs
2024-11-10,Refurbished steel drums invoice,Pakistan Drums Co,0,52947,6063688,Bank,Sales - Refurbished Drums
2024-11-10,Bank service charges,Regular Client,699,0,7427776,Bank,Bank Charges
2024-11-10,sold ibc tanks,Bank Al Fallah,0,243680,5369308,Bank,Sales - IBC Tanks
2024-11-10,Office furniture,Walk-in Customer,5307,0,7435116,Bank,Office Supplies
2024-11-10,Refurbished steel drums invoice,Pakistan Drums Co,0,131851,-19207869,Cash,Sales - Refurbished Drums
2024-11-10,Reconditioned barrel sale,Al-Barkaka Bank,0,56474,-3118015,Cash,Sales - Refurbished Drums
2024-11-10,Delivery charges,City Freight,13863,0,-20630368,Bank,Freight & Conveyance
2024-11-10,Transport expense,Meezan Bank,38875,0,-11948513,Cash,Freight & Conveyance
2024-11-10,Drums convepyance,Meezan Bsank,49501,0,4248080,Cash,Freight & Conveyance
2024-11-10,General expense,M Ehtisham,4506,0,462911,Bank,Miscellaneous
2024-11-10,Reconditioned barrel sale,Local Suppliter,0,68985,-13302317,Bank,Sales - Refurbished Drums
2024-11-10,Invoice plastic drums,Walk-in Customer,0,115992,-19112932,Bank,Sales - Plastic Drums
2024-11-10,Truck hire drums,Walk-in Customer,52208,0,-24114838,Bank,Freight & Conveyance
2024-11-11,Transport expense,hM Ehtisham,43298,0,-9695935,Cash,Freight & Conveyance
2024-11-11,purchase plastic drums,Bank Al Falah,136004,0,-22705011,Bank,Purchases - Plastic Drums
2024-11-11,Sold IBC tanks,Walk-irn Customer,0,249052,-10059950,Cash,Sales - IBC Tanks
2024-11-11,Steel drum sale,Pakistan Drums Co,0,91397,-17494690,Cash,Sales - Steel Drums
2024-11-11,Drums conveyance,Habib Bank,47708,0,1842847,Bank,Freight & Conveyance
2024-11-11,Reconditioned barrel sale,HTG Petro,0,41816,2634893,Cash,Sales - Refurbished Drums
2024-11-11,Paint and coating drums,Local Supplier,72956,0,-15740004,Cash,Refurbishing Costs
2024-11-11,Customer payment plastic drums,Metro Traders,0,153370,-13686968,Cash,Sales - Plastic Drums
2024-11-11,Steel drums received,metro traders,83513,0,-21794705,Cash,Purchases - Steel Drums
2024-11-11,Cheque book charges,Bank Al Falah,3101,0,4341514,Bank,Bank Charges
2024-11-11,IBC tanks recheived bill,HTG Petro,697393,0,-19370041,Bank,Purchases - IBC Tanks
2024-11-11,bought ibc tanks htg petro,Meezan Bank,512563,0,-12511008,Cash,Purchases - IBC Tanks
2024-11-11,Office rent,Local Supplier,39172,0,-11786136,Cash,Rent
2024-11-12,Cheque book charges,metro traders,1758,0,-991491,Cash,Bank Charges
2024-11-12,Refurbished drum sale,TCS Courier,0,31941,-14500065,Bank,Sales - Refurbished Drums
2024-11-12,Bought plastic drums,Meezan Bank,163067,0,-19042796,Cash,Purchases - Plastic Drums
2024-11-12,Truck hire drums,Local Supplier,24523,0,-8744481,Cash,Freight & Conveyance
2024-11-12,Purchase plastic drums,Metro Traders,46574,0,-21760160,Bank,Purchases - Plastic Drums
2024-11-12,Drum refurbishing labour,City Freight,78366,0,-9760104,Cash,Refurbishing Costs
2024-11-12,Sandblasting coost,M Ehtisham,71643,0,-21001418,Bank,Refurbishing Costs
2024-11-12,Purchase plastic drums,Punjab Chemicals,35947,0,-16399265,Bank,Purchases - Plastic Drums
2024-11-12,Electricity bill,City Freight,15444,0,-12050480,Cash,Utilities
2024-11-12,Sold reconditoioned drums,pundjab chemicals,0,46971,-18205365,Cash,Sales - Refurbished Drums
2024-11-12,customer pickup steel drums,Habib Bank,0,808702,-11666886,Bank,Sales - Steel Drums
2024-11-13,Plastic drum procurement,Walk-ihn Customer,187938,0,-8479226,Cash,Purchases - Plastic Drums
2024-11-13,Plastic drums received,HTG Petro,143005,0,7004687,Bank,Purchases - Plastic Drums
2024-11-13,Sqhop rent,Bank Al Faylah,47979,0,-7233502,Cash,Rent
2024-11-13,steel drums dispatched,Punjab Chemicmals,0,119879,-14694384,Cash,Sales - Steel Drums
2024-11-13,Invoice plastic drums,Bank Al Falah,0,175505,-21681736,Bank,Sales - Plastic Drums
2024-11-13,paint and coating drums,Punjab Chepmicals,79469,0,7265179,Cash,Refurbishing Costs
2024-11-13,Petty cash expense,Al-Baraka Bank,8061,0,-13343573,Cash,Miscellaneous
2024-11-13,notebook ordejr,Bank Al Falah,2722,0,-3676763,Bank,Office Supplies
2024-11-13,Cheque book charges,Pakistan Drums Co,3740,0,6052833,Bank,Bank Charges
2024-11-13,Drums conveyance,Bank Al Falah,8345,0,-21874606,Cash,Freight & Conveyance
2024-11-13,Customer pickup steel drums,Punjab Chemicals,0,674959,-16747124,Bank,Sales - Steel Drums
2024-11-13,Steel drum sale,Meezan Bank,0,170203,-14776202,Bank,Sales - Steel Drums
2024-11-13,Paper stock,HTG Petro,10158,0,431941,Bank,Office Supplies
2024-11-13,Shop rent,Regular Client,74924,0,-15029393,Cash,Rent
2024-11-13,Electricity bill,Walk-in Customer,5997,0,-6755426,Bank,Utilities
2024-11-14,Water bill,Local Supplier,16002,0,5433452,Bank,Utilities
2024-11-14,Refurbished stpeel drums invoice,M Ehtisham,0,20368,-3150090,Bank,Sales - Refurbished Drums
2024-11-14,Refurbished steel drums invoice,Walk-in Customer,0,90174,-18662291,Bank,Sales - Refurbished Drums
2024-11-14,Office furniture,Habib Bank,6568,0,-6177634,Cash,Office Supplies
2024-11-14,Reconditioned barrel sale,M Ehtiksham,0,21651,-5103484,Bank,Sales - Refurbished Drums
2024-11-14,Steel drum procurement,Metro Traders,511702,0,-10710738,Cash,Purchases - Steel Drums
2024-11-14,Purchase IeBC small tanks,M Ehtisham,605569,0,-23337493,Bank,Purchases - IBC Tanks
2024-11-14,Petty cash expense,HTG Petro,1478,0,-7148249,Bank,Miscellaneous
2024-11-14,Plastic drums received,HTG Pektro,40927,0,-17577979,Cash,Purchases - Plastic Drums
2024-11-14,Office rent,City Freight,60287,0,324726,Cash,Rent
2024-11-15,Purchase IBC small tanks,HTG Petro,132726,0,-8730183,Bank,Purchases - IBC Tanks
2024-11-15,Drum refurbishing labour,Meezan Bank,25177,0,-19912841,Cash,Refurbishing Costs
2024-11-15,Invoice plastic drums,Al-Baraka Bank,0,165720,-17999057,Cash,Sales - Plastic Drums
2024-11-15,Sundry charges,Al-Baraka Bank,8862,0,7952692,Bank,Miscellaneous
2024-11-15,Online transfer fee,City Freight,2698,0,-18837095,Cash,Bank Charges
2024-11-15,Refurbished steel drums invoice,M Ehtisfham,0,85992,-8804170,Cash,Sales - Refurbished Drums
2024-11-15,Reconditioned barrel sale,habib bank,0,53103,-18213682,Bank,Sales - Refurbished Drums
2024-11-15,Reconditioning expense,M Ehtisham,26842,0,-15324416,Cash,Refurbishing Costs
2024-11-15,Plastic drum procurement,Pakistanu Drums Co,45842,0,-10751440,Bank,Purchases - Plastic Drums
2024-11-15,Customer pickup steel drums,m ehtisham,0,135581,629374,Bank,Sales - Steel Drums
2024-11-15,Sold IBC tanks,Pakistan Drums Co,0,516290,-2555269,Cash,Sales - IBC Tanks
2024-11-15,Reconditioning expense,Regular Client,79784,0,-20654227,Bank,Refurbishing Costs
2024-11-15,Plastic drum procurement,Metro Traders,160018,0,-22424344,Cash,Purchases - Plastic Drums
2024-11-15,Gas charges,tcs courier,4285,0,-21958132,Cash,Utilities
2024-11-15,Delivery charges,M Ehtisham,14568,0,-22351250,Bank,Freight & Conveyance
2024-11-15,Plastic drums delivered,Al-Baraka Bank,0,164662,-14864731,Cash,Sales - Plastic Drums
2024-11-16,Purchase IBC small tanks,Metro Traders,677469,0,-18639985,Bank,Purchases - IBC Tanks
2024-11-16,Refurbished drum sale,M Ehtisham,0,114816,-5512010,Cash,Sales - Refurbished Drums
2024-11-16,Stationery purchase,bank al falah,5405,0,-21938891,Cash,Office Supplies
2024-11-16,Purchase plastic drums,Meezan Bank,173377,0,-15559490,Bank,Purchases - Plastic Drums
2024-11-16,Refurbished drum sale,Waalk-in Customer,0,58253,-19231895,Cash,Sales - Refurbished Drums
2024-11-16,Customer payment plastic drums,Haubib Bank,0,103443,-14032124,Cash,Sales - Plastic Drums
2024-11-16,ibc tanks dispatched,al-baraka bank,0,435442,-21244023,Cash,Sales - IBC Tanks
2024-11-16,IBC tanks received bill,TCS Courier,223329,0,7310779,Cash,Purchases - IBC Tanks
2024-11-16,Transport expense,Pakistan Drums Co,54698,0,-25145858,Cash,Freight & Conveyance
2024-11-16,Freight charges,TCS Courier,12499,0,-20766969,Bank,Freight & Conveyance
2024-11-16,Electricity bill,Meezan Bank,4646,0,-4965428,Bank,Utilities
2024-11-16,Delivery charges,Punjab Chemicals,15307,0,-3913491,Cash,Freight & Conveyance
2024-11-17,Gas charges,M Ehtisham,2629,0,-19635287,Cash,Utilities
2024-11-17,Purchase IBC small tanks,Mx Ehtisham,229586,0,-22048779,Bank,Purchases - IBC Tanks
2024-11-17,General expense,Al-Baraka Bank,4718,0,-911196,Bank,Miscellaneous
2024-11-17,Electricity bill,M Ehtisham,4062,0,-24092322,Bank,Utilities
2024-11-17,Stationery purchase,Punjab Chemicals,14447,0,-18353218,Bank,Office Supplies
2024-11-17,Stehel drum sale,M Ehtisham,0,300104,-22252656,Bank,Sales - Steel Drums
2024-11-17,Drum refurbishing labodur,Alw-Baraka Bank,25917,0,2041582,Bank,Refurbishing Costs
2024-11-17,Petty casih expense,TCS Comurier,7918,0,-23462421,Cash,Miscellaneous
2024-11-17,Electricity bill,Local Supplier,14867,0,-1986947,Bank,Utilities
2024-11-17,Sundry charges,Al-Baraka Bank,3336,0,6020375,Cash,Miscellaneous
2024-11-17,Water bill,Bank Al Falah,6321,0,6014054,Cash,Utilities
2024-11-17,Drum repair materials,Meezan Bank,66096,0,-5516014,Cash,Refurbishing Costs
2024-11-17,Officze furniture,TCSt Courier,2673,0,8542511,Cash,Office Supplies
2024-11-17,IBC tank sale,Punjab Chemicals,0,514848,-21395669,Cash,Sales - IBC Tanks
2024-11-18,Printer ink,M Ehtisham,5660,0,-10304938,Bank,Office Supplies
2024-11-18,Plastic drum procurement,vPakistan Drums Co,156687,0,1054406,Bank,Purchases - Plastic Drums
2024-11-18,Bank service charges,Metro Traders,3143,0,-22979639,Bank,Bank Charges
2024-11-18,Stationery purchase,habib bank,1784,0,-11408805,Cash,Office Supplies
2024-11-18,Plastic drum procurement,Local Supplier,170863,0,8159664,Cash,Purchases - Plastic Drums
2024-11-18,IBC tanks dispautched,Al-Baraka Bank,0,339941,-18928080,Cash,Sales - IBC Tanks
2024-11-18,Godown rent,Local Supplier,59226,0,-11739287,Bank,Rent
2024-11-18,Bought plastic drums,TCS Courier,186870,0,-18331949,Cash,Purchases - Plastic Drums
2024-11-18,Monthly warehouse rent,Ala-Baraka Bank,75900,0,6038735,Bank,Rent
2024-11-18,Steel drums dispatched,Meezan Bank,0,275637,-20779682,Bank,Sales - Steel Drums
2024-11-18,Godown rent,M Ehtisham,73521,0,-19241228,Bank,Rent
2024-11-18,Plastic drum procurement,Al-Baraka Bank,108071,0,4309559,Bank,Purchases - Plastic Drums
2024-11-18,Paint and coating drums,Al-Baraka Bank,42999,0,-10321294,Bank,Refurbishing Costs
2024-11-18,Truck hire drums,Pakistan Drums Co,5460,0,-22388756,Cash,Freight & Conveyance
2024-11-18,Office furniture,TCS Courier,12998,0,-19679001,Bank,Office Supplies
2024-11-18,IBC small tank invoice,HTG Petro,0,173870,2625663,Bank,Sales - IBC Tanks
2024-11-18,Sundry charges,Regular Client,5047,0,-15814360,Cash,Miscellaneous
2024-11-18,IBC tank sale,Pakistan Drums Co,0,539680,-1717583,Cash,Sales - IBC Tanks
2024-11-18,General expense,Pakistan Drums Co,8197,0,792166,Cash,Miscellaneous
2024-11-18,Steel drum procyurement,City Freight,546994,0,2166177,Bank,Purchases - Steel Drums
2024-11-18,Cheque book charges,TCS Cuourier,1894,0,-22071935,Cash,Bank Charges
2024-11-19,Bank commission,Punjab Chemicals,1454,0,-5322426,Bank,Bank Charges
2024-11-19,Notebook uorder,Bank Al Falah,5257,0,-18935984,Cash,Office Supplies
2024-11-19,Purchase plastic drums,Punjab Chmemicals,52558,0,-8487903,Bank,Purchases - Plastic Drums
2024-11-19,Monthly warehouse rent,HTG Petro,44935,0,1347056,Cash,Rent
2024-11-19,Office rent,Meezan Buank,46935,0,-22423225,Cash,Rent
2024-11-19,reconditioned barrel sale,Habib Bank,0,65112,-14946405,Cash,Sales - Refurbished Drums
2024-11-19,Drum repair materials,Habib Bank,55161,0,-18702565,Bank,Refurbishing Costs
2024-11-19,Monthly warehouse rent,Bank Al Falah,73851,0,-9681366,Cash,Rent
2024-11-19,Paper stock,Regular Client,13389,0,346725,Bank,Office Supplies
2024-11-19,Storage rent paid,pakistan drums co,66571,0,-12099166,Cash,Rent
2024-11-19,printer ink,al-baraka bank,10559,0,-22552760,Cash,Office Supplies
2024-11-19,Godown rent,Al-Baraka Bank,69529,0,6665979,Cash,Rent
2024-11-19,Water bill,reqgular client,5266,0,-18302705,Cash,Utilities
2024-11-19,Cheqsue book charges,Punjab Chemicals,4193,0,1647224,Cash,Bank Charges
2024-11-19,Online transfer fee,Walk-in Customer,2007,0,-6749429,Cash,Bank Charges
2024-11-19,IBC tank procurement,Local Supplier,309508,0,-20656695,Cash,Purchases - IBC Tanks
2024-11-19,Bought plastic drums,City Freight,137322,0,-20739513,Cash,Purchases - Plastic Drums
2024-11-19,Bought steel drums HTG Petro,Meezan Bank,712101,0,-3360350,Bank,Purchases - Steel Drums
2024-11-20,General expense,Regular Claient,9098,0,-4423429,Bank,Miscellaneous
2024-11-20,cheque book charges,Local Supplier,2468,0,-22553763,Cash,Bank Charges
2024-11-20,Invoice steel drums,Metro Traders,0,199922,-3854685,Bank,Sales - Steel Drums
2024-11-20,Bank commission,Punjab Chemicals,4807,0,-10144851,Cash,Bank Charges
2024-11-20,Customer payment plastic drums,City Freight,0,46589,-22264326,Bank,Sales - Plastic Drums
2024-11-20,Truck hire drums,Local Supplier,22547,0,7060143,Bank,Freight & Conveyance
2024-11-20,Shop rent,Clity Freight,72108,0,-26543263,Bank,Rent
2024-11-20,Bank service charges,Regular Client,1789,0,-11777841,Bank,Bank Charges
2024-11-20,Customer payment plastic drums,TCS Courier,0,148829,356823,Bank,Sales - Plastic Drums
2024-11-20,Gozdown rent,TCS Courier,64161,0,-10763669,Bank,Rent
2024-11-20,Monthly warehouse rent,bank al falah,67354,0,-2995403,Cash,Rent
2024-11-20,Bank service charges,Regular Client,3810,0,-9783145,Bank,Bank Charges
2024-11-21,Internet bill,Regular Client,14185,0,-17894796,Cash,Utilities
2024-11-21,Miscellaneous expensze,Habib Bank,7734,0,7677065,Cash,Miscellaneous
2024-11-21,Drum refurbishing labour,Walk-in Customer,51405,0,-20849898,Cash,Refurbishing Costs
2024-11-21,Plastic drum procurement,Meezan Bank,177537,0,-21933486,Cash,Purchases - Plastic Drums
2024-11-21,Paper stock,M Ehstisham,11651,0,-23292113,Bank,Office Supplies
2024-11-21,Petty cash expense,Meezan Bank,5256,0,360114,Cash,Miscellaneous
2024-11-21,Plastic drum sale,TCS Courier,0,160827,-8741527,Bank,Sales - Plastic Drums
2024-11-21,Bought plastic drums,Metro Tradeors,144277,0,-10260639,Bank,Purchases - Plastic Drums
2024-11-21,Plastic drums received,Regular Clgient,157823,0,-11202936,Cash,Purchases - Plastic Drums
2024-11-21,Bank commission,Habib Bank,3463,0,-26471155,Cash,Bank Charges
2024-11-21,Purchase IBC small tanks,Meezan Bank,449755,0,-21866261,Cash,Purchases - IBC Tanks
2024-11-21,Transport expense,Meezan Bank,44274,0,-9275622,Cash,Freight & Conveyance
2024-11-21,Paint and coating drums,Pakistan Drums Co,16023,0,-2220617,Cash,Refurbishing Costs
2024-11-21,Bought IBC tanks HTG Petro,M Ehtisham,413553,0,-22924327,Cash,Purchases - IBC Tanks
2024-11-22,Paper stock,M Ehtisham,9280,0,3514622,Cash,Office Supplies
2024-11-22,Steel drum sale,TCS jCourier,0,611662,2607663,Cash,Sales - Steel Drums
2024-11-22,Cheque book charges,Al-Baraka Bank,4235,0,1323919,Bank,Bank Charges
2024-11-22,Reconditioned barrel sale,htg petro,0,25584,-14018986,Cash,Sales - Refurbished Drums
2024-11-22,Bank service charges,Punjab Chemicals,2818,0,-18921581,Cash,Bank Charges
2024-11-22,Sold reconditioned drums,Bank Al Falah,0,147228,7229838,Bank,Sales - Refurbished Drums
2024-11-22,Steel drum procurement,Meezan Bank,211461,0,-20803863,Cash,Purchases - Steel Drums
2024-11-22,cheque book charges,Metro Traders,2203,0,6739290,Cash,Bank Charges
2024-11-22,Steel drum sale,Walk-in Custodmer,0,232240,5465155,Cash,Sales - Steel Drums
2024-11-22,Online transfer fee,Habib Bank,3840,0,-9920385,Bank,Bank Charges
2024-11-22,Steel drum procurement,TCS Courier,202370,0,6599083,Cash,Purchases - Steel Drums
2024-11-22,monthly warehouse rent,Metro Traders,22976,0,-17056563,Cash,Rent
2024-11-22,Purchase IBC small tanks,Al-Baraka Bank,186370,0,-21429885,Bank,Purchases - IBC Tanks
2024-11-22,IBC tank procurement,Metro Traders,450006,0,-21267121,Cash,Purchases - IBC Tanks
2024-11-22,Customer pickup steel drums,TCS Courier,0,312536,4762356,Bank,Sales - Steel Drums
2024-11-23,sandblasting cost,HTG Petro,43351,0,7905879,Bank,Refurbishing Costs
2024-11-23,Sundry charges,Walk-in Cuustomer,9143,0,-10848589,Bank,Miscellaneous
2024-11-23,IBCi tank procurement,M Ehtisham,147103,0,-20899752,Bank,Purchases - IBC Tanks
2024-11-23,Purchasek plastic drums,bank al falah,105685,0,-19933525,Bank,Purchases - Plastic Drums
2024-11-23,Invoice plastic drums,Meezan Bank,0,96402,-23600593,Cash,Sales - Plastic Drums
2024-11-23,Reconditioned barrel sale,Meezan Bank,0,23089,8463597,Cash,Sales - Refurbished Drums
2024-11-23,Miscellaneous expense,Punjab Chemicals,968,0,-15924901,Bank,Miscellaneous
2024-11-23,offkice rent,TCS Courier,78862,0,-2122392,Cash,Rent
2024-11-23,Customer payment plastic drums,HTG Petro,0,187662,-18698197,Bank,Sales - Plastic Drums
2024-11-23,Customer pickup steeel drums,Bank Al Falah,0,545885,-22620568,Cash,Sales - Steel Drums
2024-11-23,General expense,Walk-in Customer,4787,0,-20256103,Bank,Miscellaneous
2024-11-23,Invoice plastic drums,City Freight,0,170319,-4427804,Cash,Sales - Plastic Drums
2024-11-23,Online transfer fee,Punjab Chemicnals,1825,0,85762,Cash,Bank Charges
2024-11-23,Bank cgommission,Regular Clikent,4446,0,-19942957,Cash,Bank Charges
2024-11-23,notebook order,City Freight,13610,0,-26409176,Cash,Office Supplies
2024-11-24,Sold IBC tanks,HTG Petro,0,790676,-22546018,Bank,Sales - IBC Tanks
2024-11-24,Sandblasting cost,habib bank,21676,0,-14613122,Cash,Refurbishing Costs
2024-11-24,Sold steel drums,Local Supplider,0,528026,-8276144,Bank,Sales - Steel Drums
2024-11-24,Sold plastic drums,metro traders,0,62000,-9884691,Cash,Sales - Plastic Drums
2024-11-24,Elecntricity bill,TCS Coyurier,18220,0,-10958263,Cash,Utilities
2024-11-24,Paper stock,Walke-in Customer,11223,0,-22059092,Cash,Office Supplies
2024-11-24,Transport expense,local supplier,26560,0,-2477839,Bank,Freight & Conveyance
2024-11-24,Water bilxl,City Freight,16184,0,-18809170,Bank,Utilities
2024-11-24,Storage xrent paid,metro traders,45501,0,1981998,Bank,Rent
2024-11-24,Bought IBC tanks HTG Petro,metro tradenrs,390567,0,-23457773,Bank,Purchases - IBC Tanks
2024-11-24,petty cash expense,Pakistan Drums Co,9315,0,-14686842,Cash,Miscellaneous
2024-11-24,Purchase steel drums,Metro Traders,414763,0,-24086131,Bank,Purchases - Steel Drums
2024-11-24,IBC small tank invoice,Walk-in Customer,0,665768,1317912,Bank,Sales - IBC Tanks
2024-11-24,Drum refurbishing labour,Meezan Bank,23333,0,-16396446,Cash,Refurbishing Costs
2024-11-24,IBCq tank procurement,Regular Client,484434,0,634233,Cash,Purchases - IBC Tanks
2024-11-25,Steel drum tprocurement,Al-Baraka Bank,746526,0,-7802005,Bank,Purchases - Steel Drums
2024-11-25,Refurbished steel drums invoice,TCS Courier,0,69927,-18794966,Cash,Sales - Refurbished Drums
2024-11-25,Phone bill,Bank Al Falah,6116,0,-21496779,Bank,Utilities
2024-11-25,Purchase steel drums,City Freight,752017,0,-23913693,Bank,Purchases - Steel Drums
2024-11-25,Drum repair materials,HTG Petro,38160,0,-23280462,Bank,Refurbishing Costs
2024-11-25,Freight charges,HTG Petro,6457,0,-2877301,Cash,Freight & Conveyance
2024-11-25,Paint and coating drums,HTG Petro,56044,0,-15793847,Cash,Refurbishing Costs
2024-11-25,Office rent,Al-Barlaka Bank,37148,0,-2221546,Bank,Rent
2024-11-25,Drum repair materiamls,Bank Al Falah,47345,0,-21563543,Bank,Refurbishing Costs
2024-11-25,plastic dqrums received,HTG Petro,54912,0,-4507417,Cash,Purchases - Plastic Drums
2024-11-25,Customer pickup steel drums,M Ehtisham,0,377727,8920238,Bank,Sales - Steel Drums
2024-11-25,Bought steel sdrums HTG Petro,City Freight,786119,0,-14244456,Cash,Purchases - Steel Drums
2024-11-25,Sold plastic drums,Local Supplier,0,196087,-872872,Cash,Sales - Plastic Drums
2024-11-25,Invoice plastic drums,HTG Petro,0,120160,8010959,Bank,Sales - Plastic Drums
2024-11-25,Customer payment plastic drums,Meezan Bank,0,165597,2689253,Bank,Sales - Plastic Drums
2024-11-25,Customer pickup steel drums,habib bank,0,741028,-18309037,Bank,Sales - Steel Drums
2024-11-25,Electricity bill,Al-Barsaka Bank,12892,0,-981948,Cash,Utilities
2024-11-25,Godown rent,Meezan Bank,50566,0,-22139257,Cash,Rent
2024-11-25,Drum refurbishing labour,Regular Cdlient,36862,0,-19958408,Cash,Refurbishing Costs
2024-11-26,ibc tanks dispatched,Habib Bank,0,784466,2626344,Bank,Sales - IBC Tanks
2024-11-26,Drums conveyance,Pakistan Drums Co,25075,0,-9755907,Bank,Freight & Conveyance
2024-11-26,steel drum procurement,Punjab Chemicals,425331,0,486141,Cash,Purchases - Steel Drums
2024-11-26,IBC tank procurement,Meezan Bank,111271,0,189972,Cash,Purchases - IBC Tanks
2024-11-26,Notebook order,pakikstan drums co,8680,0,-19117108,Bank,Office Supplies
2024-11-26,reconditioning expense,Local Supplier,21232,0,-22457810,Bank,Refurbishing Costs
2024-11-26,Office furniture,Metro Traders,10046,0,-16577742,Bank,Office Supplies
2024-11-26,Bank commission,Al-Baraka Bank,4467,0,-8907756,Cash,Bank Charges
2024-11-26,Reconditioned barrel sale,Bank Al Falah,0,76976,716407,Bank,Sales - Refurbished Drums
2024-11-26,Plastic drum sale,tcs couraier,0,71428,8255944,Bank,Sales - Plastic Drums
2024-11-26,Freight charges,M Ehtisham,42569,0,-13552663,Bank,Freight & Conveyance
2024-11-26,Stationery purchase,Habib Bank,11523,0,-17032809,Cash,Office Supplies
2024-11-26,Drum repair materials,TCS Courier,14425,0,-9816277,Cash,Refurbishing Costs
2024-11-26,General expense,Bajnk Al Falah,2651,0,-5632890,Cash,Miscellaneous
2024-11-26,Refurbished drum sale,M Ehtisham,0,41038,-21584319,Cash,Sales - Refurbished Drums
2024-11-27,IBC smeall tank invoice,Walk-in Customer,0,621970,-5517056,Cash,Sales - IBC Tanks
2024-11-27,Notebook order,Local Supplier,5341,0,2565491,Bank,Office Supplies
2024-11-27,Monthly warehouse rent,TCS Courier,79265,0,-18402812,Cash,Rent
2024-11-27,Transport expense,Local Supplier,57544,0,-20388643,Cash,Freight & Conveyance
2024-11-27,Miscellaneous expense,regular client,4360,0,-4107365,Cash,Miscellaneous
2024-11-27,Bank commission,fPunjab Chemicals,1932,0,6230870,Bank,Bank Charges
2024-11-27,Plastic drums delivered,Local Supplier,0,63151,-25766179,Bank,Sales - Plastic Drums
2024-11-27,Sold reconditioned drums,Pakistan Drums Co,0,40043,8270946,Cash,Sales - Refurbished Drums
2024-11-27,IBC tank shale,City Freight,0,665582,-14081065,Bank,Sales - IBC Tanks
2024-11-27,Bought IBC tanks HTG Petro,Walk-in Customer,350819,0,2514433,Bank,Purchases - IBC Tanks
2024-11-27,IBC tank sale,M Ehtisham,0,660521,-16266928,Bank,Sales - IBC Tanks
2024-11-27,Freight charges,Walk-in Customer,13678,0,5624177,Cash,Freight & Conveyance
2024-11-27,Bought plastic drums,M Ehtisham,124877,0,-14657190,Bank,Purchases - Plastic Drums
2024-11-27,Monthly warehouse rent,Walk-in Customer,30386,0,-25041761,Cash,Rent
2024-11-27,Notebook order,Metro Traders,11241,0,8246043,Bank,Office Supplies
2024-11-27,Shop rent,Bank Al Falah,36204,0,2589459,Cash,Rent
2024-11-27,Plastic drum sale,Pakistan Drumus Co,0,40156,-2837145,Bank,Sales - Plastic Drums
2024-11-27,Miscellaneous expense,City Freight,7755,0,-15923933,Bank,Miscellaneous
2024-11-27,Bought plastic drums,City Freight,65481,0,5676694,Cash,Purchases - Plastic Drums
2024-11-27,Steel drums dispatched,TCS Courier,0,330585,-17738803,Cash,Sales - Steel Drums
2024-11-27,Customer payoment plastic drums,TCS Couriier,0,61802,6114635,Bank,Sales - Plastic Drums
2024-11-27,plastic drum procurement,Al-Baraka Bank,165539,0,6365869,Cash,Purchases - Plastic Drums
2024-11-28,Sandblasting cost,Habib Bank,59348,0,-11896429,Bank,Refurbishing Costs
2024-11-28,Pzrinter ink,Al-Baraka Bank,11558,0,-13536655,Bank,Office Supplies
2024-11-28,IBC tanks received bill,TCS Courier,546207,0,-23290522,Cash,Purchases - IBC Tanks
2024-11-28,Reconditioned barrel sale,Bank Al Falah,0,147651,-18874291,Bank,Sales - Refurbished Drums
2024-11-28,IBC tank procurement,TCS Courier,675677,0,-20044347,Bank,Purchases - IBC Tanks
2024-11-28,Sundry charges,Al-Baraka Bank,3529,0,313277,Cash,Miscellaneous
2024-11-28,Sold steel drums,city freightt,0,735479,4449403,Cash,Sales - Steel Drums
2024-11-28,IBC small tank invoice,pakistan drums co,0,335411,2294991,Cash,Sales - IBC Tanks
2024-11-28,Sold reconditioned drums,M Ehtisham,0,37288,170718,Cash,Sales - Refurbished Drums
2024-11-29,Purchase plasltic drums,HTG Petro,134498,0,-21646268,Bank,Purchases - Plastic Drums
2024-11-29,Refurbished drum sale,Metro Traders,0,134766,-24884222,Cash,Sales - Refurbished Drums
2024-11-29,Purchase IBC small tanks,Al-Baraka Bank,118000,0,-15578651,Bank,Purchases - IBC Tanks
2024-11-29,Notebook order,Local Supplier,14477,0,3652965,Cash,Office Supplies
2024-11-29,General expense,City Freight,8918,0,-18115909,Cash,Miscellaneous
2024-11-29,IBC tanks dispatched,HTG Petro,0,691688,-9730832,Bank,Sales - IBC Tanks
2024-11-29,stationery purchase,m vehtisham,6519,0,-16712431,Cash,Office Supplies
2024-11-29,Steel drum sale,Punjafb Chemicals,0,683182,1861081,Cash,Sales - Steel Drums
2024-11-29,Miscellaneous expense,Meezan Bamnk,9530,0,-18125439,Cash,Miscellaneous
2024-11-29,Gas charges,Metro Traders,8766,0,-26254912,Bank,Utilities
2024-11-29,Refurbished steel drums invoice,Meezan Bank,0,66050,412741,Cash,Sales - Refurbished Drums
2024-11-29,Sold reconditioned drums,Local Supplier,0,20832,-12495237,Cash,Sales - Refurbished Drums
2024-11-29,Steel drums dispatched,Habib Bank,0,823210,-25035079,Cash,Sales - Steel Drums
2024-11-29,Plastic drums delivered,Al-Baraka Bank,0,150199,-24660883,Bank,Sales - Plastic Drums
2024-11-29,cheque book charges,Regular Client,1196,0,246539,Bank,Bank Charges
2024-11-29,Customer payment plastic drums,Metro Traders,0,46552,-18824362,Cash,Sales - Plastic Drums
2024-11-29,Refurbished drum sale,city fzreight,0,105951,4344764,Cash,Sales - Refurbished Drums
2024-11-30,IBC small tank invoice,City Freight,0,514592,4267177,Cash,Sales - IBC Tanks
2024-11-30,Online transfer fee,Meezan Bank,1843,0,-204525,Bank,Bank Charges
2024-11-30,Customer payment pzlastic drums,M Ehtisham,0,163147,3544035,Cash,Sales - Plastic Drums
2024-11-30,customer pickup steel drums,Meezan Bank,0,322731,-19637960,Cash,Sales - Steel Drums
2024-11-30,Refurbished steel drums invoice,tcs courier,0,42146,-22207280,Bank,Sales - Refurbished Drums
2024-11-30,Cheque book charges,City Freight,4465,0,-22626410,Cash,Bank Charges
2024-11-30,Paper stock,City Freight,10105,0,-13320065,Bank,Office Supplies
2024-11-30,Internet bill,Habidb Bank,14672,0,-2388374,Bank,Utilities
2024-11-30,Storage rent paid,Bank Al Falah,76603,0,333175,Bank,Rent
2024-11-30,Paper stock,Metro Traders,10475,0,4751881,Cash,Office Supplies
2024-11-30,IBC tanks dispatched,Meezan Bank,0,259938,-13525097,Bank,Sales - IBC Tanks
2024-11-30,Customer payment plastic drums,Metro Traders,0,156753,-20997988,Cash,Sales - Plastic Drums
2024-11-30,Sold plastic drums,Meezan Bank,0,197678,-18502806,Cash,Sales - Plastic Drums
2024-11-30,Steel drum sale,City Freight,0,166230,-19279962,Cash,Sales - Steel Drums
2024-11-30,Bank compmission,TCS Courier,1644,0,-13123753,Cash,Bank Charges
2024-12-01,Invoice steel drums,M Ehtisham,0,56992,5439491,Bank,Sales - Steel Drums
2024-12-01,Notebook order,Habib Bank,4185,0,-19082264,Bank,Office Supplies
2024-12-01,Plastic drum sale,TCS Courier,0,135650,-19555026,Bank,Sales - Plastic Drums
2024-12-01,Printer ink,M Ehtisham,14316,0,-17786705,Cash,Office Supplies
2024-12-01,IBC tank procurement,M Ehtisham,253347,0,-19728548,Bank,Purchases - IBC Tanks
2024-12-01,Bought steel drums HTG Petro,local supplier,173465,0,-22209828,Cash,Purchases - Steel Drums
2024-12-01,Godown rent,City Freight,63962,0,7442526,Bank,Rent
2024-12-01,Online transfer fee,Punjab Chemicals,1631,0,-6290503,Bank,Bank Charges
2024-12-01,Purchase plastic drums,Al-Baraka Bank,115418,0,-8332448,Cash,Purchases - Plastic Drums
2024-12-01,Plastic drums delivered,City Freight,0,195739,-5599419,Bank,Sales - Plastic Drums
2024-12-01,General expense,Walk-in Customer,7864,0,-16191662,Cash,Miscellaneous
2024-12-01,Reconditioned barrel sale,Pakistan Drums Co,0,123366,-22878051,Bank,Sales - Refurbished Drums
2024-12-01,Oflfice rent,Local Supplier,28569,0,-11806410,Cash,Rent
2024-12-01,Office furniture,htg petro,12480,0,-21655524,Cash,Office Supplies
2024-12-01,Electricity bill,Al-Baraka Bank,3307,0,-10721210,Cash,Utilities
2024-12-01,Miscellaneous expense,city freight,9756,0,-3034173,Cash,Miscellaneous
2024-12-02,plastic drums delivered,Bank Al Falah,0,176149,-14527493,Cash,Sales - Plastic Drums
2024-12-02,internet bill,local supplier,15600,0,-20974551,Bank,Utilities
2024-12-02,Sold IBC tanks,Pakbistan Drums Co,0,113417,-19423047,Cash,Sales - IBC Tanks
2024-12-02,Plastic drums delivered,punjab chemicals,0,35747,1111020,Bank,Sales - Plastic Drums
2024-12-02,Office furniture,M yEhtisham,6128,0,-14536715,Cash,Office Supplies
2024-12-02,Drum refurbishing lgabour,kHabib Bank,69062,0,5922189,Cash,Refurbishing Costs
2024-12-02,IBC tanks dispatched,Punjab Chemicals,0,104556,364152,Bank,Sales - IBC Tanks
2024-12-02,customer payment plastic drums,HTG Petro,0,125030,-16172071,Cash,Sales - Plastic Drums
2024-12-02,Sold IBC tanks,Walk-in Customer,0,633766,-15849188,Bank,Sales - IBC Tanks
2024-12-02,Printer ink,Al-Baraka Bank,9202,0,-18817330,Cash,Office Supplies
2024-12-02,Notebtook order,Punjab Chemicals,8787,0,-13812818,Cash,Office Supplies
2024-12-02,Sandblasting cost,Al-Baraka Bank,63302,0,-22593838,Bank,Refurbishing Costs
2024-12-02,Electricity bill,Al-Baraka Bank,5881,0,-5147763,Cash,Utilities
2024-12-02,Online transfer fee,Local Supplier,2059,0,708207,Cash,Bank Charges
2024-12-02,IBC small tank inuvoice,HTG Petro,0,145725,-23228669,Bank,Sales - IBC Tanks
2024-12-02,Steel drums received,M Ehtisham,527722,0,-19167707,Cash,Purchases - Steel Drums
2024-12-02,Miscellaneous expense,Meezan Bank,6847,0,-22410758,Bank,Miscellaneous
2024-12-02,Office furniture,TCS Courier,5046,0,-22146382,Cash,Office Supplies
2024-12-02,Shop rent,Habib Bank,78427,0,-20622078,Cash,Rent
2024-12-02,Freight charges,City Freight,21031,0,6209839,Bank,Freight & Conveyance
2024-12-02,qPlastic drums received,Pakistan Drums Co,43697,0,-17386840,Bank,Purchases - Plastic Drums
2024-12-03,Delivery charges,Punjab Chemipcals,21426,0,-78667,Cash,Freight & Conveyance
2024-12-03,Internet bill,Meezaan Bank,14495,0,-17571082,Cash,Utilities
2024-12-03,Godown rent,Al-Baraka Bank,54357,0,246876,Cash,Rent
2024-12-03,Drum refurbishing labour,Meezan Bank,36694,0,-21962070,Bank,Refurbishing Costs
2024-12-03,Invoicxe steel drums,Local Supplier,0,476896,-18814931,Bank,Sales - Steel Drums
2024-12-03,Sold reconditioned drums,Punjab Chemicals,0,80814,-2316061,Cash,Sales - Refurbished Drums
2024-12-03,Notebook order,M Ehteisham,10378,0,-721555,Cash,Office Supplies
2024-12-03,Purchase wplastic drums,M Ehtisham,176309,0,-23177978,Bank,Purchases - Plastic Drums
2024-12-03,Water bill,Al-Baraka Bank,7433,0,-10559379,Cash,Utilities
2024-12-03,Steel drum sale,pakistan drums co,0,399922,-24779601,Cash,Sales - Steel Drums
2024-12-04,bought plastic drums,pakistan drums co,64910,0,-22180766,Bank,Purchases - Plastic Drums
2024-12-04,general expense,HTG Petrbo,4483,0,-2339867,Bank,Miscellaneous
2024-12-04,Petty cash expense,M Ehtisham,7713,0,-7992519,Cash,Miscellaneous
2024-12-04,Bank service charges,Rlegular Client,2610,0,-21469805,Bank,Bank Charges
2024-12-04,Godown rent,Mefezan Bank,47358,0,-9100372,Cash,Rent
2024-12-04,Sold steel drums,bank al falah,0,517286,-8611927,Bank,Sales - Steel Drums
2024-12-04,godown rent,Regular Client,33794,0,4225023,Cash,Rent
2024-12-04,Electricity bill,Bank Al Falah,2010,0,6232802,Cash,Utilities
2024-12-04,Bought steel drums nHTG Petro,Bank Al Falah,752536,0,7710937,Bank,Purchases - Steel Drums
2024-12-04,Reconditioned barrel sale,TCS Courier,0,30525,-10255739,Bank,Sales - Refurbished Drums
2024-12-04,Steel drums dispatched,Regular Client,0,484424,-20334555,Bank,Sales - Steel Drums
2024-12-04,Paper stock,Regular Client,14467,0,7179221,Bank,Office Supplies
2024-12-04,custoumer ibc payment,M Ehtisham,0,268970,5637855,Cash,Sales - IBC Tanks
2024-12-04,Paint and coating drums,Al-Baraka Bank,55010,0,-10747149,Bank,Refurbishing Costs
2024-12-04,Transport expense,HTG Petro,26824,0,-17591861,Cash,Freight & Conveyance
2024-12-04,General expense,Local Supplier,9810,0,-21062212,Bank,Miscellaneous
2024-12-04,Plastica drum procurement,TCS Courier,149653,0,-10100959,Cash,Purchases - Plastic Drums
2024-12-05,Bought steel drums HTG Petro,City Freight,200657,0,-14060135,Cash,Purchases - Steel Drums
2024-12-05,IBC tank procurement,M Ehtisham,326264,0,-16786471,Cash,Purchases - IBC Tanks
2024-12-05,Purchase IBC small tanks,Puinjab Chemicals,607476,0,-20770607,Bank,Purchases - IBC Tanks
2024-12-05,Plastic drum procurement,Pakistan Drums Co,94463,0,409778,Bank,Purchases - Plastic Drums
2024-12-05,Plastic drum sale,Walk-in Customer,0,142147,-539225,Bank,Sales - Plastic Drums
2024-12-05,Delivery charges,Metro Traders,8721,0,-22158653,Bank,Freight & Conveyance
2024-12-05,bank service charges,Local Supplier,4630,0,-20259950,Bank,Bank Charges
2024-12-05,Miscellaneous expense,Pmakistan Drums Co,5981,0,-14725611,Bank,Miscellaneous
2024-12-05,Refurbished drum sale,Walk-in Customer,0,74003,7303841,Bank,Sales - Refurbished Drums
2024-12-05,Paper stock,City Freight,12926,0,-728179,Cash,Office Supplies
2024-12-05,Invoice steel drums,Local Supplijer,0,588250,-9922379,Bank,Sales - Steel Drums
2024-12-05,Drum repair materials,metro traders,15225,0,-21467195,Cash,Refurbishing Costs
2024-12-05,Transport expennse,Local Supplieyr,45776,0,-6726895,Cash,Freight & Conveyance
2024-12-05,IBC tank sale,regular client,0,164938,6311877,Bank,Sales - IBC Tanks
2024-12-05,Transport expense,Metro Traders,51755,0,171078,Bank,Freight & Conveyance
2024-12-06,Sold steel drums,Habib Bank,0,673290,-17051439,Cash,Sales - Steel Drums
2024-12-06,Paint and coating drums,Al-Baraka Bank,48247,0,-18256834,Bank,Refurbishing Costs
2024-12-06,Water bill,Punjab Chemicals,10634,0,-22999570,Bank,Utilities
2024-12-06,Notebook order,Pakistan Drums Co,8758,0,4407176,Bank,Office Supplies
2024-12-06,Bought plastic drums,Al-Baraka Bank,111000,0,-16576858,Cash,Purchases - Plastic Drums
2024-12-06,Customer pickup steel drums,Habib Bank,0,204329,-17677461,Bank,Sales - Steel Drums
2024-12-06,Paper stock,Punjab Chemicals,5844,0,-8513348,Cash,Office Supplies
2024-12-06,Steel drum sale,city freight,0,620231,-18915587,Cash,Sales - Steel Drums
2024-12-06,IBC tanks dispatchsed,TCS Courier,0,429714,-22782676,Bank,Sales - IBC Tanks
2024-12-06,Monthly warehouse rent,Habib Bank,66560,0,-20456627,Bank,Rent
2024-12-06,Plastic drum procurement,Al-Baraka Bank,147787,0,-23967134,Cash,Purchases - Plastic Drums
2024-12-06,Plastic drums delivered,City Freight,0,156481,-2754940,Cash,Sales - Plastic Drums
2024-12-06,Freight chargves,Meezan Bank,8905,0,-4978367,Bank,Freight & Conveyance
2024-12-06,Plastic drum procurement,Meezan Bank,157073,0,6589988,Cash,Purchases - Plastic Drums
2024-12-06,Truck hire drums,Metro Traders,33299,0,-8688100,Cash,Freight & Conveyance
2024-12-06,Sandblasting cost,vLocal Supplier,47838,0,-22240977,Cash,Refurbishing Costs
2024-12-06,Refurbished steel drums inlvoice,City Freight,0,97313,-25143588,Bank,Sales - Refurbished Drums
2024-12-06,Reconditioned barrel sale,Regular Client,0,113601,-14966014,Cash,Sales - Refurbished Drums
2024-12-06,Steel drums received,M Ehtisham,428911,0,-8495346,Bank,Purchases - Steel Drums
2024-12-07,Purchase IBC small tanks,city freight,573907,0,7416825,Bank,Purchases - IBC Tanks
2024-12-07,Customer IBC payment,Metro Traders,0,228705,6582317,Bank,Sales - IBC Tanks
2024-12-07,Petty cash expense,Pakistan Drums Co,2270,0,-22931630,Cash,Miscellaneous
2024-12-07,Steel drums dispatched,Al-Baraka Bank,0,261915,-22954648,Cash,Sales - Steel Drums
2024-12-07,General expense,Regular Client,7903,0,-2007568,Bank,Miscellaneous
2024-12-07,Transport expense,HTG Petzro,19640,0,490526,Bank,Freight & Conveyance
2024-12-07,Customer IBC payment,pakistan drums co,0,770039,-17755444,Cash,Sales - IBC Tanks
2024-12-07,Boughtp steel drums HTG Petro,TCSk Courier,750885,0,-20386172,Bank,Purchases - Steel Drums
2024-12-07,plastic drums received,Regular Client,140058,0,-15020583,Cash,Purchases - Plastic Drums
2024-12-07,IBC tanks received bill,Punjab Chemicals,376144,0,6801044,Cash,Purchases - IBC Tanks
2024-12-07,Refurbished drum sale,Regular Client,0,129301,-19031187,Bank,Sales - Refurbished Drums
2024-12-07,Refurbished steel drums invoice,Local Supplier,0,95761,-16786603,Cash,Sales - Refurbished Drums
2024-12-07,Invoice steel drums,Habib Bank,0,352074,-8395804,Bank,Sales - Steel Drums
2024-12-08,Drum repkair materials,regular client,78856,0,-20267901,Cash,Refurbishing Costs
2024-12-08,Drum refurbishing labour,TCS Courier,42631,0,-3088338,Cash,Refurbishing Costs
2024-12-08,Notebook order,Regular Client,4034,0,-4969462,Cash,Office Supplies
2024-12-08,Plastic drum sale,walk-in customer,0,158833,231552,Bank,Sales - Plastic Drums
2024-12-08,Online transfer fee,Habib Bank,3999,0,-10270550,Bank,Bank Charges
2024-12-08,Customer payment plastic drums,Meezan Bank,0,180679,1651417,Cash,Sales - Plastic Drums
2024-12-08,Petty cash expense,regular client,2324,0,-19062971,Bank,Miscellaneous
2024-12-08,sandblasting cohst,Al-Baraka Bank,77729,0,6928242,Cash,Refurbishing Costs
2024-12-08,Bought plastic drums,Habib Bank,56371,0,3667442,Bank,Purchases - Plastic Drums
2024-12-08,Sandblasting cost,Meezan Bank,21566,0,-16404155,Cash,Refurbishing Costs
2024-12-09,Purchase IBC small tanks,TCS Courier,383693,0,-18159852,Cash,Purchases - IBC Tanks
2024-12-09,Internet bill,bank al falah,12450,0,-23116235,Bank,Utilities
2024-12-09,Cheque book charges,Al-Baraka Bank,1774,0,-9006272,Cash,Bank Charges
2024-12-09,Refurbished steel drums invoice,meezan bank,0,60970,319028,Bank,Sales - Refurbished Drums
2024-12-09,Water biyll,HTG Pentro,2001,0,916570,Bank,Utilities
2024-12-09,General expense,M Ehtisham,7262,0,-12710835,Cash,Miscellaneous
2024-12-09,Purchase pplastic drums,Meezan Bank,122669,0,-22779046,Bank,Purchases - Plastic Drums
2024-12-09,Miscelldaneous expense,Bank Al Falah,3004,0,-343113,Cash,Miscellaneous
2024-12-09,Bought steel drums HTG Petro,City Freight,596638,0,-14618319,Cash,Purchases - Steel Drums
2024-12-09,Customer IBC payment,Bank Al Falah,0,585729,-10061660,Cash,Sales - IBC Tanks
2024-12-09,Printer ink,Pakistan Drums Co,12725,0,73037,Cash,Office Supplies
2024-12-09,steel drum sale,Punjab Chemicalds,0,546621,156165,Cash,Sales - Steel Drums
2024-12-09,Drum refurbishing labour,TCSf Courier,67614,0,6694462,Cash,Refurbishing Costs
2024-12-09,Notebook order,Regular Client,7689,0,957896,Bank,Office Supplies
2024-12-09,Drum repair materials,Bank Al Falah,71315,0,-491544,Bank,Refurbishing Costs
2024-12-09,Printer ink,Punjab Chemicals,5604,0,-20671548,Cash,Office Supplies
2024-12-10,IBC tank procurement,Habib Bank,508865,0,-14986446,Cash,Purchases - IBC Tanks
2024-12-10,Office furniture,Regular Client,3241,0,-14690083,Bank,Office Supplies
2024-12-10,Bank service charges,M Ehtisham,2587,0,-8976951,Bank,Bank Charges
2024-12-10,Plastic drum procurement,Meezan Bank,195091,0,-2538571,Cash,Purchases - Plastic Drums
2024-12-10,Customer paymaent plastic drums,Metro Traders,0,49840,-15804909,Cash,Sales - Plastic Drums
2024-12-10,Stationery purchase,TCS Courier,8575,0,-16200237,Cash,Office Supplies
2024-12-10,Shop rent,htg petro,43195,0,458150,Bank,Rent
2024-12-10,general expense,Local vSupplier,2637,0,7294177,Cash,Miscellaneous
2024-12-10,Phone bill,Alk-Baraka Bank,8211,0,77271,Cash,Utilities
2024-12-11,customer ibc payment,M Ehtisham,0,577120,-16092673,Cash,Sales - IBC Tanks
2024-12-11,Printer ink,TCS Courier,13517,0,4363693,Bank,Office Supplies
2024-12-11,Steel drutms received,Bank Al Falah,311142,0,-21333361,Bank,Purchases - Steel Drums
2024-12-11,Truck hire drums,M Ehtisham,40721,0,-16345297,Bank,Freight & Conveyance
2024-12-11,Reconditioning expense,Walk-in Customer,6190,0,-18246244,Cash,Refurbishing Costs
2024-12-11,IBC tank procurement,Walk-in Custolmer,507932,0,-25411584,Bank,Purchases - IBC Tanks
2024-12-11,Sold IBC tanks,Bank Al Falah,0,315639,7161633,Cash,Sales - IBC Tanks
2024-12-11,Drum refurbishing labour,TCS Courier,50401,0,-20680694,Bank,Refurbishing Costs
2024-12-11,Sundry charges,HTG Petro,8824,0,-17524927,Bank,Miscellaneous
2024-12-12,Plastic drums delivered,M Ehstisham,0,93728,-23022507,Cash,Sales - Plastic Drums
2024-12-12,Paint and coating drums,Meezan Bank,52649,0,5351064,Cash,Refurbishing Costs
2024-12-12,Sundry charges,Pakistan Drums Co,3176,0,-19365452,Bank,Miscellaneous
2024-12-12,IBC tank sale,TCS Courier,0,108380,-21285747,Bank,Sales - IBC Tanks
2024-12-12,Bank service charges,Local Supprlier,3469,0,5347921,Cash,Bank Charges
2024-12-12,Sandblasting cost,jTCS Courier,64333,0,-18755186,Bank,Refurbishing Costs
2024-12-12,Miscellaneous expense,metro traders,2552,0,-14175417,Cash,Miscellaneous
2024-12-12,Customer payment plastic drums,Metro Traders,0,65760,-3898184,Bank,Sales - Plastic Drums
2024-12-12,Water bill,Local Supplier,17693,0,-19251441,Cash,Utilities
2024-12-12,Bought IBC tanks HTG Petro,pakistan drums co,411150,0,-9510638,Bank,Purchases - IBC Tanks
2024-12-12,Miscellaneous expense,Pakistan Drums Co,2104,0,-17502222,Bank,Miscellaneous
2024-12-12,Refurbished steel drumes invoice,Al-Baraka Bank,0,39807,-10841961,Cash,Sales - Refurbished Drums
2024-12-12,Online transfer fee,regular client,2205,0,8609811,Bank,Bank Charges
2024-12-12,IBC tanks dispatched,Habib Bank,0,787625,-22519794,Bank,Sales - IBC Tanks
2024-12-13,Phone bill,Regular Client,6496,0,7961554,Bank,Utilities
2024-12-13,Bank service charges,Pakistan Drums Co,985,0,714251,Cash,Bank Charges
2024-12-13,Steel drum procurement,Walk-in Customer,630775,0,-3385715,Bank,Purchases - Steel Drums
2024-12-13,Sold plastic drums,tcs courier,0,30284,-20494099,Cash,Sales - Plastic Drums
2024-12-13,IBC tank procurement,HTG dPetro,264754,0,-11864233,Bank,Purchases - IBC Tanks
2024-12-13,Gas charges,Al-Bareaka Bank,12262,0,-21841621,Bank,Utilities
2024-12-13,Miscellaneous expense,Metro Traders,697,0,-10801470,Bank,Miscellaneous
2024-12-13,Invoice plastic drums,Pakistan Drums Co,0,146197,-14082644,Bank,Sales - Plastic Drums
2024-12-13,Sold IBC tanks,Metro Traders,0,459074,5107825,Bank,Sales - IBC Tanks
2024-12-13,Phonxe bill,M Ehtisham,7346,0,-19025641,Bank,Utilities
2024-12-14,Delivery ucharges,Bank Al Falah,17813,0,-12873832,Cash,Freight & Conveyance
2024-12-14,Paper stock,Punjab Chemicals,1432,0,-21052299,Cash,Office Supplies
2024-12-14,IBC tank sale,M Ehtisham,0,192641,8224005,Cash,Sales - IBC Tanks
2024-12-14,Monthly warehouse rent,Walk-in Customer,66951,0,-15906350,Bank,Rent
2024-12-14,Paper stock,Al-Baraka Bank,10114,0,-5250456,Bank,Office Supplies
2024-12-14,cheque book charges,Pakistan Drums Co,3651,0,-5534496,Cash,Bank Charges
2024-12-14,Bought steel drums HTG Petro,local supplier,137779,0,-9990868,Bank,Purchases - Steel Drums
2024-12-14,Storagew rent paid,TCS Courier,50433,0,-124153,Bank,Rent
2024-12-14,customer payment plastic drums,habib bank,0,143831,-5132719,Bank,Sales - Plastic Drums
2024-12-14,Sundry charges,Walk-in Customer,8018,0,-19944270,Cash,Miscellaneous
2024-12-14,IBC tank sale,M Ehtisham,0,208558,-7925528,Cash,Sales - IBC Tanks
2024-12-14,Refurbished drum sale,Punjab Chemicals,0,93260,-13954575,Bank,Sales - Refurbished Drums
2024-12-14,Petty cash expense,Local Supplier,970,0,-18497643,Cash,Miscellaneous
2024-12-14,Bank service charges,pakistan drums co,1508,0,-14772245,Cash,Bank Charges
2024-12-14,Invoice plastic drums,Walk-in Customer,0,140271,-19435335,Bank,Sales - Plastic Drums
2024-12-14,Bank commission,Habib Bank,4827,0,-23337606,Cash,Bank Charges
2024-12-14,freight charges,Pakistan Drums Co,41495,0,-19099318,Bank,Freight & Conveyance
2024-12-14,Reconditioned barrel sale,M Ehtisham,0,25061,-17461794,Bank,Sales - Refurbished Drums
2024-12-14,Online transrfer fee,Punajab Chemicals,3290,0,-19558316,Cash,Bank Charges
2024-12-15,Monthly warehouse rent,Meezan Bank,60087,0,-21646150,Bank,Rent
2024-12-15,Phone bill,Punjab Chemicals,6900,0,-4610226,Bank,Utilities
2024-12-15,Purchase IBC small tanks,Punjab Chemicals,629585,0,-22861721,Bank,Purchases - IBC Tanks
2024-12-15,Internet bill,City Freight,9810,0,-16436288,Bank,Utilities
2024-12-15,sundry charges,TCS Courier,5566,0,-17576648,Cash,Miscellaneous
2024-12-15,printer ink,pakistan drums co,3381,0,5918808,Bank,Office Supplies
2024-12-15,Refurbished drum sale,Meezan Bank,0,69737,-906478,Cash,Sales - Refurbished Drums
2024-12-15,Gas chargkes,Habib Bank,18273,0,-9159367,Bank,Utilities
2024-12-15,Purchase IBC small tanks,Hanbib Bank,442878,0,-17260873,Cash,Purchases - IBC Tanks
2024-12-15,drums csonveyance,Habib Bank,12018,0,-19956288,Cash,Freight & Conveyance
2024-12-15,IBC tanks dispatched,TCS Courier,0,696070,-2673285,Bank,Sales - IBC Tanks
2024-12-15,Storage renot paid,metro traders,78090,0,-23894872,Cash,Rent
2024-12-15,Purchase IBC small tanks,Habib Bank,661890,0,2009403,Bank,Purchases - IBC Tanks
2024-12-16,Sold steel drums,Habib Bank,0,122470,-5809492,Cash,Sales - Steel Drums
2024-12-16,paper stock,HTG Petro,7857,0,-16798433,Bank,Office Supplies
2024-12-16,Bought plastic drums,HTG Petro,140783,0,-4767893,Bank,Purchases - Plastic Drums
2024-12-16,Bought plastic drums,Walk-in Customer,118752,0,-2207294,Bank,Purchases - Plastic Drums
2024-12-16,Transport exlpense,Al-Baraka Bank,33737,0,1959580,Bank,Freight & Conveyance
2024-12-16,Delivery charges,TCS Courienr,38121,0,-25811053,Cash,Freight & Conveyance
2024-12-16,Petpty cash expense,Metro Traders,4681,0,-21597643,Cash,Miscellaneous
2024-12-16,Purchase IBC small tanks,TCS Courier,567769,0,2367380,Cash,Purchases - IBC Tanks
2024-12-16,Refurbished steel drums invoice,Meezan Bank,0,20273,-16436146,Bank,Sales - Refurbished Drums
2024-12-16,steel drum procurement,Punjab Chemicals,572358,0,-19687325,Cash,Purchases - Steel Drums
2024-12-17,IBC small tank invoice,HTG Petro,0,266120,-21601868,Bank,Sales - IBC Tanks
2024-12-17,Customer pickup steel drums,Walk-in Customer,0,810599,-19233748,Bank,Sales - Steel Drums
2024-12-17,purchase ibc small tanks,M Ehtisham,115175,0,-21167474,Cash,Purchases - IBC Tanks
2024-12-17,Plastic drum procurement,Piakistan Drums Co,77280,0,-19721957,Cash,Purchases - Plastic Drums
2024-12-17,Refurbished steel drums invoice,My Ehtisham,0,147665,-16270205,Cash,Sales - Refurbished Drums
2024-12-17,IBC tanks received bill,Meezan Banlk,379545,0,-19038531,Cash,Purchases - IBC Tanks
2024-12-17,Refurbished steel drums invoice,Habib Bank,0,99205,-22476754,Cash,Sales - Refurbished Drums
2024-12-17,petty cash expense,Metro Traders,2976,0,-9196477,Bank,Miscellaneous
2024-12-17,Godown rent,Regular Client,40758,0,-23598202,Bank,Rent
2024-12-17,Refurbished steel drums invoice,HTG Petro,0,42543,-22551295,Cash,Sales - Refurbished Drums
2024-12-18,Drum repair materials,Meezan Bank,35851,0,-19037139,Bank,Refurbishing Costs
2024-12-18,Purchase steel drums,M Ehtisham,764882,0,-8202360,Bank,Purchases - Steel Drums
2024-12-18,Sold plastic drums,Metro Traders,0,98669,-18252336,Cash,Sales - Plastic Drums
2024-12-18,Paper kstock,hbtg petro,2605,0,4415428,Cash,Office Supplies
2024-12-18,IBC tank procurement,City Freight,573906,0,4814753,Bank,Purchases - IBC Tanks
2024-12-18,Notebook order,Meezan Bank,14217,0,6623677,Bank,Office Supplies
2024-12-18,Petty cash expense,Walk-in Customer,7192,0,7172029,Cash,Miscellaneous
2024-12-18,Miscellaneous expense,Local Supplier,5617,0,-10530436,Cash,Miscellaneous
2024-12-18,Miscellaneous expense,Pakistan Drums Co,1773,0,-12699035,Bank,Miscellaneous
2024-12-18,Reconditioned barrel sale,Habib Bank,0,103227,4364636,Bank,Sales - Refurbished Drums
2024-12-18,Printer ink,Meezan Bank,3805,0,-2437937,Bank,Office Supplies
2024-12-19,Delivery charges,regular clifent,29232,0,6282645,Bank,Freight & Conveyance
2024-12-19,Online transfer fee,Bank Al Falah,1267,0,-23000249,Cash,Bank Charges
2024-12-19,Bank commission,TCS Courier,4090,0,-19375185,Cash,Bank Charges
2024-12-19,Internet bill,Bank Al Falah,15093,0,-10698527,Cash,Utilities
2024-12-19,Water mbill,Punjab Chemicals,13128,0,5205353,Cash,Utilities
2024-12-19,Online transfer fee,City Freight,1599,0,7960641,Bank,Bank Charges
2024-12-19,Printer ink,Walk-in Customer,5403,0,-10385896,Bank,Office Supplies
2024-12-19,Bank commission,Punjab hChemicals,4654,0,-2675759,Cash,Bank Charges
2024-12-19,Steel drum sale,M Ehtisham,0,213335,-19586704,Cash,Sales - Steel Drums
2024-12-19,Online transfer fee,Regular Client,4869,0,-19623794,Cash,Bank Charges
2024-12-19,IBC tanks received bill,Al-Baraka Bank,529467,0,-25148881,Bank,Purchases - IBC Tanks
2024-12-20,Paint and coating drums,M Ehtisham,26157,0,-21345270,Cash,Refurbishing Costs
2024-12-20,Internet bill,Habib Bank,8656,0,7441109,Bank,Utilities
2024-12-20,Online transfer fee,Walk-in Customer,4472,0,-2369994,Cash,Bank Charges
2024-12-20,Bank commission,Meezan Bank,3330,0,-876202,Bank,Bank Charges
2024-12-20,Miscellaneous expense,HTG Petro,2779,0,-2139125,Bank,Miscellaneous
2024-12-20,Printer ink,Habib Bjank,14360,0,-23212390,Bank,Office Supplies
2024-12-20,Sold plastic drums,Meezan Basnk,0,55398,-22570344,Cash,Sales - Plastic Drums
2024-12-20,Freight charges,Meezan Bank,5963,0,-3024417,Bank,Freight & Conveyance
2024-12-20,Purchase steel drums,Pakistan Drums Co,530758,0,7384572,Cash,Purchases - Steel Drums
2024-12-20,Shop rent,Punjab Chemicals,79048,0,-6859536,Cash,Rent
2024-12-20,IBC tank procurement,City Fcreight,616492,0,-10309002,Cash,Purchases - IBC Tanks
2024-12-21,purchase plastic drums,Regular Client,44893,0,-17516103,Cash,Purchases - Plastic Drums
2024-12-21,Customer pickup steel drums,Pakistan Drums Co,0,80837,-20563706,Cash,Sales - Steel Drums
2024-12-21,Drum refurbishing labour,Mewtro Traders,55871,0,2096395,Cash,Refurbishing Costs
2024-12-21,Sold IBC tanks,Bank Al Falah,0,137668,4553096,Cash,Sales - IBC Tanks
2024-12-21,Invoice steel drums,TCS Courier,0,160652,-13274758,Cash,Sales - Steel Drums
2024-12-21,Paper stock,Pakistan Drunms Co,12441,0,8507165,Bank,Office Supplies
2024-12-21,IBC tank sale,Bank Al Falah,0,456849,8330527,Cash,Sales - IBC Tanks
2024-12-21,Drum repair materials,Punjab Chemicals,34147,0,-22972990,Cash,Refurbishing Costs
2024-12-21,Montjhly warehouse rent,City Freight,53441,0,-21521402,Bank,Rent
2024-12-21,Paper stock,Metro Traders,13185,0,-19288899,Cash,Office Supplies
2024-12-21,Printer ink,TCS Courier,10588,0,-6743079,Cash,Office Supplies
2024-12-22,Customer payment ptlastic drums,HTG Petro,0,48782,-18725430,Cash,Sales - Plastic Drums
2024-12-22,Reconditioning expense,pakistan drumsk co,44947,0,-21521573,Bank,Refurbishing Costs
2024-12-22,Monthly warehouse rent,Walk-in Customer,27941,0,-1068959,Bank,Rent
2024-12-22,steel drums received,Habib Bank,690767,0,-19069790,Cash,Purchases - Steel Drums
2024-12-22,Online transfer fee,Al-Baraka Bank,1292,0,-3260686,Bank,Bank Charges
2024-12-22,online transfer fee,City Frebight,4356,0,1890555,Bank,Bank Charges
2024-12-22,Truck hire drums,TCS Courier,19456,0,-6522707,Bank,Freight & Conveyance
2024-12-22,Bank commission,Local Supplier,3242,0,-21067153,Bank,Bank Charges
2024-12-22,Bank service charges,Pakistan Drums Co,3250,0,-14871630,Cash,Bank Charges
2024-12-22,Drum repair maaterials,Habib Bank,22017,0,-19840427,Cash,Refurbishing Costs
2024-12-22,truck hire drums,Regular Client,11958,0,-21822610,Cash,Freight & Conveyance
2024-12-22,Plastic drum procuremuent,Pakistan Drums Co,182172,0,-16225311,Cash,Purchases - Plastic Drums
2024-12-22,Truck hire drums,M Ehtisham,58710,0,-21195860,Bank,Freight & Conveyance
2024-12-23,IBC tanks dispavtched,Bank Al Falajh,0,284516,-18787532,Cash,Sales - IBC Tanks
2024-12-23,Bought IBC tanks HTG Petro,TCS Courier,690567,0,-22040491,Cash,Purchases - IBC Tanks
2024-12-23,Steel drum sale,City Freight,0,242711,2850717,Cash,Sales - Steel Drums
2024-12-23,Bank commission,Metro Traders,1533,0,-19539119,Cash,Bank Charges
2024-12-23,Electricity bill,City Freight,17162,0,-13554060,Cash,Utilities
2024-12-23,Pxhone bill,Regular Client,17634,0,-19735690,Cash,Utilities
2024-12-23,Paint and coating drums,Local Supplier,77617,0,-22082370,Cash,Refurbishing Costs
2024-12-23,Notebook ordenr,M Ehtisham,5151,0,-18434439,Cash,Office Supplies
2024-12-23,Refurbished drum sale,Punjab Chemicals,0,42776,-23311319,Cash,Sales - Refurbished Drums
2024-12-23,Plastic drum procurement,Local Supplier,43471,0,-17100034,Bank,Purchases - Plastic Drums
2024-12-23,Plastic drum sale,M Ehtisham,0,115045,-73720,Cash,Sales - Plastic Drums
2024-12-23,Reconditioning expense,Local Supplier,78236,0,7876635,Cash,Refurbishing Costs
2024-12-23,IBC tanks dispatched,HTG Petro,0,737845,-23552788,Bank,Sales - IBC Tanks
2024-12-23,Phone bill,Walk-in Customer,18895,0,5368885,Bank,Utilities
2024-12-23,Electricity bill,Punjab Chemicals,8148,0,6363371,Cash,Utilities
2024-12-23,Refurbished steel drums invoice,HTG Petro,0,54961,7825888,Bank,Sales - Refurbished Drums
2024-12-23,Transport expense,Regular Client,57027,0,-10692139,Bank,Freight & Conveyance
2024-12-24,Freight charges,Al-Baraka Bank,48471,0,-9808575,Bank,Freight & Conveyance
2024-12-24,Shop rent,Mp Ehtisham,75397,0,-10605833,Cash,Rent
2024-12-24,office rent,lHabib Bank,72337,0,5152841,Cash,Rent
2024-12-24,Prinrter ink,Habib Bank,5060,0,-21773588,Cash,Office Supplies
2024-12-24,Steel drums received,Al-Bahraka Bank,683560,0,-25772932,Bank,Purchases - Steel Drums
2024-12-24,bank commission,Regulyar Client,4269,0,-22548371,Cash,Bank Charges
2024-12-24,Paper stock,m ehthisham,8274,0,2941481,Bank,Office Supplies
2024-12-24,Drum refurbishing labour,Regular Client,40567,0,-4726673,Bank,Refurbishing Costs
2024-12-24,Bought plastic drums,Al-Baraka Bank,182919,0,-3300934,Bank,Purchases - Plastic Drums
2024-12-24,Purchase steel drums,Meezan Bank,404153,0,-21080433,Bank,Purchases - Steel Drums
2024-12-24,Truck hire drums,Punjab Chemicals,7506,0,-5917764,Cash,Freight & Conveyance
2024-12-24,Bank commission,Bank Al Falah,2491,0,-19031534,Bank,Bank Charges
2024-12-24,Waterf bill,HTGs Petro,16598,0,-9231348,Bank,Utilities
2024-12-24,Invoiyce plastic drums,Meezan Bank,0,149803,-20381141,Cash,Sales - Plastic Drums
2024-12-25,Bank commission,City Freight,2129,0,4243581,Cash,Bank Charges
2024-12-25,Purchase steel drums,Al-Baraka Bank,748445,0,-4289008,Cash,Purchases - Steel Drums
2024-12-25,Invoice plastic drums,HTG Petro,0,91802,7949230,Cash,Sales - Plastic Drums
2024-12-25,IBC tank procurement,Meezan Bank,179843,0,-19387712,Bank,Purchases - IBC Tanks
2024-12-25,Sold reconditioned drums,Habib Bank,0,143343,-22033233,Cash,Sales - Refurbished Drums
2024-12-25,Office furniture,Regular Client,9882,0,-22972797,Cash,Office Supplies
2024-12-25,Petty cash expense,Meezan Bank,6749,0,-22127541,Cash,Miscellaneous
2024-12-25,Phone bill,City Freight,2028,0,-4456246,Cash,Utilities
2024-12-25,IBC tank sale,TCS Courier,0,288372,-5199758,Bank,Sales - IBC Tanks
2024-12-25,Sundry charges,Local Supplier,1124,0,504241,Bank,Miscellaneous
2024-12-25,Paint and coatirng drums,Walk-in Customer,61241,0,2152266,Cash,Refurbishing Costs
2024-12-25,Water bill,Meezan Bank,14549,0,-20744573,Cash,Utilities
2024-12-25,Stationery purchase,Metro Traders,12177,0,2942828,Bank,Office Supplies
2024-12-25,Customer IBC payment,Punjab Chemicals,0,453125,-19938478,Bank,Sales - IBC Tanks
2024-12-25,Transport expense,Regular Cliejnt,56219,0,-22141336,Cash,Freight & Conveyance
2024-12-25,Transport expense,City Frheight,54843,0,-17724729,Bank,Freight & Conveyance
2024-12-25,Sold plastic drums,metro traders,0,156215,-6422090,Bank,Sales - Plastic Drums
2024-12-25,IBC tanks dispatched,pakistan drums co,0,785778,-24104179,Bank,Sales - IBC Tanks
2024-12-25,Drum repair materials,TCS Courier,17535,0,-21801003,Bank,Refurbishing Costs
2024-12-25,Bought IBC tanks HTG Petro,Regular Client,378150,0,7890799,Bank,Purchases - IBC Tanks
2024-12-26,Shopq rent,Meezan Bank,50092,0,-24456102,Cash,Rent
2024-12-26,Customer pickup steel drums,Pakistan Drums Co,0,780372,1878361,Cash,Sales - Steel Drums
2024-12-26,Sold reconditioned drums,Al-Baraka Bank,0,141455,-18983337,Bank,Sales - Refurbished Drums
2024-12-26,Electricity bill,Regular Client,4681,0,-14575511,Cash,Utilities
2024-12-26,drum repair materials,Walk-in Customer,67729,0,-11573292,Bank,Refurbishing Costs
2024-12-26,Refurbished steel drums invoice,City Freighvt,0,98349,-918391,Cash,Sales - Refurbished Drums
2024-12-26,Reconditioned barrel sale,Metro Traders,0,142931,-962631,Bank,Sales - Refurbished Drums
2024-12-26,Electricity bill,Pakistan Drums Co,15321,0,7805689,Cash,Utilities
2024-12-26,Sold reconditioned drums,Pakistan Drums Co,0,25182,2763255,Bank,Sales - Refurbished Drums
2024-12-26,lDrums conveyance,Meezan Bank,32649,0,-22972781,Cash,Freight & Conveyance
2024-12-26,Invoice steel drums,Walk-in Customer,0,178468,5547882,Bank,Sales - Steel Drums
2024-12-26,IBC small tank invoice,Local Supplier,0,793985,-8056327,Cash,Sales - IBC Tanks
2024-12-26,Bank service charges,Pakistan Drums Co,4353,0,-85360,Bank,Bank Charges
2024-12-26,Invodice plastic drums,City Freight,0,114165,-15679682,Bank,Sales - Plastic Drums
2024-12-27,Drum repair materials,TCS Couriedr,10187,0,-12845349,Cash,Refurbishing Costs
2024-12-27,Bought plastic drums,Bank Al Falah,64875,0,-13756507,Bank,Purchases - Plastic Drums
2024-12-27,Delivery charges,HTG Petro,22002,0,-21816707,Cash,Freight & Conveyance
2024-12-27,Invoice steel drums,meezan bank,0,138659,2213507,Bank,Sales - Steel Drums
2024-12-27,Plastic drum sale,City Freight,0,35190,-19216251,Cash,Sales - Plastic Drums
2024-12-27,Refurbished steel drums invoice,HTG Petro,0,57936,774895,Bank,Sales - Refurbished Drums
2024-12-27,Invoice steel drums,Metro Traders,0,104481,-22895089,Cash,Sales - Steel Drums
2024-12-27,Steel drum procaurement,TCS Courier,621710,0,7075915,Cash,Purchases - Steel Drums
2024-12-28,Paper stock,Local Supplier,9233,0,7294608,Bank,Office Supplies
2024-12-28,Purchase steel drums,Al-Baraka Bank,337788,0,-19018295,Cash,Purchases - Steel Drums
2024-12-28,Steel drums received,Al-Baraka Bank,336273,0,-13047108,Bank,Purchases - Steel Drums
2024-12-28,Plastic drums delivered,Metro Traders,0,184791,-13897714,Bank,Sales - Plastic Drums
2024-12-28,Gas charges,Punjab Chemicals,7904,0,-23594008,Cash,Utilities
2024-12-28,Notebook order,Habib Bank,7879,0,490430,Bank,Office Supplies
2024-12-28,Refurbished steel drums invoice,Pakistan Drums Co,0,91862,-22090776,Cash,Sales - Refurbished Drums
2024-12-28,Storage rent paid,M Ehtisham,31440,0,-20985396,Bank,Rent
2024-12-28,Sold plastic drums,local supplier,0,136506,8500160,Bank,Sales - Plastic Drums
2024-12-28,Sold IBC tanks,Bank Al Falah,0,599546,2467269,Cash,Sales - IBC Tanks
2024-12-28,Steel drums dispatched,Local Supplier,0,477875,-20524383,Cash,Sales - Steel Drums
2024-12-28,Blank commission,Habib Bank,634,0,2453756,Bank,Bank Charges
2024-12-29,Bank service charges,Bank Al Falah,2648,0,-15737803,Bank,Bank Charges
2024-12-29,Drums conveyance,City Freight,23050,0,-12058154,Bank,Freight & Conveyance
2024-12-29,Gosdown rent,tcs courier,76434,0,-19865100,Bank,Rent
2024-12-29,Sold plastic drums,Punjab Chemicals,0,77366,-14333654,Bank,Sales - Plastic Drums
2024-12-29,Customer payment plastic drums,Al-Baraka Bank,0,42464,401751,Bank,Sales - Plastic Drums
2024-12-29,Customer payment plastic drums,Local Supplier,0,37151,-19478425,Bank,Sales - Plastic Drums
2024-12-29,Bought plastic drums,Meezan Bank,138475,0,-18872408,Cash,Purchases - Plastic Drums
2024-12-30,Notebook order,Walk-in Customer,5693,0,-9705788,Cash,Office Supplies
2024-12-30,Plastic drum sale,Habib Bank,0,98029,-19375818,Cash,Sales - Plastic Drums
2024-12-30,Printer ink,regular client,11037,0,-19074663,Bank,Office Supplies
2024-12-30,Electricity bill,Regultar Client,16332,0,-23822685,Cash,Utilities
2024-12-30,Delivery charges,localy supplier,17155,0,2799678,Cash,Freight & Conveyance
2024-12-30,IBC small tank invoice,Bank Al Falah,0,548579,6323421,Cash,Sales - IBC Tanks
2024-12-30,kGodown rent,HTG Petro,48089,0,-11319663,Cash,Rent
2024-12-30,Petty cash evxpense,Regular Client,5094,0,7671971,Cash,Miscellaneous
2024-12-30,steel drum procurement,TChS Courier,730380,0,6922919,Bank,Purchases - Steel Drums
2024-12-30,Water bill,M Ehtisham,18169,0,-21002031,Bank,Utilities
2024-12-30,Sold reconditioned drums,Punjab Chemicals,0,62121,-22174513,Cash,Sales - Refurbished Drums
2024-12-30,Freight charges,M Ehtizsham,56964,0,5037789,Bank,Freight & Conveyance
2024-12-30,Truck hire drums,Punjab Chemicals,44812,0,-1875997,Bank,Freight & Conveyance
2024-12-30,General expense,TCS Courier,609,0,350741,Bank,Miscellaneous
2024-12-30,Customer IBC payment,Bank Al Falah,0,777937,-20833960,Bank,Sales - IBC Tanks
2024-12-30,Water bilel,Pzunjab Chemicals,19129,0,-23303585,Bank,Utilities
2024-12-31,Monthly warehouse rent,Metro Traders,34394,0,-18680507,Bank,Rent
2024-12-31,Onlinme transfer fee,Pakistan Drums Co,3781,0,5173544,Cash,Bank Charges
2024-12-31,Petty cash expense,Punjab Chemicals,9593,0,-14813584,Cash,Miscellaneous
2024-12-31,Monthly warehouse rent,Habib Bank,70689,0,-21681826,Cash,Rent
2024-12-31,Shop rent,Walk-in Customer,64512,0,-202682,Cash,Rent
2024-12-31,Petty cash expense,City Freight,9762,0,-27184749,Bank,Miscellaneous
2024-12-31,Paper stock,Local Supplier,12393,0,-22732153,Cash,Office Supplies
2024-12-31,Gas charges,M Ehtisham,12641,0,-10935801,Cash,Utilities
2024-12-31,Sundry charges,Metro Traders,7012,0,4772459,Bank,Miscellaneous
2024-12-31,IBC tanks received bill,Local Supplier,467135,0,-21236309,Cash,Purchases - IBC Tanks
2024-12-31,IBC tank sale,Pakistan Drums Co,0,515836,-6571799,Bank,Sales - IBC Tanks
2024-12-31,Water bill,HTG Petro,9913,0,-10304935,Cash,Utilities
2024-12-31,Water bill,Al-Baraka Bank,19517,0,-18287547,Bank,Utilities
2024-12-31,Water bill,Regular Client,6283,0,-14880525,Bank,Utilities
2024-12-31,bought steel drums htg petro,Pakfistan Drums Co,318778,0,-18822746,Bank,Purchases - Steel Drums
2024-12-31,IBC tanks dispatched,Regular Client,0,734819,-21613525,Cash,Sales - IBC Tanks
2024-01-05,Monthly salary payment to factory workers,Staff Payroll,65000,0,0,Bank,Labour & Wages
2024-01-20,Daily labour charges for drum loading,Casual Labour,28000,0,0,Cash,Labour & Wages
2024-02-01,Worker wages for January,Staff Payroll,72000,0,0,Bank,Labour & Wages
2024-02-15,Overtime wages paid to production staff,Factory Workers,34000,0,0,Cash,Labour & Wages
2024-03-01,Monthly salary disbursement,Staff Payroll,68000,0,0,Bank,Labour & Wages
2024-03-18,Daily wage workers for warehouse shifting,Casual Labour,25000,0,0,Cash,Labour & Wages
2024-04-01,Worker pay for March production,Factory Workers,79000,0,0,Bank,Labour & Wages
2024-04-22,Labour charges for drum unloading,Daily Labour,31000,0,0,Cash,Labour & Wages
2024-01-01,Office rent for January,Al-Kareem Properties,85000,0,0,Bank,Rent
2024-02-01,Warehouse rent February,City Storage Solutions,110000,0,0,Bank,Rent
2024-03-01,Monthly office and storage rent,Al-Kareem Properties,85000,0,0,Bank,Rent
2024-04-01,Warehouse rent April,City Storage Solutions,110000,0,0,Bank,Rent
2024-05-01,Storage facility rent May,Metro Warehousing,95000,0,0,Bank,Rent
2024-06-01,Office premises rent June,Al-Kareem Properties,85000,0,0,Bank,Rent
2024-07-01,Warehouse and yard rent July,City Storage Solutions,115000,0,0,Bank,Rent
2024-08-01,Monthly warehouse rent,Metro Warehousing,95000,0,0,Bank,Rent
2024-01-07,Electricity bill payment,LESCO,8500,0,0,Bank,Utilities
2024-02-07,Monthly electricity charges,LESCO,9200,0,0,Bank,Utilities
2024-03-06,Gas bill for factory,SNGPL,4500,0,0,Bank,Utilities
2024-04-08,Electricity bill April,LESCO,7800,0,0,Bank,Utilities
2024-05-09,Internet and telephone charges,PTCL,3200,0,0,Bank,Utilities
2024-06-07,Electricity charges June,LESCO,11000,0,0,Bank,Utilities
2024-07-08,Water charges and sewerage,WASA,3800,0,0,Bank,Utilities
2024-08-07,Monthly electricity bill,LESCO,13500,0,0,Bank,Utilities
2024-01-15,Bank service charges,HBL,1200,0,0,Bank,Bank Charges
2024-02-12,Transaction fee on RTGS transfer,HBL,800,0,0,Bank,Bank Charges
2024-03-14,Monthly bank commission,MCB Bank,1500,0,0,Bank,Bank Charges
2024-04-10,Bank processing fee,HBL,950,0,0,Bank,Bank Charges
2024-05-13,Service charges on account,MCB Bank,1200,0,0,Bank,Bank Charges
2024-06-11,Bank transaction charges,HBL,750,0,0,Bank,Bank Charges
2024-07-15,Cheque book and banking fees,MCB Bank,500,0,0,Bank,Bank Charges
2024-08-14,Bank commission on transfers,HBL,2200,0,0,Bank,Bank Charges
2024-01-10,Drum cleaning and washing charges,Al-Hassan Cleaners,18000,0,0,Cash,Refurbishing Costs
2024-02-08,Steel drum repair and welding,Karachi Metal Works,35000,0,0,Cash,Refurbishing Costs
2024-03-12,Drum refurbishment batch charges,Al-Hassan Cleaners,22000,0,0,Cash,Refurbishing Costs
2024-04-15,Drum painting and surface treatment,City Painters,28000,0,0,Cash,Refurbishing Costs
2024-05-10,Reconditioning cost for IBC tanks,Metal Reconditioners,39000,0,0,Cash,Refurbishing Costs
2024-06-14,Drum cleaning chemicals and labour,Al-Hassan Cleaners,15000,0,0,Cash,Refurbishing Costs
2024-07-09,Barrel repair and pressure testing,Karachi Metal Works,32000,0,0,Cash,Refurbishing Costs
2024-08-11,Drum refurbishment and quality check,Metal Reconditioners,24000,0,0,Cash,Refurbishing Costs
2024-01-25,Miscellaneous office expenses,General,3500,0,0,Cash,Miscellaneous
2024-02-20,Sundry expenses for factory,General,5200,0,0,Cash,Miscellaneous
2024-03-22,General maintenance charges,General,7800,0,0,Cash,Miscellaneous
2024-04-18,Miscellaneous business expenses,General,2500,0,0,Cash,Miscellaneous
2024-05-25,Sundry expenses miscellaneous,General,4100,0,0,Cash,Miscellaneous
2024-06-21,General expense for operations,General,6500,0,0,Cash,Miscellaneous
2024-07-23,Miscellaneous charges sundry,General,1800,0,0,Cash,Miscellaneous
2024-08-20,Petty cash and sundry expenses,General,9500,0,0,Cash,Miscellaneous
